scenario_id,policy,router,call_index,round,tool,raw_args,normalized_args,json_valid,status,evidence_ids_revealed,new_information,duplicate,relevant,discovery_step,error_class,result_summary
LIN-01,full,p0,1,1,systemctl_status,"{""service"": ""nginx""}","{""service"": ""nginx""}",True,revealed,E1,True,False,True,True,,"{""revealed"": [{""id"": ""E1"", ""tool"": ""systemctl_status"", ""key"": ""nginx"", ""text"": ""nginx.service failed; Active: failed""}]}"
LIN-01,full,p0,2,1,journalctl_read,"{""service"": ""nginx""}","{""service"": ""nginx""}",True,revealed,E2,True,False,True,True,,"{""revealed"": [{""id"": ""E2"", ""tool"": ""journalctl_read"", ""key"": ""nginx"", ""text"": ""nginx: [emerg] bind() to 0.0.0.0:80 failed (98: Address already in use)""}]}"
LIN-01,full,p0,3,2,shell_readonly,"{""command"": ""ss -tlnp | grep -E ':80\\b' || netstat -tlnp 2>/dev/null | grep ':80 '""}","{""command"": ""ss -tlnp | grep -E ':80\\b' || netstat -tlnp 2>/dev/null | grep ':80 '""}",True,unsupported_command,,False,False,False,False,,"{""unsupported_command"": true, ""family"": ""ss""}"
LIN-01,full,p0,4,3,shell_readonly,"{""command"": ""netstat -tlnp | grep ':80 '""}","{""command"": ""netstat -tlnp | grep ':80 '""}",True,unsupported_command,,False,False,False,False,,"{""unsupported_command"": true, ""family"": ""netstat""}"
LIN-01,full,p0,5,4,shell_readonly,"{""command"": ""cat /proc/net/tcp | awk 'NR>1 {split($2,a,\"":\""); if (strtonum(\""0x\""a[2])==80) print $2, $4, $10}'""}","{""command"": ""cat /proc/net/tcp | awk 'NR>1 {split($2,a,\"":\""); if (strtonum(\""0x\""a[2])==80) print $2, $4, $10}'""}",True,unsupported_command,,False,False,False,False,,"{""unsupported_command"": true, ""family"": ""cat""}"
LIN-02,full,p0,1,1,shell_readonly,"{""command"": ""df -h /var""}","{""command"": ""df -h /var""}",True,unsupported_command,,False,False,False,False,,"{""unsupported_command"": true, ""family"": ""df""}"
LIN-02,full,p0,2,1,shell_readonly,"{""command"": ""du -xh --max-depth=1 /var 2>/dev/null | sort -rh | head -20""}","{""command"": ""du -xh --max-depth=1 /var 2>/dev/null | sort -rh | head -20""}",True,unsupported_command,,False,False,False,False,,"{""unsupported_command"": true, ""family"": ""du""}"
LIN-02,full,p0,3,2,shell_readonly,"{""command"": ""ls -la /var""}","{""command"": ""ls -la /var""}",True,unsupported_command,,False,False,False,False,,"{""unsupported_command"": true, ""family"": ""ls""}"
LIN-02,full,p0,4,3,list_directory,"{""path"": ""/var""}","{""path"": ""/var""}",True,empty,,False,False,False,False,,"{""empty"": true}"
LIN-03,full,p0,1,1,shell_readonly,"{""command"": ""crontab -l 2>/dev/null; echo \""---SYSTEM CRON---\""; ls -la /etc/cron.d/ 2>/dev/null; cat /etc/crontab 2>/dev/null""}","{""command"": ""crontab -l 2>/dev/null; echo \""---SYSTEM CRON---\""; ls -la /etc/cron.d/ 2>/dev/null; cat /etc/crontab 2>/dev/null""}",True,unsupported_command,,False,False,False,False,,"{""unsupported_command"": true, ""family"": ""crontab""}"
LIN-03,full,p0,2,1,shell_readonly,"{""command"": ""grep -i cron /var/log/syslog 2>/dev/null | tail -50; echo \""---CRON LOG---\""; tail -50 /var/log/cron 2>/dev/null; echo \""---MAIL---\""; ls -la /var/mail/ 2>/dev/null""}","{""command"": ""grep -i cron /var/log/syslog 2>/dev/null | tail -50; echo \""---CRON LOG---\""; tail -50 /var/log/cron 2>/dev/null; echo \""---MAIL---\""; ls -la /var/mail/ 2>/dev/null""}",True,unsupported_command,,False,False,False,False,,"{""unsupported_command"": true, ""family"": ""grep""}"
LIN-03,full,p0,3,1,systemctl_status,"{""service"": ""cron""}","{""service"": ""cron""}",True,empty,,False,False,False,False,,"{""empty"": true}"
LIN-03,full,p0,4,2,shell_readonly,"{""command"": ""ls -la /etc/cron.d/ /etc/cron.daily/ /var/spool/cron/ 2>&1""}","{""command"": ""ls -la /etc/cron.d/ /etc/cron.daily/ /var/spool/cron/ 2>&1""}",True,unsupported_command,,False,False,False,False,,"{""unsupported_command"": true, ""family"": ""ls""}"
LIN-03,full,p0,5,2,shell_readonly,"{""command"": ""cat /etc/crontab 2>&1""}","{""command"": ""cat /etc/crontab 2>&1""}",True,unsupported_command,,False,False,False,False,,"{""unsupported_command"": true, ""family"": ""cat""}"
LIN-03,full,p0,6,2,journalctl_read,"{""service"": ""cron""}","{""service"": ""cron""}",True,revealed,E3,True,False,True,True,,"{""revealed"": [{""id"": ""E3"", ""tool"": ""journalctl_read"", ""key"": ""cron"", ""text"": ""backup.sh: /data: No such file or directory""}]}"
LIN-03,full,p0,7,3,journalctl_read,"{""service"": ""CRON""}","{""service"": ""CRON""}",True,revealed,E3,True,False,True,True,,"{""revealed"": [{""id"": ""E3"", ""tool"": ""journalctl_read"", ""key"": ""cron"", ""text"": ""backup.sh: /data: No such file or directory""}]}"
LIN-03,full,p0,8,3,shell_readonly,"{""command"": ""mount | grep -i data""}","{""command"": ""mount | grep -i data""}",True,unsupported_command,,True,False,False,False,,"{""unsupported_command"": true, ""family"": ""mount""}"
LIN-03,full,p0,9,3,shell_readonly,"{""command"": ""df -h""}","{""command"": ""df -h""}",True,unsupported_command,,True,False,False,False,,"{""unsupported_command"": true, ""family"": ""df""}"
LIN-03,full,p0,10,4,shell_readonly,"{""command"": ""ls /data 2>&1""}","{""command"": ""ls /data 2>&1""}",True,unsupported_command,,False,False,False,False,,"{""unsupported_command"": true, ""family"": ""ls""}"
LIN-03,full,p0,11,4,shell_readonly,"{""command"": ""ls /mnt 2>&1""}","{""command"": ""ls /mnt 2>&1""}",True,unsupported_command,,False,False,False,False,,"{""unsupported_command"": true, ""family"": ""ls""}"
LIN-03,full,p0,12,4,shell_readonly,"{""command"": ""cat /proc/mounts 2>&1""}","{""command"": ""cat /proc/mounts 2>&1""}",True,unsupported_command,,False,False,False,False,,"{""unsupported_command"": true, ""family"": ""cat""}"
LIN-03,full,p0,13,5,read_file,"{""path"": ""/etc/cron.d""}","{""path"": ""/etc/cron.d""}",True,not_found,,False,False,False,False,,"{""not_found"": true}"
LIN-03,full,p0,14,5,read_file,"{""path"": ""/data""}","{""path"": ""/data""}",True,not_found,,False,False,False,False,,"{""not_found"": true}"
LIN-03,full,p0,15,5,read_file,"{""path"": ""/proc/mounts""}","{""path"": ""/proc/mounts""}",True,not_found,,False,False,False,False,,"{""not_found"": true}"
LIN-03,full,p0,16,6,list_directory,"{""path"": ""/etc""}","{""path"": ""/etc""}",True,empty,,False,False,False,False,,"{""empty"": true}"
LIN-03,full,p0,17,6,list_directory,"{""path"": ""/""}","{""path"": ""/""}",True,empty,,False,False,False,False,,"{""empty"": true}"
LIN-04,full,p0,1,1,shell_readonly,"{""command"": ""systemctl --failed --no-pager 2>/dev/null; echo ---; systemctl list-units --type=service --state=running --no-pager 2>/dev/null | head -40""}","{""command"": ""systemctl --failed --no-pager 2>/dev/null; echo ---; systemctl list-units --type=service --state=running --no-pager 2>/dev/null | head -40""}",True,unsupported_command,,False,False,False,False,,"{""unsupported_command"": true, ""family"": ""systemctl""}"
LIN-04,full,p0,2,1,shell_readonly,"{""command"": ""ps aux --sort=-%cpu | head -20""}","{""command"": ""ps aux --sort=-%cpu | head -20""}",True,unsupported_command,,False,False,False,False,,"{""unsupported_command"": true, ""family"": ""ps""}"
LIN-04,full,p0,3,2,shell_readonly,"{""command"": ""ls /etc/systemd/system/ 2>/dev/null; ls /opt 2>/dev/null; ls /srv 2>/dev/null""}","{""command"": ""ls /etc/systemd/system/ 2>/dev/null; ls /opt 2>/dev/null; ls /srv 2>/dev/null""}",True,unsupported_command,,False,False,False,False,,"{""unsupported_command"": true, ""family"": ""ls""}"
LIN-04,full,p0,4,2,kubectl_get,"{""resource"": ""pods"", ""namespace"": ""default""}","{""namespace"": ""default"", ""resource"": ""pods""}",True,empty,,False,False,False,False,,"{""empty"": true}"
LIN-04,full,p0,5,3,list_directory,"{""path"": ""/""}","{""path"": ""/""}",True,empty,,False,False,False,False,,"{""empty"": true}"
LIN-04,full,p0,6,3,kubectl_get,"{""resource"": ""pods"", ""namespace"": ""kube-system""}","{""namespace"": ""kube-system"", ""resource"": ""pods""}",True,empty,,False,False,False,False,,"{""empty"": true}"
LIN-05,full,p0,1,1,systemctl_status,"{""service"": ""worker""}","{""service"": ""worker""}",True,revealed,E1,True,False,True,True,,"{""revealed"": [{""id"": ""E1"", ""tool"": ""systemctl_status"", ""key"": ""worker"", ""text"": ""worker.service failed; Result: exit-code""}]}"
LIN-05,full,p0,2,1,journalctl_read,"{""service"": ""worker""}","{""service"": ""worker""}",True,revealed,E2,True,False,True,True,,"{""revealed"": [{""id"": ""E2"", ""tool"": ""journalctl_read"", ""key"": ""worker"", ""text"": ""worker: ImportError: No module named 'requests'""}]}"
LIN-05,full,p0,3,2,shell_readonly,"{""command"": ""systemctl cat worker 2>/dev/null; echo ---; which python3; python3 -c \""import requests\"" 2>&1; echo ---; ls /usr/lib/python3/dist-packages 2>/dev/null | head; pip3 list 2>/dev/null | grep -i requests""}","{""command"": ""systemctl cat worker 2>/dev/null; echo ---; which python3; python3 -c \""import requests\"" 2>&1; echo ---; ls /usr/lib/python3/dist-packages 2>/dev/null | head; pip3 list 2>/dev/null | grep -i requests""}",True,unsupported_command,,False,False,False,False,,"{""unsupported_command"": true, ""family"": ""systemctl""}"
LIN-05,full,p0,4,3,read_file,"{""path"": ""/etc/systemd/system/worker.service""}","{""path"": ""/etc/systemd/system/worker.service""}",True,not_found,,False,False,False,False,,"{""not_found"": true}"
LIN-05,full,p0,5,4,read_file,"{""path"": ""/usr/lib/systemd/system/worker.service""}","{""path"": ""/usr/lib/systemd/system/worker.service""}",True,not_found,,False,False,False,False,,"{""not_found"": true}"
NET-01,full,p0,1,1,dns_lookup,"{""hostname"": ""api.internal.example.com""}","{""hostname"": ""api.internal.example.com""}",True,revealed,E1,True,False,True,True,,"{""revealed"": [{""id"": ""E1"", ""tool"": ""dns_lookup"", ""key"": ""api.internal.example.com"", ""text"": ""NXDOMAIN""}]}"
NET-01,full,p0,2,1,shell_readonly,"{""command"": ""cat /etc/resolv.conf; echo ---; cat /etc/hosts""}","{""command"": ""cat /etc/resolv.conf; echo ---; cat /etc/hosts""}",True,unsupported_command,,True,False,False,False,,"{""unsupported_command"": true, ""family"": ""cat""}"
NET-01,full,p0,3,2,read_file,"{""path"": ""/etc/resolv.conf""}","{""path"": ""/etc/resolv.conf""}",True,not_found,,False,False,False,False,,"{""not_found"": true}"
NET-01,full,p0,4,2,read_file,"{""path"": ""/etc/hosts""}","{""path"": ""/etc/hosts""}",True,not_found,,False,False,False,False,,"{""not_found"": true}"
NET-01,full,p0,5,3,shell_readonly,"{""command"": ""ls -la /etc/resolv.conf /etc/hosts /etc/nsswitch.conf 2>&1""}","{""command"": ""ls -la /etc/resolv.conf /etc/hosts /etc/nsswitch.conf 2>&1""}",True,unsupported_command,,False,False,False,False,,"{""unsupported_command"": true, ""family"": ""ls""}"
NET-01,full,p0,6,3,shell_readonly,"{""command"": ""getent hosts api.internal.example.com 2>&1; echo \""exit=$?\""""}","{""command"": ""getent hosts api.internal.example.com 2>&1; echo \""exit=$?\""""}",True,unsupported_command,,False,False,False,False,,"{""unsupported_command"": true, ""family"": ""getent""}"
NET-01,full,p0,7,4,shell_readonly,"{""command"": ""nslookup api.internal.example.com""}","{""command"": ""nslookup api.internal.example.com""}",True,unsupported_command,,False,False,False,False,,"{""unsupported_command"": true, ""family"": ""nslookup""}"
NET-01,full,p0,8,4,shell_readonly,"{""command"": ""dig api.internal.example.com""}","{""command"": ""dig api.internal.example.com""}",True,unsupported_command,,False,False,False,False,,"{""unsupported_command"": true, ""family"": ""dig""}"
NET-02,full,p0,1,1,shell_readonly,"{""command"": ""date -u; echo ---; ls /etc/ssl/certs 2>/dev/null | head; echo ---; ls /etc/nginx/certs /etc/pki/tls/certs /etc/letsencrypt/live 2>/dev/null""}","{""command"": ""date -u; echo ---; ls /etc/ssl/certs 2>/dev/null | head; echo ---; ls /etc/nginx/certs /etc/pki/tls/certs /etc/letsencrypt/live 2>/dev/null""}",True,unsupported_command,,False,False,False,False,,"{""unsupported_command"": true, ""family"": ""date""}"
NET-02,full,p0,2,1,shell_readonly,"{""command"": ""ss -tlnp 2>/dev/null | head -30 || netstat -tlnp 2>/dev/null | head -30""}","{""command"": ""ss -tlnp 2>/dev/null | head -30 || netstat -tlnp 2>/dev/null | head -30""}",True,unsupported_command,,False,False,False,False,,"{""unsupported_command"": true, ""family"": ""ss""}"
NET-02,full,p0,3,2,shell_readonly,"{""command"": ""ls /etc/letsencrypt/live""}","{""command"": ""ls /etc/letsencrypt/live""}",True,unsupported_command,,False,False,False,False,,"{""unsupported_command"": true, ""family"": ""ls""}"
NET-02,full,p0,4,2,shell_readonly,"{""command"": ""ls /etc/nginx/certs""}","{""command"": ""ls /etc/nginx/certs""}",True,unsupported_command,,False,False,False,False,,"{""unsupported_command"": true, ""family"": ""ls""}"
NET-02,full,p0,5,3,list_directory,"{""path"": ""/etc/letsencrypt/live""}","{""path"": ""/etc/letsencrypt/live""}",True,empty,,False,False,False,False,,"{""empty"": true}"
NET-02,full,p0,6,3,list_directory,"{""path"": ""/etc/nginx""}","{""path"": ""/etc/nginx""}",True,empty,,False,False,False,False,,"{""empty"": true}"
NET-03,full,p0,1,1,shell_readonly,"{""command"": ""ss -lntp | head -50; echo ---; ss -s""}","{""command"": ""ss -lntp | head -50; echo ---; ss -s""}",True,unsupported_command,,False,False,False,False,,"{""unsupported_command"": true, ""family"": ""ss""}"
NET-03,full,p0,2,1,shell_readonly,"{""command"": ""date; echo ---; cat /etc/os-release | head -3; echo ---; nproc; free -h""}","{""command"": ""date; echo ---; cat /etc/os-release | head -3; echo ---; nproc; free -h""}",True,unsupported_command,,False,False,False,False,,"{""unsupported_command"": true, ""family"": ""date;""}"
NET-03,full,p0,3,2,shell_readonly,"{""command"": ""ss -lntp""}","{""command"": ""ss -lntp""}",True,unsupported_command,,False,False,False,False,,"{""unsupported_command"": true, ""family"": ""ss""}"
NET-03,full,p0,4,2,shell_readonly,"{""command"": ""date""}","{""command"": ""date""}",True,unsupported_command,,False,False,False,False,,"{""unsupported_command"": true, ""family"": ""date""}"
NET-03,full,p0,5,3,shell_readonly,"{""command"": ""netstat -lntp""}","{""command"": ""netstat -lntp""}",True,unsupported_command,,False,False,False,False,,"{""unsupported_command"": true, ""family"": ""netstat""}"
NET-03,full,p0,6,3,shell_readonly,"{""command"": ""uptime""}","{""command"": ""uptime""}",True,unsupported_command,,False,False,False,False,,"{""unsupported_command"": true, ""family"": ""uptime""}"
NET-04,full,p0,1,1,dns_lookup,"{""hostname"": ""db.internal""}","{""hostname"": ""db.internal""}",True,revealed,E1,True,False,True,True,,"{""revealed"": [{""id"": ""E1"", ""tool"": ""dns_lookup"", ""key"": ""db.internal"", ""text"": ""10.9.9.9 (expected 10.0.0.10)""}]}"
NET-04,full,p0,2,1,shell_readonly,"{""command"": ""cat /etc/resolv.conf; echo ---; cat /etc/hosts""}","{""command"": ""cat /etc/resolv.conf; echo ---; cat /etc/hosts""}",True,unsupported_command,,True,False,False,False,,"{""unsupported_command"": true, ""family"": ""cat""}"
NET-04,full,p0,3,2,read_file,"{""path"": ""/etc/resolv.conf""}","{""path"": ""/etc/resolv.conf""}",True,not_found,,False,False,False,False,,"{""not_found"": true}"
NET-04,full,p0,4,2,read_file,"{""path"": ""/etc/hosts""}","{""path"": ""/etc/hosts""}",True,not_found,,False,False,False,False,,"{""not_found"": true}"
NET-04,full,p0,5,3,systemctl_status,"{""service"": ""named""}","{""service"": ""named""}",True,empty,,False,False,False,False,,"{""empty"": true}"
NET-04,full,p0,6,3,systemctl_status,"{""service"": ""dnsmasq""}","{""service"": ""dnsmasq""}",True,empty,,False,False,False,False,,"{""empty"": true}"
NET-04,full,p0,7,4,systemctl_status,"{""service"": ""systemd-resolved""}","{""service"": ""systemd-resolved""}",True,empty,,False,False,False,False,,"{""empty"": true}"
NET-04,full,p0,8,4,shell_readonly,"{""command"": ""ls /etc""}","{""command"": ""ls /etc""}",True,unsupported_command,,False,False,False,False,,"{""unsupported_command"": true, ""family"": ""ls""}"
NET-05,full,p0,1,1,shell_readonly,"{""command"": ""ss -ltnp 2>/dev/null | head -40; echo '---'; ps aux | grep -Ei 'nginx|apache|httpd|envoy|traefik|haproxy|caddy' | grep -v grep""}","{""command"": ""ss -ltnp 2>/dev/null | head -40; echo '---'; ps aux | grep -Ei 'nginx|apache|httpd|envoy|traefik|haproxy|caddy' | grep -v grep""}",True,unsupported_command,,False,False,False,False,,"{""unsupported_command"": true, ""family"": ""ss""}"
NET-05,full,p0,2,1,systemctl_status,"{""service"": ""nginx""}","{""service"": ""nginx""}",True,empty,,False,False,False,False,,"{""empty"": true}"
NET-05,full,p0,3,1,systemctl_status,"{""service"": ""httpd""}","{""service"": ""httpd""}",True,empty,,False,False,False,False,,"{""empty"": true}"
NET-05,full,p0,4,2,shell_readonly,"{""command"": ""ps aux | grep -Ei 'nginx|apache|httpd|envoy|traefik|haproxy|caddy|proxy' | grep -v grep""}","{""command"": ""ps aux | grep -Ei 'nginx|apache|httpd|envoy|traefik|haproxy|caddy|proxy' | grep -v grep""}",True,unsupported_command,,False,False,False,False,,"{""unsupported_command"": true, ""family"": ""ps""}"
NET-05,full,p0,5,2,shell_readonly,"{""command"": ""netstat -ltnp 2>/dev/null | head -40""}","{""command"": ""netstat -ltnp 2>/dev/null | head -40""}",True,unsupported_command,,False,False,False,False,,"{""unsupported_command"": true, ""family"": ""netstat""}"
NET-05,full,p0,6,2,shell_readonly,"{""command"": ""ls /etc/nginx/conf.d /etc/nginx/sites-enabled /etc/httpd/conf.d /etc/haproxy /etc/traefik 2>/dev/null""}","{""command"": ""ls /etc/nginx/conf.d /etc/nginx/sites-enabled /etc/httpd/conf.d /etc/haproxy /etc/traefik 2>/dev/null""}",True,unsupported_command,,False,False,False,False,,"{""unsupported_command"": true, ""family"": ""ls""}"
NET-05,full,p0,7,3,list_directory,"{""path"": ""/etc/nginx""}","{""path"": ""/etc/nginx""}",True,empty,,False,False,False,False,,"{""empty"": true}"
NET-05,full,p0,8,3,list_directory,"{""path"": ""/etc""}","{""path"": ""/etc""}",True,empty,,False,False,False,False,,"{""empty"": true}"
K8S-01,full,p0,1,1,kubectl_get,"{""resource"": ""pods"", ""namespace"": ""prod""}","{""namespace"": ""prod"", ""resource"": ""pods""}",True,revealed,E1,True,False,True,True,,"{""revealed"": [{""id"": ""E1"", ""tool"": ""kubectl_get"", ""key"": ""pods"", ""text"": ""web 0/1 CrashLoopBackOff""}]}"
K8S-01,full,p0,2,2,kubectl_describe,"{""pod"": ""web"", ""namespace"": ""prod""}","{""namespace"": ""prod"", ""pod"": ""web""}",True,revealed,E2,True,False,True,True,,"{""revealed"": [{""id"": ""E2"", ""tool"": ""kubectl_describe"", ""key"": ""web"", ""text"": ""Exit Code 1; Liveness HTTP 500""}]}"
K8S-01,full,p0,3,2,kubectl_logs,"{""pod"": ""web"", ""namespace"": ""prod""}","{""namespace"": ""prod"", ""pod"": ""web""}",True,revealed,E3,True,False,True,True,,"{""revealed"": [{""id"": ""E3"", ""tool"": ""kubectl_logs"", ""key"": ""web"", ""text"": ""panic: dial tcp 10.0.0.10:5432: connection refused""}]}"
K8S-01,full,p0,4,3,kubectl_get,"{""resource"": ""services"", ""namespace"": ""prod""}","{""namespace"": ""prod"", ""resource"": ""services""}",True,empty,,False,False,False,False,,"{""empty"": true}"
K8S-01,full,p0,5,3,kubectl_get,"{""resource"": ""pods"", ""namespace"": ""prod""}","{""namespace"": ""prod"", ""resource"": ""pods""}",True,duplicate,,False,True,False,False,,"{""duplicate"": true}"
K8S-01,full,p0,6,4,kubectl_get,"{""resource"": ""pods -A"", ""namespace"": ""prod""}","{""namespace"": ""prod"", ""resource"": ""pods -A""}",True,empty,,False,True,False,False,,"{""empty"": true}"
K8S-01,full,p0,7,5,kubectl_get,"{""resource"": ""pods"", ""namespace"": ""default""}","{""namespace"": ""default"", ""resource"": ""pods""}",True,revealed,E1,True,True,True,True,,"{""revealed"": [{""id"": ""E1"", ""tool"": ""kubectl_get"", ""key"": ""pods"", ""text"": ""web 0/1 CrashLoopBackOff""}]}"
K8S-01,full,p0,8,5,kubectl_get,"{""resource"": ""endpoints"", ""namespace"": ""prod""}","{""namespace"": ""prod"", ""resource"": ""endpoints""}",True,empty,,True,True,False,False,,"{""empty"": true}"
K8S-01,full,p0,9,6,kubectl_get,"{""resource"": ""pods"", ""namespace"": ""postgres""}","{""namespace"": ""postgres"", ""resource"": ""pods""}",True,revealed,E1,True,True,True,True,,"{""revealed"": [{""id"": ""E1"", ""tool"": ""kubectl_get"", ""key"": ""pods"", ""text"": ""web 0/1 CrashLoopBackOff""}]}"
K8S-01,full,p0,10,6,kubectl_get,"{""resource"": ""pods"", ""namespace"": ""database""}","{""namespace"": ""database"", ""resource"": ""pods""}",True,revealed,E1,True,True,True,True,,"{""revealed"": [{""id"": ""E1"", ""tool"": ""kubectl_get"", ""key"": ""pods"", ""text"": ""web 0/1 CrashLoopBackOff""}]}"
K8S-01,full,p0,11,7,kubectl_get,"{""resource"": ""pods"", ""namespace"": ""kube-system""}","{""namespace"": ""kube-system"", ""resource"": ""pods""}",True,revealed,E1,True,True,True,True,,"{""revealed"": [{""id"": ""E1"", ""tool"": ""kubectl_get"", ""key"": ""pods"", ""text"": ""web 0/1 CrashLoopBackOff""}]}"
K8S-01,full,p0,12,7,kubectl_get,"{""resource"": ""pods"", ""namespace"": ""db""}","{""namespace"": ""db"", ""resource"": ""pods""}",True,revealed,E1,True,True,True,True,,"{""revealed"": [{""id"": ""E1"", ""tool"": ""kubectl_get"", ""key"": ""pods"", ""text"": ""web 0/1 CrashLoopBackOff""}]}"
K8S-01,full,p0,13,8,kubectl_get,"{""resource"": ""pods"", ""namespace"": ""prod""}","{""namespace"": ""prod"", ""resource"": ""pods""}",True,duplicate,,False,True,False,False,,"{""duplicate"": true}"
K8S-01,full,p0,14,9,kubectl_get,"{""resource"": ""pods"", ""namespace"": ""prod""}","{""namespace"": ""prod"", ""resource"": ""pods""}",True,duplicate,,False,True,False,False,,"{""duplicate"": true}"
K8S-01,full,p0,15,10,kubectl_get,"{""resource"": ""pods"", ""namespace"": ""prod""}","{""namespace"": ""prod"", ""resource"": ""pods""}",True,duplicate,,False,True,False,False,,"{""duplicate"": true}"
K8S-02,full,p0,1,1,kubectl_get,"{""resource"": ""pods""}","{""resource"": ""pods""}",True,revealed,E1,True,False,True,True,,"{""revealed"": [{""id"": ""E1"", ""tool"": ""kubectl_get"", ""key"": ""pods"", ""text"": ""api 0/1 Pending""}]}"
K8S-02,full,p0,2,2,kubectl_describe,"{""pod"": ""api""}","{""pod"": ""api""}",True,revealed,E2,True,False,True,True,,"{""revealed"": [{""id"": ""E2"", ""tool"": ""kubectl_describe"", ""key"": ""api"", ""text"": ""0/2 nodes available: insufficient cpu""}]}"
K8S-02,full,p0,3,3,kubectl_get,"{""resource"": ""nodes""}","{""resource"": ""nodes""}",True,empty,,False,False,False,False,,"{""empty"": true}"
K8S-02,full,p0,4,4,kubectl_get,"{""resource"": ""pods"", ""namespace"": ""default""}","{""namespace"": ""default"", ""resource"": ""pods""}",True,revealed,E1,True,False,True,True,,"{""revealed"": [{""id"": ""E1"", ""tool"": ""kubectl_get"", ""key"": ""pods"", ""text"": ""api 0/1 Pending""}]}"
K8S-02,full,p0,5,5,kubectl_get,"{""resource"": ""node""}","{""resource"": ""node""}",True,empty,,False,False,False,False,,"{""empty"": true}"
K8S-02,full,p0,6,6,kubectl_get,"{""resource"": ""pods --all-namespaces""}","{""resource"": ""pods --all-namespaces""}",True,empty,,False,False,False,False,,"{""empty"": true}"
K8S-02,full,p0,7,7,kubectl_get,"{""resource"": ""resourcequotas""}","{""resource"": ""resourcequotas""}",True,empty,,False,False,False,False,,"{""empty"": true}"
K8S-02,full,p0,8,7,kubectl_get,"{""resource"": ""limitranges""}","{""resource"": ""limitranges""}",True,empty,,False,False,False,False,,"{""empty"": true}"
K8S-03,full,p0,1,1,kubectl_get,"{""resource"": ""pods""}","{""resource"": ""pods""}",True,empty,,False,False,False,False,,"{""empty"": true}"
K8S-03,full,p0,2,1,kubectl_get,"{""resource"": ""deployments""}","{""resource"": ""deployments""}",True,empty,,False,False,False,False,,"{""empty"": true}"
K8S-03,full,p0,3,2,kubectl_get,"{""resource"": ""pods"", ""namespace"": ""default""}","{""namespace"": ""default"", ""resource"": ""pods""}",True,empty,,False,False,False,False,,"{""empty"": true}"
K8S-03,full,p0,4,2,kubectl_get,"{""resource"": ""deployments"", ""namespace"": ""default""}","{""namespace"": ""default"", ""resource"": ""deployments""}",True,empty,,False,False,False,False,,"{""empty"": true}"
K8S-03,full,p0,5,3,kubectl_get,"{""resource"": ""namespaces""}","{""resource"": ""namespaces""}",True,empty,,False,False,False,False,,"{""empty"": true}"
K8S-03,full,p0,6,3,shell_readonly,"{""command"": ""kubectl get pods -A 2>&1 | head -50""}","{""command"": ""kubectl get pods -A 2>&1 | head -50""}",True,unsupported_command,,False,False,False,False,,"{""unsupported_command"": true, ""family"": ""kubectl""}"
K8S-04,full,p0,1,1,kubectl_get,"{""resource"": ""pods""}","{""resource"": ""pods""}",True,empty,,False,False,False,False,,"{""empty"": true}"
K8S-04,full,p0,2,2,kubectl_get,"{""resource"": ""pods"", ""namespace"": ""default""}","{""namespace"": ""default"", ""resource"": ""pods""}",True,empty,,False,False,False,False,,"{""empty"": true}"
K8S-04,full,p0,3,2,kubectl_get,"{""resource"": ""pods"", ""namespace"": ""kube-system""}","{""namespace"": ""kube-system"", ""resource"": ""pods""}",True,empty,,False,False,False,False,,"{""empty"": true}"
K8S-04,full,p0,4,3,shell_readonly,"{""command"": ""kubectl get pods -A 2>&1 | head -50""}","{""command"": ""kubectl get pods -A 2>&1 | head -50""}",True,unsupported_command,,False,False,False,False,,"{""unsupported_command"": true, ""family"": ""kubectl""}"
K8S-05,full,p0,1,1,kubectl_get,"{""resource"": ""endpoints""}","{""resource"": ""endpoints""}",True,empty,,False,False,False,False,,"{""empty"": true}"
K8S-05,full,p0,2,1,kubectl_get,"{""resource"": ""pods""}","{""resource"": ""pods""}",True,empty,,False,False,False,False,,"{""empty"": true}"
K8S-05,full,p0,3,1,kubectl_get,"{""resource"": ""services""}","{""resource"": ""services""}",True,empty,,False,False,False,False,,"{""empty"": true}"
K8S-05,full,p0,4,2,kubectl_get,"{""resource"": ""endpoints"", ""namespace"": ""default""}","{""namespace"": ""default"", ""resource"": ""endpoints""}",True,empty,,False,False,False,False,,"{""empty"": true}"
K8S-05,full,p0,5,2,kubectl_get,"{""resource"": ""pods"", ""namespace"": ""default""}","{""namespace"": ""default"", ""resource"": ""pods""}",True,empty,,False,False,False,False,,"{""empty"": true}"
K8S-05,full,p0,6,2,kubectl_get,"{""resource"": ""services"", ""namespace"": ""default""}","{""namespace"": ""default"", ""resource"": ""services""}",True,empty,,False,False,False,False,,"{""empty"": true}"
K8S-05,full,p0,7,3,shell_readonly,"{""command"": ""kubectl get endpoints -A; echo ---; kubectl get pods -A; echo ---; kubectl get svc -A""}","{""command"": ""kubectl get endpoints -A; echo ---; kubectl get pods -A; echo ---; kubectl get svc -A""}",True,unsupported_command,,False,False,False,False,,"{""unsupported_command"": true, ""family"": ""kubectl""}"
K8S-06,full,p0,1,1,kubectl_get,"{""resource"": ""pods""}","{""resource"": ""pods""}",True,empty,,False,False,False,False,,"{""empty"": true}"
K8S-06,full,p0,2,1,kubectl_get,"{""resource"": ""persistentvolumeclaims""}","{""resource"": ""persistentvolumeclaims""}",True,empty,,False,False,False,False,,"{""empty"": true}"
K8S-06,full,p0,3,2,kubectl_get,"{""resource"": ""pods"", ""namespace"": ""default""}","{""namespace"": ""default"", ""resource"": ""pods""}",True,empty,,False,False,False,False,,"{""empty"": true}"
K8S-06,full,p0,4,2,kubectl_get,"{""resource"": ""persistentvolumeclaims"", ""namespace"": ""default""}","{""namespace"": ""default"", ""resource"": ""persistentvolumeclaims""}",True,empty,,False,False,False,False,,"{""empty"": true}"
K8S-06,full,p0,5,2,shell_readonly,"{""command"": ""kubectl get pods -A 2>&1 | head -50""}","{""command"": ""kubectl get pods -A 2>&1 | head -50""}",True,unsupported_command,,False,False,False,False,,"{""unsupported_command"": true, ""family"": ""kubectl""}"
K8S-06,full,p0,6,3,shell_readonly,"{""command"": ""kubectl get pods -A""}","{""command"": ""kubectl get pods -A""}",True,unsupported_command,,False,False,False,False,,"{""unsupported_command"": true, ""family"": ""kubectl""}"
K8S-06,full,p0,7,3,shell_readonly,"{""command"": ""kubectl get pvc -A""}","{""command"": ""kubectl get pvc -A""}",True,unsupported_command,,False,False,False,False,,"{""unsupported_command"": true, ""family"": ""kubectl""}"
K8S-07,full,p0,1,1,kubectl_get,"{""resource"": ""pods""}","{""resource"": ""pods""}",True,empty,,False,False,False,False,,"{""empty"": true}"
K8S-07,full,p0,2,2,kubectl_get,"{""resource"": ""pods"", ""namespace"": ""default""}","{""namespace"": ""default"", ""resource"": ""pods""}",True,empty,,False,False,False,False,,"{""empty"": true}"
K8S-07,full,p0,3,2,kubectl_get,"{""resource"": ""pods"", ""namespace"": ""kube-system""}","{""namespace"": ""kube-system"", ""resource"": ""pods""}",True,empty,,False,False,False,False,,"{""empty"": true}"
K8S-07,full,p0,4,3,shell_readonly,"{""command"": ""kubectl get pods -A""}","{""command"": ""kubectl get pods -A""}",True,unsupported_command,,False,False,False,False,,"{""unsupported_command"": true, ""family"": ""kubectl""}"
K8S-08,full,p0,1,1,kubectl_get,"{""resource"": ""pods""}","{""resource"": ""pods""}",True,empty,,False,False,False,False,,"{""empty"": true}"
K8S-08,full,p0,2,2,kubectl_get,"{""resource"": ""pods"", ""namespace"": ""default""}","{""namespace"": ""default"", ""resource"": ""pods""}",True,empty,,False,False,False,False,,"{""empty"": true}"
K8S-08,full,p0,3,2,kubectl_get,"{""resource"": ""pods"", ""namespace"": ""kube-system""}","{""namespace"": ""kube-system"", ""resource"": ""pods""}",True,empty,,False,False,False,False,,"{""empty"": true}"
K8S-08,full,p0,4,3,kubectl_get,"{""resource"": ""pods --all-namespaces""}","{""resource"": ""pods --all-namespaces""}",True,empty,,False,False,False,False,,"{""empty"": true}"
K8S-08,full,p0,5,3,kubectl_get,"{""resource"": ""nodes""}","{""resource"": ""nodes""}",True,empty,,False,False,False,False,,"{""empty"": true}"
CON-01,full,p0,1,1,kubectl_get,"{""resource"": ""pods""}","{""resource"": ""pods""}",True,empty,,False,False,False,False,,"{""empty"": true}"
CON-01,full,p0,2,1,shell_readonly,"{""command"": ""free -h; echo ---; dmesg -T | grep -iE 'oom|killed process' | tail -n 30""}","{""command"": ""free -h; echo ---; dmesg -T | grep -iE 'oom|killed process' | tail -n 30""}",True,unsupported_command,,False,False,False,False,,"{""unsupported_command"": true, ""family"": ""free""}"
CON-01,full,p0,3,2,kubectl_get,"{""resource"": ""pods"", ""namespace"": ""default""}","{""namespace"": ""default"", ""resource"": ""pods""}",True,empty,,False,False,False,False,,"{""empty"": true}"
CON-01,full,p0,4,2,shell_readonly,"{""command"": ""dmesg -T | grep -iE 'oom|killed process' | tail -n 30""}","{""command"": ""dmesg -T | grep -iE 'oom|killed process' | tail -n 30""}",True,unsupported_command,,False,False,False,False,,"{""unsupported_command"": true, ""family"": ""dmesg""}"
CON-01,full,p0,5,3,shell_readonly,"{""command"": ""cat /proc/meminfo | head -n 5""}","{""command"": ""cat /proc/meminfo | head -n 5""}",True,unsupported_command,,False,False,False,False,,"{""unsupported_command"": true, ""family"": ""cat""}"
CON-01,full,p0,6,3,systemctl_status,"{""service"": ""docker""}","{""service"": ""docker""}",True,empty,,False,False,False,False,,"{""empty"": true}"
CON-02,full,p0,1,1,systemctl_status,"{""service"": ""docker""}","{""service"": ""docker""}",True,revealed,E1,True,False,True,True,,"{""revealed"": [{""id"": ""E1"", ""tool"": ""systemctl_status"", ""key"": ""docker"", ""text"": ""docker.service inactive (dead)""}]}"
CON-02,full,p0,2,1,shell_readonly,"{""command"": ""ps aux | grep -i [d]ocker; echo ---; ls -l /var/run/docker.sock 2>&1; echo ---; whoami""}","{""command"": ""ps aux | grep -i [d]ocker; echo ---; ls -l /var/run/docker.sock 2>&1; echo ---; whoami""}",True,unsupported_command,,True,False,False,False,,"{""unsupported_command"": true, ""family"": ""ps""}"
CON-02,full,p0,3,2,journalctl_read,"{""service"": ""docker""}","{""service"": ""docker""}",True,empty,,False,False,False,False,,"{""empty"": true}"
CON-02,full,p0,4,2,shell_readonly,"{""command"": ""ls -l /var/run/docker.sock 2>&1; echo ---; id; echo ---; ls -ld /var/run/docker 2>&1""}","{""command"": ""ls -l /var/run/docker.sock 2>&1; echo ---; id; echo ---; ls -ld /var/run/docker 2>&1""}",True,unsupported_command,,False,False,False,False,,"{""unsupported_command"": true, ""family"": ""ls""}"
CON-02,full,p0,5,3,read_file,"{""path"": ""/var/log/docker.log""}","{""path"": ""/var/log/docker.log""}",True,not_found,,False,False,False,False,,"{""not_found"": true}"
CON-02,full,p0,6,3,read_file,"{""path"": ""/etc/systemd/system/docker.service""}","{""path"": ""/etc/systemd/system/docker.service""}",True,not_found,,False,False,False,False,,"{""not_found"": true}"
CON-02,full,p0,7,4,read_file,"{""path"": ""/lib/systemd/system/docker.service""}","{""path"": ""/lib/systemd/system/docker.service""}",True,not_found,,False,False,False,False,,"{""not_found"": true}"
CON-02,full,p0,8,4,read_file,"{""path"": ""/etc/docker/daemon.json""}","{""path"": ""/etc/docker/daemon.json""}",True,not_found,,False,False,False,False,,"{""not_found"": true}"
CON-03,full,p0,1,1,kubectl_get,"{""resource"": ""pods"", ""namespace"": ""default""}","{""namespace"": ""default"", ""resource"": ""pods""}",True,empty,,False,False,False,False,,"{""empty"": true}"
CON-03,full,p0,2,1,kubectl_get,"{""resource"": ""services"", ""namespace"": ""default""}","{""namespace"": ""default"", ""resource"": ""services""}",True,empty,,False,False,False,False,,"{""empty"": true}"
CON-03,full,p0,3,2,kubectl_get,"{""resource"": ""pods"", ""namespace"": ""kube-system""}","{""namespace"": ""kube-system"", ""resource"": ""pods""}",True,empty,,False,False,False,False,,"{""empty"": true}"
CON-03,full,p0,4,2,shell_readonly,"{""command"": ""kubectl get pods -A 2>&1 | head -50""}","{""command"": ""kubectl get pods -A 2>&1 | head -50""}",True,unsupported_command,,False,False,False,False,,"{""unsupported_command"": true, ""family"": ""kubectl""}"
CON-03,full,p0,5,3,shell_readonly,"{""command"": ""kubectl get pods --all-namespaces""}","{""command"": ""kubectl get pods --all-namespaces""}",True,unsupported_command,,False,False,False,False,,"{""unsupported_command"": true, ""family"": ""kubectl""}"
CON-04,full,p0,1,1,shell_readonly,"{""command"": ""docker system df -v 2>/dev/null | head -60; echo ---; docker images --format 'table {{.Repository}}:{{.Tag}}\\t{{.Size}}' 2>/dev/null | sort -k2 -h | tail -15""}","{""command"": ""docker system df -v 2>/dev/null | head -60; echo ---; docker images --format 'table {{.Repository}}:{{.Tag}}\\t{{.Size}}' 2>/dev/null | sort -k2 -h | tail -15""}",True,unsupported_command,,False,False,False,False,,"{""unsupported_command"": true, ""family"": ""docker""}"
CON-04,full,p0,2,1,shell_readonly,"{""command"": ""ls -la /var/lib/docker 2>/dev/null | head; df -h /var/lib/docker 2>/dev/null""}","{""command"": ""ls -la /var/lib/docker 2>/dev/null | head; df -h /var/lib/docker 2>/dev/null""}",True,unsupported_command,,False,False,False,False,,"{""unsupported_command"": true, ""family"": ""ls""}"
CON-04,full,p0,3,2,shell_readonly,"{""command"": ""echo test""}","{""command"": ""echo test""}",True,unsupported_command,,False,False,False,False,,"{""unsupported_command"": true, ""family"": ""echo""}"
CON-04,full,p0,4,3,list_directory,"{""path"": ""/""}","{""path"": ""/""}",True,empty,,False,False,False,False,,"{""empty"": true}"
CON-04,full,p0,5,3,list_directory,"{""path"": ""/var/lib/docker""}","{""path"": ""/var/lib/docker""}",True,empty,,False,False,False,False,,"{""empty"": true}"
STO-01,full,p0,1,1,kubectl_get,"{""resource"": ""pvc""}","{""resource"": ""pvc""}",True,empty,,False,False,False,False,,"{""empty"": true}"
STO-01,full,p0,2,1,kubectl_get,"{""resource"": ""pods""}","{""resource"": ""pods""}",True,empty,,False,False,False,False,,"{""empty"": true}"
STO-01,full,p0,3,2,kubectl_get,"{""resource"": ""pvc"", ""namespace"": ""default""}","{""namespace"": ""default"", ""resource"": ""pvc""}",True,empty,,False,False,False,False,,"{""empty"": true}"
STO-01,full,p0,4,2,kubectl_get,"{""resource"": ""pods"", ""namespace"": ""default""}","{""namespace"": ""default"", ""resource"": ""pods""}",True,empty,,False,False,False,False,,"{""empty"": true}"
STO-01,full,p0,5,3,shell_readonly,"{""command"": ""kubectl get pvc -A 2>&1; echo ---; kubectl get pods -A 2>&1""}","{""command"": ""kubectl get pvc -A 2>&1; echo ---; kubectl get pods -A 2>&1""}",True,unsupported_command,,False,False,False,False,,"{""unsupported_command"": true, ""family"": ""kubectl""}"
STO-02,full,p0,1,1,shell_readonly,"{""command"": ""ceph -s 2>&1 | head -40""}","{""command"": ""ceph -s 2>&1 | head -40""}",True,unsupported_command,,False,False,False,False,,"{""unsupported_command"": true, ""family"": ""ceph""}"
STO-02,full,p0,2,1,shell_readonly,"{""command"": ""ceph osd tree 2>&1 | head -40""}","{""command"": ""ceph osd tree 2>&1 | head -40""}",True,unsupported_command,,False,False,False,False,,"{""unsupported_command"": true, ""family"": ""ceph""}"
STO-02,full,p0,3,2,systemctl_status,"{""service"": ""ceph-osd""}","{""service"": ""ceph-osd""}",True,empty,,False,False,False,False,,"{""empty"": true}"
STO-02,full,p0,4,2,shell_readonly,"{""command"": ""systemctl list-units --type=service --all | grep -i ceph""}","{""command"": ""systemctl list-units --type=service --all | grep -i ceph""}",True,unsupported_command,,False,False,False,False,,"{""unsupported_command"": true, ""family"": ""systemctl""}"
STO-02,full,p0,5,3,shell_readonly,"{""command"": ""ls /etc/ceph/ 2>&1; ls /var/lib/ceph/osd/ 2>&1; ls /var/log/ceph/ 2>&1""}","{""command"": ""ls /etc/ceph/ 2>&1; ls /var/lib/ceph/osd/ 2>&1; ls /var/log/ceph/ 2>&1""}",True,unsupported_command,,False,False,False,False,,"{""unsupported_command"": true, ""family"": ""ls""}"
STO-02,full,p0,6,3,shell_readonly,"{""command"": ""ps aux | grep -i ceph | grep -v grep""}","{""command"": ""ps aux | grep -i ceph | grep -v grep""}",True,unsupported_command,,False,False,False,False,,"{""unsupported_command"": true, ""family"": ""ps""}"
STO-03,full,p0,1,1,shell_readonly,"{""command"": ""ceph -s 2>&1 | head -40""}","{""command"": ""ceph -s 2>&1 | head -40""}",True,unsupported_command,,False,False,False,False,,"{""unsupported_command"": true, ""family"": ""ceph""}"
STO-03,full,p0,2,1,shell_readonly,"{""command"": ""ceph pg stat 2>&1; echo ---; ceph pg dump 2>/dev/null | awk '$2==\""undersized\"" || $2==\""degraded\"" || $2==\""stale\"" || $2==\""stuck\"" {print}' | head -20""}","{""command"": ""ceph pg stat 2>&1; echo ---; ceph pg dump 2>/dev/null | awk '$2==\""undersized\"" || $2==\""degraded\"" || $2==\""stale\"" || $2==\""stuck\"" {print}' | head -20""}",True,unsupported_command,,False,False,False,False,,"{""unsupported_command"": true, ""family"": ""ceph""}"
STO-03,full,p0,3,2,shell_readonly,"{""command"": ""which ceph; ls /etc/ceph 2>/dev/null; systemctl list-units --type=service 2>/dev/null | grep -i ceph""}","{""command"": ""which ceph; ls /etc/ceph 2>/dev/null; systemctl list-units --type=service 2>/dev/null | grep -i ceph""}",True,unsupported_command,,False,False,False,False,,"{""unsupported_command"": true, ""family"": ""which""}"
STO-03,full,p0,4,3,list_directory,"{""path"": ""/etc/ceph""}","{""path"": ""/etc/ceph""}",True,empty,,False,False,False,False,,"{""empty"": true}"
STO-03,full,p0,5,3,systemctl_status,"{""service"": ""ceph-mon""}","{""service"": ""ceph-mon""}",True,empty,,False,False,False,False,,"{""empty"": true}"
STO-04,full,p0,1,1,shell_readonly,"{""command"": ""cat /proc/drbd 2>/dev/null; echo ---; drbdadm status 2>/dev/null""}","{""command"": ""cat /proc/drbd 2>/dev/null; echo ---; drbdadm status 2>/dev/null""}",True,unsupported_command,,False,False,False,False,,"{""unsupported_command"": true, ""family"": ""cat""}"
STO-04,full,p0,2,1,systemctl_status,"{""service"": ""drbd@r0""}","{""service"": ""drbd@r0""}",True,empty,,False,False,False,False,,"{""empty"": true}"
STO-04,full,p0,3,2,read_file,"{""path"": ""/proc/drbd""}","{""path"": ""/proc/drbd""}",True,not_found,,False,False,False,False,,"{""not_found"": true}"
STO-04,full,p0,4,2,shell_readonly,"{""command"": ""drbdadm status""}","{""command"": ""drbdadm status""}",True,unsupported_command,,False,False,False,False,,"{""unsupported_command"": true, ""family"": ""drbdadm""}"
STO-04,full,p0,5,3,shell_readonly,"{""command"": ""ls /etc/drbd.d/ 2>/dev/null; ls /etc/drbd* 2>/dev/null""}","{""command"": ""ls /etc/drbd.d/ 2>/dev/null; ls /etc/drbd* 2>/dev/null""}",True,unsupported_command,,False,False,False,False,,"{""unsupported_command"": true, ""family"": ""ls""}"
STO-04,full,p0,6,3,systemctl_status,"{""service"": ""drbd""}","{""service"": ""drbd""}",True,empty,,False,False,False,False,,"{""empty"": true}"
STO-05,full,p0,1,1,shell_readonly,"{""command"": ""cat /proc/drbd 2>/dev/null; echo ---; drbdadm status 2>/dev/null""}","{""command"": ""cat /proc/drbd 2>/dev/null; echo ---; drbdadm status 2>/dev/null""}",True,unsupported_command,,False,False,False,False,,"{""unsupported_command"": true, ""family"": ""cat""}"
STO-05,full,p0,2,1,systemctl_status,"{""service"": ""drbd""}","{""service"": ""drbd""}",True,empty,,False,False,False,False,,"{""empty"": true}"
STO-05,full,p0,3,2,read_file,"{""path"": ""/proc/drbd""}","{""path"": ""/proc/drbd""}",True,not_found,,False,False,False,False,,"{""not_found"": true}"
STO-05,full,p0,4,2,shell_readonly,"{""command"": ""drbdadm status""}","{""command"": ""drbdadm status""}",True,unsupported_command,,False,False,False,False,,"{""unsupported_command"": true, ""family"": ""drbdadm""}"
STO-05,full,p0,5,3,shell_readonly,"{""command"": ""ls /etc/drbd.d/ 2>/dev/null; ls /etc/drbd* 2>/dev/null""}","{""command"": ""ls /etc/drbd.d/ 2>/dev/null; ls /etc/drbd* 2>/dev/null""}",True,unsupported_command,,False,False,False,False,,"{""unsupported_command"": true, ""family"": ""ls""}"
STO-05,full,p0,6,3,journalctl_read,"{""service"": ""drbd""}","{""service"": ""drbd""}",True,empty,,False,False,False,False,,"{""empty"": true}"
STO-06,full,p0,1,1,kubectl_get,"{""resource"": ""pods"", ""namespace"": ""default""}","{""namespace"": ""default"", ""resource"": ""pods""}",True,empty,,False,False,False,False,,"{""empty"": true}"
STO-06,full,p0,2,1,kubectl_get,"{""resource"": ""pvc"", ""namespace"": ""default""}","{""namespace"": ""default"", ""resource"": ""pvc""}",True,empty,,False,False,False,False,,"{""empty"": true}"
STO-06,full,p0,3,2,kubectl_get,"{""resource"": ""namespaces""}","{""resource"": ""namespaces""}",True,empty,,False,False,False,False,,"{""empty"": true}"
STO-06,full,p0,4,3,shell_readonly,"{""command"": ""kubectl get ns -A 2>&1; echo \""---\""; kubectl get pvc -A 2>&1; echo \""---\""; kubectl get pods -A 2>&1""}","{""command"": ""kubectl get ns -A 2>&1; echo \""---\""; kubectl get pvc -A 2>&1; echo \""---\""; kubectl get pods -A 2>&1""}",True,unsupported_command,,False,False,False,False,,"{""unsupported_command"": true, ""family"": ""kubectl""}"
VIR-01,full,p0,1,1,systemctl_status,"{""service"": ""libvirtd""}","{""service"": ""libvirtd""}",True,empty,,False,False,False,False,,"{""empty"": true}"
VIR-01,full,p0,2,1,shell_readonly,"{""command"": ""virsh list --all 2>&1 | head -50""}","{""command"": ""virsh list --all 2>&1 | head -50""}",True,unsupported_command,,False,False,False,False,,"{""unsupported_command"": true, ""family"": ""virsh""}"
VIR-01,full,p0,3,2,shell_readonly,"{""command"": ""ls /etc/libvirt/qemu/ 2>&1; ls /var/lib/libvirt/qemu/ 2>&1""}","{""command"": ""ls /etc/libvirt/qemu/ 2>&1; ls /var/lib/libvirt/qemu/ 2>&1""}",True,unsupported_command,,False,False,False,False,,"{""unsupported_command"": true, ""family"": ""ls""}"
VIR-01,full,p0,4,2,journalctl_read,"{""service"": ""libvirtd""}","{""service"": ""libvirtd""}",True,revealed,E1,True,False,True,True,,"{""revealed"": [{""id"": ""E1"", ""tool"": ""journalctl_read"", ""key"": ""libvirtd"", ""text"": ""unsupported configuration: CPU mode host-passthrough not supported""}]}"
VIR-01,full,p0,5,3,read_file,"{""path"": ""/etc/libvirt/qemu/win10.xml""}","{""path"": ""/etc/libvirt/qemu/win10.xml""}",True,not_found,,False,False,False,False,,"{""not_found"": true}"
VIR-01,full,p0,6,4,list_directory,"{""path"": ""/etc/libvirt/qemu""}","{""path"": ""/etc/libvirt/qemu""}",True,empty,,False,False,False,False,,"{""empty"": true}"
VIR-01,full,p0,7,5,list_directory,"{""path"": ""/etc/libvirt""}","{""path"": ""/etc/libvirt""}",True,empty,,False,False,False,False,,"{""empty"": true}"
VIR-01,full,p0,8,5,list_directory,"{""path"": ""/var/lib/libvirt""}","{""path"": ""/var/lib/libvirt""}",True,empty,,False,False,False,False,,"{""empty"": true}"
VIR-02,full,p0,1,1,shell_readonly,"{""command"": ""lsblk -o NAME,SIZE,TYPE,FSTYPE,MOUNTPOINT,STATE 2>/dev/null; echo ---; fdisk -l 2>/dev/null | head -50""}","{""command"": ""lsblk -o NAME,SIZE,TYPE,FSTYPE,MOUNTPOINT,STATE 2>/dev/null; echo ---; fdisk -l 2>/dev/null | head -50""}",True,unsupported_command,,False,False,False,False,,"{""unsupported_command"": true, ""family"": ""lsblk""}"
VIR-02,full,p0,2,1,shell_readonly,"{""command"": ""ls -la /dev/ | grep -E 'sd|vd|nvme|hd' ; echo ---; cat /proc/partitions""}","{""command"": ""ls -la /dev/ | grep -E 'sd|vd|nvme|hd' ; echo ---; cat /proc/partitions""}",True,unsupported_command,,False,False,False,False,,"{""unsupported_command"": true, ""family"": ""ls""}"
VIR-02,full,p0,3,2,shell_readonly,"{""command"": ""fdisk -l""}","{""command"": ""fdisk -l""}",True,unsupported_command,,False,False,False,False,,"{""unsupported_command"": true, ""family"": ""fdisk""}"
VIR-02,full,p0,4,2,shell_readonly,"{""command"": ""cat /proc/partitions""}","{""command"": ""cat /proc/partitions""}",True,unsupported_command,,False,False,False,False,,"{""unsupported_command"": true, ""family"": ""cat""}"
VIR-02,full,p0,5,3,read_file,"{""path"": ""/proc/partitions""}","{""path"": ""/proc/partitions""}",True,not_found,,False,False,False,False,,"{""not_found"": true}"
VIR-02,full,p0,6,3,read_file,"{""path"": ""/proc/cmdline""}","{""path"": ""/proc/cmdline""}",True,not_found,,False,False,False,False,,"{""not_found"": true}"
VIR-03,full,p0,1,1,shell_readonly,"{""command"": ""ip -br addr; echo ---; ip -br link""}","{""command"": ""ip -br addr; echo ---; ip -br link""}",True,unsupported_command,,False,False,False,False,,"{""unsupported_command"": true, ""family"": ""ip""}"
VIR-03,full,p0,2,1,systemctl_status,"{""service"": ""NetworkManager""}","{""service"": ""NetworkManager""}",True,empty,,False,False,False,False,,"{""empty"": true}"
VIR-03,full,p0,3,2,shell_readonly,"{""command"": ""cat /proc/net/dev; echo ---; ls /sys/class/net; echo ---; for i in /sys/class/net/*/operstate; do echo \""$i: $(cat $i)\""; done""}","{""command"": ""cat /proc/net/dev; echo ---; ls /sys/class/net; echo ---; for i in /sys/class/net/*/operstate; do echo \""$i: $(cat $i)\""; done""}",True,unsupported_command,,False,False,False,False,,"{""unsupported_command"": true, ""family"": ""cat""}"
VIR-03,full,p0,4,2,systemctl_status,"{""service"": ""networkd""}","{""service"": ""networkd""}",True,empty,,False,False,False,False,,"{""empty"": true}"
VIR-03,full,p0,5,3,read_file,"{""path"": ""/proc/net/dev""}","{""path"": ""/proc/net/dev""}",True,not_found,,False,False,False,False,,"{""not_found"": true}"
VIR-03,full,p0,6,3,list_directory,"{""path"": ""/sys/class/net""}","{""path"": ""/sys/class/net""}",True,empty,,False,False,False,False,,"{""empty"": true}"
GIT-01,full,p0,1,1,shell_readonly,"{""command"": ""ls /""}","{""command"": ""ls /""}",True,unsupported_command,,False,False,False,False,,"{""unsupported_command"": true, ""family"": ""ls""}"
GIT-01,full,p0,2,1,systemctl_status,"{""service"": ""app""}","{""service"": ""app""}",True,empty,,False,False,False,False,,"{""empty"": true}"
GIT-01,full,p0,3,2,list_directory,"{""path"": ""/""}","{""path"": ""/""}",True,empty,,False,False,False,False,,"{""empty"": true}"
GIT-01,full,p0,4,2,kubectl_get,"{""resource"": ""pods""}","{""resource"": ""pods""}",True,empty,,False,False,False,False,,"{""empty"": true}"
GIT-01,full,p0,5,3,list_directory,"{""path"": ""/app""}","{""path"": ""/app""}",True,empty,,False,False,False,False,,"{""empty"": true}"
GIT-01,full,p0,6,3,list_directory,"{""path"": ""/home""}","{""path"": ""/home""}",True,empty,,False,False,False,False,,"{""empty"": true}"
GIT-01,full,p0,7,3,list_directory,"{""path"": ""/repo""}","{""path"": ""/repo""}",True,empty,,False,False,False,False,,"{""empty"": true}"
GIT-01,full,p0,8,3,list_directory,"{""path"": ""/src""}","{""path"": ""/src""}",True,empty,,False,False,False,False,,"{""empty"": true}"
GIT-02,full,p0,1,1,git_status,"{""repo"": "".""}","{""repo"": "".""}",True,empty,,False,False,False,False,,"{""empty"": true}"
GIT-02,full,p0,2,2,shell_readonly,"{""command"": ""pwd && ls -la""}","{""command"": ""pwd && ls -la""}",True,unsupported_command,,False,False,False,False,,"{""unsupported_command"": true, ""family"": ""pwd""}"
GIT-02,full,p0,3,3,shell_readonly,"{""command"": ""ls -la /""}","{""command"": ""ls -la /""}",True,unsupported_command,,False,False,False,False,,"{""unsupported_command"": true, ""family"": ""ls""}"
CI-01,full,p0,1,1,shell_readonly,"{""command"": ""ls -la / /home /opt /srv 2>/dev/null; ls -la ~ 2>/dev/null""}","{""command"": ""ls -la / /home /opt /srv 2>/dev/null; ls -la ~ 2>/dev/null""}",True,unsupported_command,,False,False,False,False,,"{""unsupported_command"": true, ""family"": ""ls""}"
CI-01,full,p0,2,1,shell_readonly,"{""command"": ""docker info 2>&1 | head -40; docker version 2>&1 | head -20""}","{""command"": ""docker info 2>&1 | head -40; docker version 2>&1 | head -20""}",True,unsupported_command,,False,False,False,False,,"{""unsupported_command"": true, ""family"": ""docker""}"
CI-01,full,p0,3,2,list_directory,"{""path"": ""/""}","{""path"": ""/""}",True,empty,,False,False,False,False,,"{""empty"": true}"
CI-01,full,p0,4,2,list_directory,"{""path"": ""/home""}","{""path"": ""/home""}",True,empty,,False,False,False,False,,"{""empty"": true}"
CI-01,full,p0,5,3,list_directory,"{""path"": ""/opt""}","{""path"": ""/opt""}",True,empty,,False,False,False,False,,"{""empty"": true}"
CI-01,full,p0,6,3,list_directory,"{""path"": ""/srv""}","{""path"": ""/srv""}",True,empty,,False,False,False,False,,"{""empty"": true}"
CI-01,full,p0,7,3,list_directory,"{""path"": ""/var""}","{""path"": ""/var""}",True,empty,,False,False,False,False,,"{""empty"": true}"
CI-01,full,p0,8,3,list_directory,"{""path"": ""/root""}","{""path"": ""/root""}",True,empty,,False,False,False,False,,"{""empty"": true}"
CI-02,full,p0,1,1,shell_readonly,"{""command"": ""ls /var/log/pipeline 2>/dev/null; ls /opt/pipeline 2>/dev/null; ls /srv 2>/dev/null; ls /home 2>/dev/null""}","{""command"": ""ls /var/log/pipeline 2>/dev/null; ls /opt/pipeline 2>/dev/null; ls /srv 2>/dev/null; ls /home 2>/dev/null""}",True,unsupported_command,,False,False,False,False,,"{""unsupported_command"": true, ""family"": ""ls""}"
CI-02,full,p0,2,1,systemctl_status,"{""service"": ""pipeline""}","{""service"": ""pipeline""}",True,empty,,False,False,False,False,,"{""empty"": true}"
CI-02,full,p0,3,2,list_directory,"{""path"": ""/""}","{""path"": ""/""}",True,empty,,False,False,False,False,,"{""empty"": true}"
CI-02,full,p0,4,2,systemctl_status,"{""service"": ""gitlab-runner""}","{""service"": ""gitlab-runner""}",True,empty,,False,False,False,False,,"{""empty"": true}"
CI-02,full,p0,5,3,list_directory,"{""path"": ""/var/log""}","{""path"": ""/var/log""}",True,empty,,False,False,False,False,,"{""empty"": true}"
CI-02,full,p0,6,3,list_directory,"{""path"": ""/opt""}","{""path"": ""/opt""}",True,empty,,False,False,False,False,,"{""empty"": true}"
CI-02,full,p0,7,3,list_directory,"{""path"": ""/home""}","{""path"": ""/home""}",True,empty,,False,False,False,False,,"{""empty"": true}"
CI-02,full,p0,8,3,list_directory,"{""path"": ""/srv""}","{""path"": ""/srv""}",True,empty,,False,False,False,False,,"{""empty"": true}"
CI-03,full,p0,1,1,git_status,"{""repo"": "".""}","{""repo"": "".""}",True,empty,,False,False,False,False,,"{""empty"": true}"
CI-03,full,p0,2,1,git_diff,"{""repo"": "".""}","{""repo"": "".""}",True,empty,,False,False,False,False,,"{""empty"": true}"
CI-03,full,p0,3,1,shell_readonly,"{""command"": ""ls -la /var/log 2>/dev/null; ls -la /opt 2>/dev/null; ls -la /srv 2>/dev/null; ls -la /app 2>/dev/null; ls -la /home 2>/dev/null""}","{""command"": ""ls -la /var/log 2>/dev/null; ls -la /opt 2>/dev/null; ls -la /srv 2>/dev/null; ls -la /app 2>/dev/null; ls -la /home 2>/dev/null""}",True,unsupported_command,,False,False,False,False,,"{""unsupported_command"": true, ""family"": ""ls""}"
CI-03,full,p0,4,2,list_directory,"{""path"": ""/""}","{""path"": ""/""}",True,empty,,False,False,False,False,,"{""empty"": true}"
CI-03,full,p0,5,2,kubectl_get,"{""resource"": ""pods""}","{""resource"": ""pods""}",True,empty,,False,False,False,False,,"{""empty"": true}"
CI-03,full,p0,6,3,list_directory,"{""path"": ""/app""}","{""path"": ""/app""}",True,empty,,False,False,False,False,,"{""empty"": true}"
CI-03,full,p0,7,3,list_directory,"{""path"": ""/opt""}","{""path"": ""/opt""}",True,empty,,False,False,False,False,,"{""empty"": true}"
CI-03,full,p0,8,3,list_directory,"{""path"": ""/srv""}","{""path"": ""/srv""}",True,empty,,False,False,False,False,,"{""empty"": true}"
CI-03,full,p0,9,3,list_directory,"{""path"": ""/home""}","{""path"": ""/home""}",True,empty,,False,False,False,False,,"{""empty"": true}"
CI-03,full,p0,10,3,list_directory,"{""path"": ""/var/log""}","{""path"": ""/var/log""}",True,empty,,False,False,False,False,,"{""empty"": true}"
CI-03,full,p0,11,3,list_directory,"{""path"": ""/""}","{""path"": ""/""}",True,duplicate,,False,True,False,False,,"{""duplicate"": true}"
COD-01,full,p0,1,1,shell_readonly,"{""command"": ""ls -ld /etc/app /etc/app/config 2>&1; echo ---; ls -l /etc/app 2>&1""}","{""command"": ""ls -ld /etc/app /etc/app/config 2>&1; echo ---; ls -l /etc/app 2>&1""}",True,unsupported_command,,False,False,False,False,,"{""unsupported_command"": true, ""family"": ""ls""}"
COD-01,full,p0,2,1,shell_readonly,"{""command"": ""id; echo ---; whoami""}","{""command"": ""id; echo ---; whoami""}",True,unsupported_command,,False,False,False,False,,"{""unsupported_command"": true, ""family"": ""id;""}"
COD-01,full,p0,3,2,shell_readonly,"{""command"": ""stat -c '%A %U:%G %n' /etc/app /etc/app/config""}","{""command"": ""stat -c '%A %U:%G %n' /etc/app /etc/app/config""}",True,unsupported_command,,False,False,False,False,,"{""unsupported_command"": true, ""family"": ""stat""}"
COD-01,full,p0,4,2,shell_readonly,"{""command"": ""whoami""}","{""command"": ""whoami""}",True,unsupported_command,,False,False,False,False,,"{""unsupported_command"": true, ""family"": ""whoami""}"
COD-01,full,p0,5,3,read_file,"{""path"": ""/etc/app/config""}","{""path"": ""/etc/app/config""}",True,not_found,,False,False,False,False,,"{""not_found"": true}"
COD-01,full,p0,6,3,list_directory,"{""path"": ""/etc/app""}","{""path"": ""/etc/app""}",True,empty,,False,False,False,False,,"{""empty"": true}"
COD-02,full,p0,1,1,shell_readonly,"{""command"": ""grep -rn \""KeyError\"" /var/log 2>/dev/null | tail -50""}","{""command"": ""grep -rn \""KeyError\"" /var/log 2>/dev/null | tail -50""}",True,unsupported_command,,False,False,False,False,,"{""unsupported_command"": true, ""family"": ""grep""}"
COD-02,full,p0,2,1,shell_readonly,"{""command"": ""ls /opt /srv /app 2>/dev/null""}","{""command"": ""ls /opt /srv /app 2>/dev/null""}",True,unsupported_command,,False,False,False,False,,"{""unsupported_command"": true, ""family"": ""ls""}"
COD-02,full,p0,3,2,list_directory,"{""path"": ""/opt""}","{""path"": ""/opt""}",True,empty,,False,False,False,False,,"{""empty"": true}"
COD-02,full,p0,4,2,list_directory,"{""path"": ""/app""}","{""path"": ""/app""}",True,empty,,False,False,False,False,,"{""empty"": true}"
COD-02,full,p0,5,2,list_directory,"{""path"": ""/srv""}","{""path"": ""/srv""}",True,empty,,False,False,False,False,,"{""empty"": true}"
COD-02,full,p0,6,3,list_directory,"{""path"": ""/""}","{""path"": ""/""}",True,empty,,False,False,False,False,,"{""empty"": true}"
COD-03,full,p0,1,1,shell_readonly,"{""command"": ""kubectl get pods -A -o json 2>&1 | head -c 2000""}","{""command"": ""kubectl get pods -A -o json 2>&1 | head -c 2000""}",True,unsupported_command,,False,False,False,False,,"{""unsupported_command"": true, ""family"": ""kubectl""}"
COD-03,full,p0,2,2,kubectl_get,"{""resource"": ""pods""}","{""resource"": ""pods""}",True,empty,,False,False,False,False,,"{""empty"": true}"
COD-03,full,p0,3,3,kubectl_get,"{""resource"": ""pods"", ""namespace"": ""default""}","{""namespace"": ""default"", ""resource"": ""pods""}",True,empty,,False,False,False,False,,"{""empty"": true}"
COD-03,full,p0,4,3,kubectl_get,"{""resource"": ""deployments"", ""namespace"": ""default""}","{""namespace"": ""default"", ""resource"": ""deployments""}",True,empty,,False,False,False,False,,"{""empty"": true}"
COD-04,full,p0,1,1,shell_readonly,"{""command"": ""ls -la /var/log/ansible* 2>/dev/null; ls -la /root/.ansible 2>/dev/null; ls /etc/ansible 2>/dev/null""}","{""command"": ""ls -la /var/log/ansible* 2>/dev/null; ls -la /root/.ansible 2>/dev/null; ls /etc/ansible 2>/dev/null""}",True,unsupported_command,,False,False,False,False,,"{""unsupported_command"": true, ""family"": ""ls""}"
COD-04,full,p0,2,1,shell_readonly,"{""command"": ""find / -maxdepth 3 -name \""*.log\"" -newer /etc/hostname -mmin -1440 2>/dev/null | head -20""}","{""command"": ""find / -maxdepth 3 -name \""*.log\"" -newer /etc/hostname -mmin -1440 2>/dev/null | head -20""}",True,unsupported_command,,False,False,False,False,,"{""unsupported_command"": true, ""family"": ""find""}"
COD-04,full,p0,3,2,list_directory,"{""path"": ""/var/log""}","{""path"": ""/var/log""}",True,empty,,False,False,False,False,,"{""empty"": true}"
COD-04,full,p0,4,2,list_directory,"{""path"": ""/etc/ansible""}","{""path"": ""/etc/ansible""}",True,empty,,False,False,False,False,,"{""empty"": true}"
COD-04,full,p0,5,3,list_directory,"{""path"": ""/""}","{""path"": ""/""}",True,empty,,False,False,False,False,,"{""empty"": true}"
COD-05,full,p0,1,1,list_directory,"{""path"": ""/""}","{""path"": ""/""}",True,empty,,False,False,False,False,,"{""empty"": true}"
COD-05,full,p0,2,1,shell_readonly,"{""command"": ""ls -la /app /opt /srv /etc 2>/dev/null | head -100""}","{""command"": ""ls -la /app /opt /srv /etc 2>/dev/null | head -100""}",True,unsupported_command,,False,False,False,False,,"{""unsupported_command"": true, ""family"": ""ls""}"
COD-05,full,p0,3,2,shell_readonly,"{""command"": ""find / -maxdepth 3 -name \""*.json\"" 2>/dev/null | head -50""}","{""command"": ""find / -maxdepth 3 -name \""*.json\"" 2>/dev/null | head -50""}",True,unsupported_command,,False,False,False,False,,"{""unsupported_command"": true, ""family"": ""find""}"
COD-05,full,p0,4,3,list_directory,"{""path"": ""/app""}","{""path"": ""/app""}",True,empty,,False,False,False,False,,"{""empty"": true}"
COD-05,full,p0,5,3,list_directory,"{""path"": ""/etc""}","{""path"": ""/etc""}",True,empty,,False,False,False,False,,"{""empty"": true}"
COD-05,full,p0,6,3,list_directory,"{""path"": ""/opt""}","{""path"": ""/opt""}",True,empty,,False,False,False,False,,"{""empty"": true}"
COD-05,full,p0,7,3,list_directory,"{""path"": ""/srv""}","{""path"": ""/srv""}",True,empty,,False,False,False,False,,"{""empty"": true}"
COD-06,full,p0,1,1,shell_readonly,"{""command"": ""ls -la /app 2>/dev/null; ls -la ~ 2>/dev/null; pwd""}","{""command"": ""ls -la /app 2>/dev/null; ls -la ~ 2>/dev/null; pwd""}",True,unsupported_command,,False,False,False,False,,"{""unsupported_command"": true, ""family"": ""ls""}"
COD-06,full,p0,2,1,shell_readonly,"{""command"": ""find / -maxdepth 4 -name \""values*.yaml\"" -o -maxdepth 4 -name \""values*.yml\"" 2>/dev/null | head -50""}","{""command"": ""find / -maxdepth 4 -name \""values*.yaml\"" -o -maxdepth 4 -name \""values*.yml\"" 2>/dev/null | head -50""}",True,unsupported_command,,False,False,False,False,,"{""unsupported_command"": true, ""family"": ""find""}"
COD-06,full,p0,3,2,list_directory,"{""path"": ""/app""}","{""path"": ""/app""}",True,empty,,False,False,False,False,,"{""empty"": true}"
COD-06,full,p0,4,2,list_directory,"{""path"": ""/""}","{""path"": ""/""}",True,empty,,False,False,False,False,,"{""empty"": true}"
COD-06,full,p0,5,3,list_directory,"{""path"": ""/home""}","{""path"": ""/home""}",True,empty,,False,False,False,False,,"{""empty"": true}"
COD-06,full,p0,6,3,list_directory,"{""path"": ""/root""}","{""path"": ""/root""}",True,empty,,False,False,False,False,,"{""empty"": true}"
COD-06,full,p0,7,3,list_directory,"{""path"": ""/tmp""}","{""path"": ""/tmp""}",True,empty,,False,False,False,False,,"{""empty"": true}"
COD-06,full,p0,8,3,list_directory,"{""path"": ""/opt""}","{""path"": ""/opt""}",True,empty,,False,False,False,False,,"{""empty"": true}"
SEC-01,full,p0,1,1,shell_readonly,"{""command"": ""grep -iE \""failed password|invalid user|accepted password|accepted publickey\"" /var/log/auth.log 2>/dev/null | tail -n 50; echo ---; grep -iE \""failed password|invalid user\"" /var/log/secure 2>/dev/null | tail -n 50""}","{""command"": ""grep -iE \""failed password|invalid user|accepted password|accepted publickey\"" /var/log/auth.log 2>/dev/null | tail -n 50; echo ---; grep -iE \""failed password|invalid user\"" /var/log/secure 2>/dev/null | tail -n 50""}",True,unsupported_command,,False,False,False,False,,"{""unsupported_command"": true, ""family"": ""grep""}"
SEC-01,full,p0,2,1,shell_readonly,"{""command"": ""ss -tlnp | grep -E ':22\\b' ; echo ---; systemctl is-active sshd 2>/dev/null; systemctl is-active ssh 2>/dev/null""}","{""command"": ""ss -tlnp | grep -E ':22\\b' ; echo ---; systemctl is-active sshd 2>/dev/null; systemctl is-active ssh 2>/dev/null""}",True,unsupported_command,,False,False,False,False,,"{""unsupported_command"": true, ""family"": ""ss""}"
SEC-01,full,p0,3,1,shell_readonly,"{""command"": ""grep -E '^(PermitRootLogin|PasswordAuthentication|PubkeyAuthentication|Port|MaxAuthTries|AllowUsers|AllowGroups|KbdInteractiveAuthentication)' /etc/ssh/sshd_config 2>/dev/null; echo ---; ls /etc/ssh/sshd_config.d/ 2>/dev/null""}","{""command"": ""grep -E '^(PermitRootLogin|PasswordAuthentication|PubkeyAuthentication|Port|MaxAuthTries|AllowUsers|AllowGroups|KbdInteractiveAuthentication)' /etc/ssh/sshd_config 2>/dev/null; echo ---; ls /etc/ssh/sshd_config.d/ 2>/dev/null""}",True,unsupported_command,,False,False,False,False,,"{""unsupported_command"": true, ""family"": ""grep""}"
SEC-01,full,p0,4,1,shell_readonly,"{""command"": ""command -v fail2ban-client >/dev/null && fail2ban-client status 2>/dev/null; echo ---; iptables -S 2>/dev/null | grep -E '22|DROP|REJECT' | head; echo ---; ufw status 2>/dev/null | head""}","{""command"": ""command -v fail2ban-client >/dev/null && fail2ban-client status 2>/dev/null; echo ---; iptables -S 2>/dev/null | grep -E '22|DROP|REJECT' | head; echo ---; ufw status 2>/dev/null | head""}",True,unsupported_command,,False,False,False,False,,"{""unsupported_command"": true, ""family"": ""command""}"
SEC-01,full,p0,5,2,shell_readonly,"{""command"": ""tail -n 100 /var/log/auth.log""}","{""command"": ""tail -n 100 /var/log/auth.log""}",True,unsupported_command,,False,False,False,False,,"{""unsupported_command"": true, ""family"": ""tail""}"
SEC-01,full,p0,6,2,shell_readonly,"{""command"": ""tail -n 100 /var/log/secure""}","{""command"": ""tail -n 100 /var/log/secure""}",True,unsupported_command,,False,False,False,False,,"{""unsupported_command"": true, ""family"": ""tail""}"
SEC-01,full,p0,7,2,read_file,"{""path"": ""/etc/ssh/sshd_config""}","{""path"": ""/etc/ssh/sshd_config""}",True,not_found,,False,False,False,False,,"{""not_found"": true}"
SEC-01,full,p0,8,2,systemctl_status,"{""service"": ""sshd""}","{""service"": ""sshd""}",True,empty,,False,False,False,False,,"{""empty"": true}"
SEC-01,full,p0,9,3,read_file,"{""path"": ""/var/log/auth.log""}","{""path"": ""/var/log/auth.log""}",True,not_found,,False,False,False,False,,"{""not_found"": true}"
SEC-01,full,p0,10,3,read_file,"{""path"": ""/var/log/secure""}","{""path"": ""/var/log/secure""}",True,not_found,,False,False,False,False,,"{""not_found"": true}"
SEC-01,full,p0,11,3,list_directory,"{""path"": ""/etc/ssh""}","{""path"": ""/etc/ssh""}",True,empty,,False,False,False,False,,"{""empty"": true}"
SEC-01,full,p0,12,3,systemctl_status,"{""service"": ""ssh""}","{""service"": ""ssh""}",True,empty,,False,False,False,False,,"{""empty"": true}"
SEC-02,full,p0,1,1,kubectl_get,"{""resource"": ""pods"", ""namespace"": ""default""}","{""namespace"": ""default"", ""resource"": ""pods""}",True,empty,,False,False,False,False,,"{""empty"": true}"
SEC-02,full,p0,2,2,kubectl_get,"{""resource"": ""pods"", ""namespace"": ""kube-system""}","{""namespace"": ""kube-system"", ""resource"": ""pods""}",True,empty,,False,False,False,False,,"{""empty"": true}"
SEC-02,full,p0,3,2,kubectl_get,"{""resource"": ""pods"", ""namespace"": ""production""}","{""namespace"": ""production"", ""resource"": ""pods""}",True,empty,,False,False,False,False,,"{""empty"": true}"
SEC-02,full,p0,4,3,shell_readonly,"{""command"": ""kubectl get pods -A 2>&1 | head -50""}","{""command"": ""kubectl get pods -A 2>&1 | head -50""}",True,unsupported_command,,False,False,False,False,,"{""unsupported_command"": true, ""family"": ""kubectl""}"
SEC-03,full,p0,1,1,shell_readonly,"{""command"": ""ss -tlnp 2>/dev/null | head -50""}","{""command"": ""ss -tlnp 2>/dev/null | head -50""}",True,unsupported_command,,False,False,False,False,,"{""unsupported_command"": true, ""family"": ""ss""}"
SEC-03,full,p0,2,1,shell_readonly,"{""command"": ""ls /etc/nginx/conf.d/ /etc/nginx/sites-enabled/ /etc/httpd/conf.d/ 2>/dev/null""}","{""command"": ""ls /etc/nginx/conf.d/ /etc/nginx/sites-enabled/ /etc/httpd/conf.d/ 2>/dev/null""}",True,unsupported_command,,False,False,False,False,,"{""unsupported_command"": true, ""family"": ""ls""}"
SEC-03,full,p0,3,2,list_directory,"{""path"": ""/etc/nginx""}","{""path"": ""/etc/nginx""}",True,empty,,False,False,False,False,,"{""empty"": true}"
SEC-03,full,p0,4,2,list_directory,"{""path"": ""/""}","{""path"": ""/""}",True,empty,,False,False,False,False,,"{""empty"": true}"
SEC-03,full,p0,5,3,shell_readonly,"{""command"": ""netstat -tlnp""}","{""command"": ""netstat -tlnp""}",True,unsupported_command,,False,False,False,False,,"{""unsupported_command"": true, ""family"": ""netstat""}"
SEC-03,full,p0,6,3,shell_readonly,"{""command"": ""ps aux""}","{""command"": ""ps aux""}",True,unsupported_command,,False,False,False,False,,"{""unsupported_command"": true, ""family"": ""ps""}"
SEC-04,full,p0,1,1,git_status,"{""repo"": "".""}","{""repo"": "".""}",True,empty,,False,False,False,False,,"{""empty"": true}"
SEC-04,full,p0,2,1,git_diff,"{""repo"": "".""}","{""repo"": "".""}",True,empty,,False,False,False,False,,"{""empty"": true}"
SEC-04,full,p0,3,1,list_directory,"{""path"": "".""}","{""path"": "".""}",True,empty,,False,False,False,False,,"{""empty"": true}"
SEC-04,full,p0,4,2,shell_readonly,"{""command"": ""pwd && ls -la""}","{""command"": ""pwd && ls -la""}",True,unsupported_command,,False,False,False,False,,"{""unsupported_command"": true, ""family"": ""pwd""}"
SEC-04,full,p0,5,3,shell_readonly,"{""command"": ""ls -la /""}","{""command"": ""ls -la /""}",True,unsupported_command,,False,False,False,False,,"{""unsupported_command"": true, ""family"": ""ls""}"
X-01,full,p0,1,1,kubectl_get,"{""resource"": ""pods""}","{""resource"": ""pods""}",True,empty,,False,False,False,False,,"{""empty"": true}"
X-01,full,p0,2,1,kubectl_get,"{""resource"": ""services""}","{""resource"": ""services""}",True,empty,,False,False,False,False,,"{""empty"": true}"
X-01,full,p0,3,2,kubectl_get,"{""resource"": ""pods"", ""namespace"": ""all""}","{""namespace"": ""all"", ""resource"": ""pods""}",True,empty,,False,False,False,False,,"{""empty"": true}"
X-01,full,p0,4,2,kubectl_get,"{""resource"": ""namespaces""}","{""resource"": ""namespaces""}",True,empty,,False,False,False,False,,"{""empty"": true}"
X-01,full,p0,5,3,shell_readonly,"{""command"": ""kubectl get pods -A 2>&1; echo \""---\""; kubectl get ns 2>&1; echo \""---\""; kubectl config current-context 2>&1""}","{""command"": ""kubectl get pods -A 2>&1; echo \""---\""; kubectl get ns 2>&1; echo \""---\""; kubectl config current-context 2>&1""}",True,unsupported_command,,False,False,False,False,,"{""unsupported_command"": true, ""family"": ""kubectl""}"
X-02,full,p0,1,1,shell_readonly,"{""command"": ""date -u; echo ---; for h in api.example.com app.example.com; do echo \""== $h\""; echo | timeout 5 openssl s_client -servername $h -connect $h:443 2>/dev/null | openssl x509 -noout -subject -issuer -dates 2>/dev/null; done""}","{""command"": ""date -u; echo ---; for h in api.example.com app.example.com; do echo \""== $h\""; echo | timeout 5 openssl s_client -servername $h -connect $h:443 2>/dev/null | openssl x509 -noout -subject -issuer -dates 2>/dev/null; done""}",True,unsupported_command,,False,False,False,False,,"{""unsupported_command"": true, ""family"": ""date""}"
X-02,full,p0,2,1,kubectl_get,"{""resource"": ""deployments"", ""namespace"": ""default""}","{""namespace"": ""default"", ""resource"": ""deployments""}",True,empty,,False,False,False,False,,"{""empty"": true}"
X-02,full,p0,3,2,shell_readonly,"{""command"": ""date -u +%Y-%m-%dT%H:%M:%SZ""}","{""command"": ""date -u +%Y-%m-%dT%H:%M:%SZ""}",True,unsupported_command,,False,False,False,False,,"{""unsupported_command"": true, ""family"": ""date""}"
X-02,full,p0,4,2,kubectl_get,"{""resource"": ""deployments""}","{""resource"": ""deployments""}",True,empty,,False,False,False,False,,"{""empty"": true}"
X-02,full,p0,5,3,shell_readonly,"{""command"": ""hostnamectl""}","{""command"": ""hostnamectl""}",True,unsupported_command,,False,False,False,False,,"{""unsupported_command"": true, ""family"": ""hostnamectl""}"
X-02,full,p0,6,3,kubectl_get,"{""resource"": ""pods""}","{""resource"": ""pods""}",True,empty,,False,False,False,False,,"{""empty"": true}"
X-03,full,p0,1,1,shell_readonly,"{""command"": ""df -h""}","{""command"": ""df -h""}",True,revealed,E1,True,False,True,True,,"{""revealed"": [{""id"": ""E1"", ""tool"": ""shell_readonly"", ""key"": ""df -h"", ""text"": ""/var/lib 100%""}]}"
X-03,full,p0,2,1,shell_readonly,"{""command"": ""df -i""}","{""command"": ""df -i""}",True,unsupported_command,,True,False,False,False,,"{""unsupported_command"": true, ""family"": ""df""}"
X-03,full,p0,3,2,shell_readonly,"{""command"": ""du -xh --max-depth=1 /var/lib 2>/dev/null | sort -rh | head -20""}","{""command"": ""du -xh --max-depth=1 /var/lib 2>/dev/null | sort -rh | head -20""}",True,unsupported_command,,False,False,False,False,,"{""unsupported_command"": true, ""family"": ""du""}"
X-03,full,p0,4,2,shell_readonly,"{""command"": ""ls -lah /var/lib | head -30""}","{""command"": ""ls -lah /var/lib | head -30""}",True,unsupported_command,,False,False,False,False,,"{""unsupported_command"": true, ""family"": ""ls""}"
X-03,full,p0,5,3,list_directory,"{""path"": ""/var/lib""}","{""path"": ""/var/lib""}",True,empty,,False,False,False,False,,"{""empty"": true}"
X-03,full,p0,6,4,systemctl_status,"{""service"": ""postgresql""}","{""service"": ""postgresql""}",True,empty,,False,False,False,False,,"{""empty"": true}"
X-03,full,p0,7,4,systemctl_status,"{""service"": ""mysql""}","{""service"": ""mysql""}",True,empty,,False,False,False,False,,"{""empty"": true}"
X-03,full,p0,8,4,systemctl_status,"{""service"": ""mariadb""}","{""service"": ""mariadb""}",True,empty,,False,False,False,False,,"{""empty"": true}"
X-04,full,p0,1,1,kubectl_get,"{""resource"": ""pods"", ""namespace"": ""default""}","{""namespace"": ""default"", ""resource"": ""pods""}",True,empty,,False,False,False,False,,"{""empty"": true}"
X-04,full,p0,2,1,kubectl_get,"{""resource"": ""services"", ""namespace"": ""kube-system""}","{""namespace"": ""kube-system"", ""resource"": ""services""}",True,empty,,False,False,False,False,,"{""empty"": true}"
X-04,full,p0,3,2,shell_readonly,"{""command"": ""kubectl get pods -A 2>&1 | head -50""}","{""command"": ""kubectl get pods -A 2>&1 | head -50""}",True,unsupported_command,,False,False,False,False,,"{""unsupported_command"": true, ""family"": ""kubectl""}"
X-04,full,p0,4,2,shell_readonly,"{""command"": ""kubectl get nodes 2>&1; kubectl config current-context 2>&1""}","{""command"": ""kubectl get nodes 2>&1; kubectl config current-context 2>&1""}",True,unsupported_command,,False,False,False,False,,"{""unsupported_command"": true, ""family"": ""kubectl""}"
X-04,full,p0,5,3,kubectl_get,"{""resource"": ""pods"", ""namespace"": ""kube-system""}","{""namespace"": ""kube-system"", ""resource"": ""pods""}",True,empty,,False,False,False,False,,"{""empty"": true}"
X-04,full,p0,6,3,kubectl_get,"{""resource"": ""nodes""}","{""resource"": ""nodes""}",True,empty,,False,False,False,False,,"{""empty"": true}"
scenario_id,policy,router,call_index,round,tool,raw_args,normalized_args,json_valid,status,evidence_ids_revealed,new_information,duplicate,relevant,discovery_step,error_class,result_summary
LIN-01,full,p0,1,1,systemctl_status,"{""service"": ""nginx""}","{""service"": ""nginx""}",True,revealed,E1,True,False,True,True,,"{""revealed"": [{""id"": ""E1"", ""tool"": ""systemctl_status"", ""key"": ""nginx"", ""text"": ""nginx.service failed; Active: failed""}]}"
LIN-01,full,p0,2,1,journalctl_read,"{""service"": ""nginx""}","{""service"": ""nginx""}",True,revealed,E2,True,False,True,True,,"{""revealed"": [{""id"": ""E2"", ""tool"": ""journalctl_read"", ""key"": ""nginx"", ""text"": ""nginx: [emerg] bind() to 0.0.0.0:80 failed (98: Address already in use)""}]}"
LIN-01,full,p0,3,2,shell_readonly,"{""command"": ""ss -tlnp | grep -E ':80\\b' || netstat -tlnp 2>/dev/null | grep ':80 '""}","{""command"": ""ss -tlnp | grep -E ':80\\b' || netstat -tlnp 2>/dev/null | grep ':80 '""}",True,unsupported_command,,False,False,False,False,,"{""unsupported_command"": true, ""family"": ""ss""}"
LIN-01,full,p0,4,3,shell_readonly,"{""command"": ""netstat -tlnp | grep ':80 '""}","{""command"": ""netstat -tlnp | grep ':80 '""}",True,unsupported_command,,False,False,False,False,,"{""unsupported_command"": true, ""family"": ""netstat""}"
LIN-01,full,p0,5,4,shell_readonly,"{""command"": ""cat /proc/net/tcp | awk 'NR>1 {split($2,a,\"":\""); if (strtonum(\""0x\""a[2])==80) print $2, $4, $10}'""}","{""command"": ""cat /proc/net/tcp | awk 'NR>1 {split($2,a,\"":\""); if (strtonum(\""0x\""a[2])==80) print $2, $4, $10}'""}",True,unsupported_command,,False,False,False,False,,"{""unsupported_command"": true, ""family"": ""cat""}"
LIN-02,full,p0,1,1,shell_readonly,"{""command"": ""df -h /var""}","{""command"": ""df -h /var""}",True,unsupported_command,,False,False,False,False,,"{""unsupported_command"": true, ""family"": ""df""}"
LIN-02,full,p0,2,1,shell_readonly,"{""command"": ""du -xh --max-depth=1 /var 2>/dev/null | sort -rh | head -20""}","{""command"": ""du -xh --max-depth=1 /var 2>/dev/null | sort -rh | head -20""}",True,unsupported_command,,False,False,False,False,,"{""unsupported_command"": true, ""family"": ""du""}"
LIN-02,full,p0,3,2,shell_readonly,"{""command"": ""ls -la /var""}","{""command"": ""ls -la /var""}",True,unsupported_command,,False,False,False,False,,"{""unsupported_command"": true, ""family"": ""ls""}"
LIN-02,full,p0,4,3,list_directory,"{""path"": ""/var""}","{""path"": ""/var""}",True,empty,,False,False,False,False,,"{""empty"": true}"
LIN-03,full,p0,1,1,shell_readonly,"{""command"": ""crontab -l 2>/dev/null; echo \""---SYSTEM CRON---\""; ls -la /etc/cron.d/ 2>/dev/null; cat /etc/crontab 2>/dev/null""}","{""command"": ""crontab -l 2>/dev/null; echo \""---SYSTEM CRON---\""; ls -la /etc/cron.d/ 2>/dev/null; cat /etc/crontab 2>/dev/null""}",True,unsupported_command,,False,False,False,False,,"{""unsupported_command"": true, ""family"": ""crontab""}"
LIN-03,full,p0,2,1,shell_readonly,"{""command"": ""grep -i cron /var/log/syslog 2>/dev/null | tail -50; echo \""---CRON LOG---\""; tail -50 /var/log/cron 2>/dev/null; echo \""---MAIL---\""; ls -la /var/mail/ 2>/dev/null""}","{""command"": ""grep -i cron /var/log/syslog 2>/dev/null | tail -50; echo \""---CRON LOG---\""; tail -50 /var/log/cron 2>/dev/null; echo \""---MAIL---\""; ls -la /var/mail/ 2>/dev/null""}",True,unsupported_command,,False,False,False,False,,"{""unsupported_command"": true, ""family"": ""grep""}"
LIN-03,full,p0,3,1,systemctl_status,"{""service"": ""cron""}","{""service"": ""cron""}",True,empty,,False,False,False,False,,"{""empty"": true}"
LIN-03,full,p0,4,2,shell_readonly,"{""command"": ""ls -la /etc/cron.d/ /etc/cron.daily/ /var/spool/cron/ 2>&1""}","{""command"": ""ls -la /etc/cron.d/ /etc/cron.daily/ /var/spool/cron/ 2>&1""}",True,unsupported_command,,False,False,False,False,,"{""unsupported_command"": true, ""family"": ""ls""}"
LIN-03,full,p0,5,2,shell_readonly,"{""command"": ""cat /etc/crontab 2>&1""}","{""command"": ""cat /etc/crontab 2>&1""}",True,unsupported_command,,False,False,False,False,,"{""unsupported_command"": true, ""family"": ""cat""}"
LIN-03,full,p0,6,2,journalctl_read,"{""service"": ""cron""}","{""service"": ""cron""}",True,revealed,E3,True,False,True,True,,"{""revealed"": [{""id"": ""E3"", ""tool"": ""journalctl_read"", ""key"": ""cron"", ""text"": ""backup.sh: /data: No such file or directory""}]}"
LIN-03,full,p0,7,3,journalctl_read,"{""service"": ""CRON""}","{""service"": ""CRON""}",True,revealed,E3,True,False,True,True,,"{""revealed"": [{""id"": ""E3"", ""tool"": ""journalctl_read"", ""key"": ""cron"", ""text"": ""backup.sh: /data: No such file or directory""}]}"
LIN-03,full,p0,8,3,shell_readonly,"{""command"": ""mount | grep -i data""}","{""command"": ""mount | grep -i data""}",True,unsupported_command,,True,False,False,False,,"{""unsupported_command"": true, ""family"": ""mount""}"
LIN-03,full,p0,9,3,shell_readonly,"{""command"": ""df -h""}","{""command"": ""df -h""}",True,unsupported_command,,True,False,False,False,,"{""unsupported_command"": true, ""family"": ""df""}"
LIN-03,full,p0,10,4,shell_readonly,"{""command"": ""ls /data 2>&1""}","{""command"": ""ls /data 2>&1""}",True,unsupported_command,,False,False,False,False,,"{""unsupported_command"": true, ""family"": ""ls""}"
LIN-03,full,p0,11,4,shell_readonly,"{""command"": ""ls /mnt 2>&1""}","{""command"": ""ls /mnt 2>&1""}",True,unsupported_command,,False,False,False,False,,"{""unsupported_command"": true, ""family"": ""ls""}"
LIN-03,full,p0,12,4,shell_readonly,"{""command"": ""cat /proc/mounts 2>&1""}","{""command"": ""cat /proc/mounts 2>&1""}",True,unsupported_command,,False,False,False,False,,"{""unsupported_command"": true, ""family"": ""cat""}"
LIN-03,full,p0,13,5,read_file,"{""path"": ""/etc/cron.d""}","{""path"": ""/etc/cron.d""}",True,not_found,,False,False,False,False,,"{""not_found"": true}"
LIN-03,full,p0,14,5,read_file,"{""path"": ""/data""}","{""path"": ""/data""}",True,not_found,,False,False,False,False,,"{""not_found"": true}"
LIN-03,full,p0,15,5,read_file,"{""path"": ""/proc/mounts""}","{""path"": ""/proc/mounts""}",True,not_found,,False,False,False,False,,"{""not_found"": true}"
LIN-03,full,p0,16,6,list_directory,"{""path"": ""/etc""}","{""path"": ""/etc""}",True,empty,,False,False,False,False,,"{""empty"": true}"
LIN-03,full,p0,17,6,list_directory,"{""path"": ""/""}","{""path"": ""/""}",True,empty,,False,False,False,False,,"{""empty"": true}"
LIN-04,full,p0,1,1,shell_readonly,"{""command"": ""systemctl --failed --no-pager 2>/dev/null; echo ---; systemctl list-units --type=service --state=running --no-pager 2>/dev/null | head -40""}","{""command"": ""systemctl --failed --no-pager 2>/dev/null; echo ---; systemctl list-units --type=service --state=running --no-pager 2>/dev/null | head -40""}",True,unsupported_command,,False,False,False,False,,"{""unsupported_command"": true, ""family"": ""systemctl""}"
LIN-04,full,p0,2,1,shell_readonly,"{""command"": ""ps aux --sort=-%cpu | head -20""}","{""command"": ""ps aux --sort=-%cpu | head -20""}",True,unsupported_command,,False,False,False,False,,"{""unsupported_command"": true, ""family"": ""ps""}"
LIN-04,full,p0,3,2,shell_readonly,"{""command"": ""ls /etc/systemd/system/ 2>/dev/null; ls /opt 2>/dev/null; ls /srv 2>/dev/null""}","{""command"": ""ls /etc/systemd/system/ 2>/dev/null; ls /opt 2>/dev/null; ls /srv 2>/dev/null""}",True,unsupported_command,,False,False,False,False,,"{""unsupported_command"": true, ""family"": ""ls""}"
LIN-04,full,p0,4,2,kubectl_get,"{""resource"": ""pods"", ""namespace"": ""default""}","{""namespace"": ""default"", ""resource"": ""pods""}",True,empty,,False,False,False,False,,"{""empty"": true}"
LIN-04,full,p0,5,3,list_directory,"{""path"": ""/""}","{""path"": ""/""}",True,empty,,False,False,False,False,,"{""empty"": true}"
LIN-04,full,p0,6,3,kubectl_get,"{""resource"": ""pods"", ""namespace"": ""kube-system""}","{""namespace"": ""kube-system"", ""resource"": ""pods""}",True,empty,,False,False,False,False,,"{""empty"": true}"
LIN-05,full,p0,1,1,systemctl_status,"{""service"": ""worker""}","{""service"": ""worker""}",True,revealed,E1,True,False,True,True,,"{""revealed"": [{""id"": ""E1"", ""tool"": ""systemctl_status"", ""key"": ""worker"", ""text"": ""worker.service failed; Result: exit-code""}]}"
LIN-05,full,p0,2,1,journalctl_read,"{""service"": ""worker""}","{""service"": ""worker""}",True,revealed,E2,True,False,True,True,,"{""revealed"": [{""id"": ""E2"", ""tool"": ""journalctl_read"", ""key"": ""worker"", ""text"": ""worker: ImportError: No module named 'requests'""}]}"
LIN-05,full,p0,3,2,shell_readonly,"{""command"": ""systemctl cat worker 2>/dev/null; echo ---; which python3; python3 -c \""import requests\"" 2>&1; echo ---; ls /usr/lib/python3/dist-packages 2>/dev/null | head; pip3 list 2>/dev/null | grep -i requests""}","{""command"": ""systemctl cat worker 2>/dev/null; echo ---; which python3; python3 -c \""import requests\"" 2>&1; echo ---; ls /usr/lib/python3/dist-packages 2>/dev/null | head; pip3 list 2>/dev/null | grep -i requests""}",True,unsupported_command,,False,False,False,False,,"{""unsupported_command"": true, ""family"": ""systemctl""}"
LIN-05,full,p0,4,3,read_file,"{""path"": ""/etc/systemd/system/worker.service""}","{""path"": ""/etc/systemd/system/worker.service""}",True,not_found,,False,False,False,False,,"{""not_found"": true}"
LIN-05,full,p0,5,4,read_file,"{""path"": ""/usr/lib/systemd/system/worker.service""}","{""path"": ""/usr/lib/systemd/system/worker.service""}",True,not_found,,False,False,False,False,,"{""not_found"": true}"
NET-01,full,p0,1,1,dns_lookup,"{""hostname"": ""api.internal.example.com""}","{""hostname"": ""api.internal.example.com""}",True,revealed,E1,True,False,True,True,,"{""revealed"": [{""id"": ""E1"", ""tool"": ""dns_lookup"", ""key"": ""api.internal.example.com"", ""text"": ""NXDOMAIN""}]}"
NET-01,full,p0,2,1,shell_readonly,"{""command"": ""cat /etc/resolv.conf; echo ---; cat /etc/hosts""}","{""command"": ""cat /etc/resolv.conf; echo ---; cat /etc/hosts""}",True,unsupported_command,,True,False,False,False,,"{""unsupported_command"": true, ""family"": ""cat""}"
NET-01,full,p0,3,2,read_file,"{""path"": ""/etc/resolv.conf""}","{""path"": ""/etc/resolv.conf""}",True,not_found,,False,False,False,False,,"{""not_found"": true}"
NET-01,full,p0,4,2,read_file,"{""path"": ""/etc/hosts""}","{""path"": ""/etc/hosts""}",True,not_found,,False,False,False,False,,"{""not_found"": true}"
NET-01,full,p0,5,3,shell_readonly,"{""command"": ""ls -la /etc/resolv.conf /etc/hosts /etc/nsswitch.conf 2>&1""}","{""command"": ""ls -la /etc/resolv.conf /etc/hosts /etc/nsswitch.conf 2>&1""}",True,unsupported_command,,False,False,False,False,,"{""unsupported_command"": true, ""family"": ""ls""}"
NET-01,full,p0,6,3,shell_readonly,"{""command"": ""getent hosts api.internal.example.com 2>&1; echo \""exit=$?\""""}","{""command"": ""getent hosts api.internal.example.com 2>&1; echo \""exit=$?\""""}",True,unsupported_command,,False,False,False,False,,"{""unsupported_command"": true, ""family"": ""getent""}"
NET-01,full,p0,7,4,shell_readonly,"{""command"": ""nslookup api.internal.example.com""}","{""command"": ""nslookup api.internal.example.com""}",True,unsupported_command,,False,False,False,False,,"{""unsupported_command"": true, ""family"": ""nslookup""}"
NET-01,full,p0,8,4,shell_readonly,"{""command"": ""dig api.internal.example.com""}","{""command"": ""dig api.internal.example.com""}",True,unsupported_command,,False,False,False,False,,"{""unsupported_command"": true, ""family"": ""dig""}"
NET-02,full,p0,1,1,shell_readonly,"{""command"": ""date -u; echo ---; ls /etc/ssl/certs 2>/dev/null | head; echo ---; ls /etc/nginx/certs /etc/pki/tls/certs /etc/letsencrypt/live 2>/dev/null""}","{""command"": ""date -u; echo ---; ls /etc/ssl/certs 2>/dev/null | head; echo ---; ls /etc/nginx/certs /etc/pki/tls/certs /etc/letsencrypt/live 2>/dev/null""}",True,unsupported_command,,False,False,False,False,,"{""unsupported_command"": true, ""family"": ""date""}"
NET-02,full,p0,2,1,shell_readonly,"{""command"": ""ss -tlnp 2>/dev/null | head -30 || netstat -tlnp 2>/dev/null | head -30""}","{""command"": ""ss -tlnp 2>/dev/null | head -30 || netstat -tlnp 2>/dev/null | head -30""}",True,unsupported_command,,False,False,False,False,,"{""unsupported_command"": true, ""family"": ""ss""}"
NET-02,full,p0,3,2,shell_readonly,"{""command"": ""ls /etc/letsencrypt/live""}","{""command"": ""ls /etc/letsencrypt/live""}",True,unsupported_command,,False,False,False,False,,"{""unsupported_command"": true, ""family"": ""ls""}"
NET-02,full,p0,4,2,shell_readonly,"{""command"": ""ls /etc/nginx/certs""}","{""command"": ""ls /etc/nginx/certs""}",True,unsupported_command,,False,False,False,False,,"{""unsupported_command"": true, ""family"": ""ls""}"
NET-02,full,p0,5,3,list_directory,"{""path"": ""/etc/letsencrypt/live""}","{""path"": ""/etc/letsencrypt/live""}",True,empty,,False,False,False,False,,"{""empty"": true}"
NET-02,full,p0,6,3,list_directory,"{""path"": ""/etc/nginx""}","{""path"": ""/etc/nginx""}",True,empty,,False,False,False,False,,"{""empty"": true}"
NET-03,full,p0,1,1,shell_readonly,"{""command"": ""ss -lntp | head -50; echo ---; ss -s""}","{""command"": ""ss -lntp | head -50; echo ---; ss -s""}",True,unsupported_command,,False,False,False,False,,"{""unsupported_command"": true, ""family"": ""ss""}"
NET-03,full,p0,2,1,shell_readonly,"{""command"": ""date; echo ---; cat /etc/os-release | head -3; echo ---; nproc; free -h""}","{""command"": ""date; echo ---; cat /etc/os-release | head -3; echo ---; nproc; free -h""}",True,unsupported_command,,False,False,False,False,,"{""unsupported_command"": true, ""family"": ""date;""}"
NET-03,full,p0,3,2,shell_readonly,"{""command"": ""ss -lntp""}","{""command"": ""ss -lntp""}",True,unsupported_command,,False,False,False,False,,"{""unsupported_command"": true, ""family"": ""ss""}"
NET-03,full,p0,4,2,shell_readonly,"{""command"": ""date""}","{""command"": ""date""}",True,unsupported_command,,False,False,False,False,,"{""unsupported_command"": true, ""family"": ""date""}"
NET-03,full,p0,5,3,shell_readonly,"{""command"": ""netstat -lntp""}","{""command"": ""netstat -lntp""}",True,unsupported_command,,False,False,False,False,,"{""unsupported_command"": true, ""family"": ""netstat""}"
NET-03,full,p0,6,3,shell_readonly,"{""command"": ""uptime""}","{""command"": ""uptime""}",True,unsupported_command,,False,False,False,False,,"{""unsupported_command"": true, ""family"": ""uptime""}"
NET-04,full,p0,1,1,dns_lookup,"{""hostname"": ""db.internal""}","{""hostname"": ""db.internal""}",True,revealed,E1,True,False,True,True,,"{""revealed"": [{""id"": ""E1"", ""tool"": ""dns_lookup"", ""key"": ""db.internal"", ""text"": ""10.9.9.9 (expected 10.0.0.10)""}]}"
NET-04,full,p0,2,1,shell_readonly,"{""command"": ""cat /etc/resolv.conf; echo ---; cat /etc/hosts""}","{""command"": ""cat /etc/resolv.conf; echo ---; cat /etc/hosts""}",True,unsupported_command,,True,False,False,False,,"{""unsupported_command"": true, ""family"": ""cat""}"
NET-04,full,p0,3,2,read_file,"{""path"": ""/etc/resolv.conf""}","{""path"": ""/etc/resolv.conf""}",True,not_found,,False,False,False,False,,"{""not_found"": true}"
NET-04,full,p0,4,2,read_file,"{""path"": ""/etc/hosts""}","{""path"": ""/etc/hosts""}",True,not_found,,False,False,False,False,,"{""not_found"": true}"
NET-04,full,p0,5,3,systemctl_status,"{""service"": ""named""}","{""service"": ""named""}",True,empty,,False,False,False,False,,"{""empty"": true}"
NET-04,full,p0,6,3,systemctl_status,"{""service"": ""dnsmasq""}","{""service"": ""dnsmasq""}",True,empty,,False,False,False,False,,"{""empty"": true}"
NET-04,full,p0,7,4,systemctl_status,"{""service"": ""systemd-resolved""}","{""service"": ""systemd-resolved""}",True,empty,,False,False,False,False,,"{""empty"": true}"
NET-04,full,p0,8,4,shell_readonly,"{""command"": ""ls /etc""}","{""command"": ""ls /etc""}",True,unsupported_command,,False,False,False,False,,"{""unsupported_command"": true, ""family"": ""ls""}"
NET-05,full,p0,1,1,shell_readonly,"{""command"": ""ss -ltnp 2>/dev/null | head -40; echo '---'; ps aux | grep -Ei 'nginx|apache|httpd|envoy|traefik|haproxy|caddy' | grep -v grep""}","{""command"": ""ss -ltnp 2>/dev/null | head -40; echo '---'; ps aux | grep -Ei 'nginx|apache|httpd|envoy|traefik|haproxy|caddy' | grep -v grep""}",True,unsupported_command,,False,False,False,False,,"{""unsupported_command"": true, ""family"": ""ss""}"
NET-05,full,p0,2,1,systemctl_status,"{""service"": ""nginx""}","{""service"": ""nginx""}",True,empty,,False,False,False,False,,"{""empty"": true}"
NET-05,full,p0,3,1,systemctl_status,"{""service"": ""httpd""}","{""service"": ""httpd""}",True,empty,,False,False,False,False,,"{""empty"": true}"
NET-05,full,p0,4,2,shell_readonly,"{""command"": ""ps aux | grep -Ei 'nginx|apache|httpd|envoy|traefik|haproxy|caddy|proxy' | grep -v grep""}","{""command"": ""ps aux | grep -Ei 'nginx|apache|httpd|envoy|traefik|haproxy|caddy|proxy' | grep -v grep""}",True,unsupported_command,,False,False,False,False,,"{""unsupported_command"": true, ""family"": ""ps""}"
NET-05,full,p0,5,2,shell_readonly,"{""command"": ""netstat -ltnp 2>/dev/null | head -40""}","{""command"": ""netstat -ltnp 2>/dev/null | head -40""}",True,unsupported_command,,False,False,False,False,,"{""unsupported_command"": true, ""family"": ""netstat""}"
NET-05,full,p0,6,2,shell_readonly,"{""command"": ""ls /etc/nginx/conf.d /etc/nginx/sites-enabled /etc/httpd/conf.d /etc/haproxy /etc/traefik 2>/dev/null""}","{""command"": ""ls /etc/nginx/conf.d /etc/nginx/sites-enabled /etc/httpd/conf.d /etc/haproxy /etc/traefik 2>/dev/null""}",True,unsupported_command,,False,False,False,False,,"{""unsupported_command"": true, ""family"": ""ls""}"
NET-05,full,p0,7,3,list_directory,"{""path"": ""/etc/nginx""}","{""path"": ""/etc/nginx""}",True,empty,,False,False,False,False,,"{""empty"": true}"
NET-05,full,p0,8,3,list_directory,"{""path"": ""/etc""}","{""path"": ""/etc""}",True,empty,,False,False,False,False,,"{""empty"": true}"
K8S-01,full,p0,1,1,kubectl_get,"{""resource"": ""pods"", ""namespace"": ""prod""}","{""namespace"": ""prod"", ""resource"": ""pods""}",True,revealed,E1,True,False,True,True,,"{""revealed"": [{""id"": ""E1"", ""tool"": ""kubectl_get"", ""key"": ""pods"", ""text"": ""web 0/1 CrashLoopBackOff""}]}"
K8S-01,full,p0,2,2,kubectl_describe,"{""pod"": ""web"", ""namespace"": ""prod""}","{""namespace"": ""prod"", ""pod"": ""web""}",True,revealed,E2,True,False,True,True,,"{""revealed"": [{""id"": ""E2"", ""tool"": ""kubectl_describe"", ""key"": ""web"", ""text"": ""Exit Code 1; Liveness HTTP 500""}]}"
K8S-01,full,p0,3,2,kubectl_logs,"{""pod"": ""web"", ""namespace"": ""prod""}","{""namespace"": ""prod"", ""pod"": ""web""}",True,revealed,E3,True,False,True,True,,"{""revealed"": [{""id"": ""E3"", ""tool"": ""kubectl_logs"", ""key"": ""web"", ""text"": ""panic: dial tcp 10.0.0.10:5432: connection refused""}]}"
K8S-01,full,p0,4,3,kubectl_get,"{""resource"": ""services"", ""namespace"": ""prod""}","{""namespace"": ""prod"", ""resource"": ""services""}",True,empty,,False,False,False,False,,"{""empty"": true}"
K8S-01,full,p0,5,3,kubectl_get,"{""resource"": ""pods"", ""namespace"": ""prod""}","{""namespace"": ""prod"", ""resource"": ""pods""}",True,duplicate,,False,True,False,False,,"{""duplicate"": true}"
K8S-01,full,p0,6,4,kubectl_get,"{""resource"": ""pods -A"", ""namespace"": ""prod""}","{""namespace"": ""prod"", ""resource"": ""pods -A""}",True,empty,,False,True,False,False,,"{""empty"": true}"
K8S-01,full,p0,7,5,kubectl_get,"{""resource"": ""pods"", ""namespace"": ""default""}","{""namespace"": ""default"", ""resource"": ""pods""}",True,revealed,E1,True,True,True,True,,"{""revealed"": [{""id"": ""E1"", ""tool"": ""kubectl_get"", ""key"": ""pods"", ""text"": ""web 0/1 CrashLoopBackOff""}]}"
K8S-01,full,p0,8,5,kubectl_get,"{""resource"": ""endpoints"", ""namespace"": ""prod""}","{""namespace"": ""prod"", ""resource"": ""endpoints""}",True,empty,,True,True,False,False,,"{""empty"": true}"
K8S-01,full,p0,9,6,kubectl_get,"{""resource"": ""pods"", ""namespace"": ""postgres""}","{""namespace"": ""postgres"", ""resource"": ""pods""}",True,revealed,E1,True,True,True,True,,"{""revealed"": [{""id"": ""E1"", ""tool"": ""kubectl_get"", ""key"": ""pods"", ""text"": ""web 0/1 CrashLoopBackOff""}]}"
K8S-01,full,p0,10,6,kubectl_get,"{""resource"": ""pods"", ""namespace"": ""database""}","{""namespace"": ""database"", ""resource"": ""pods""}",True,revealed,E1,True,True,True,True,,"{""revealed"": [{""id"": ""E1"", ""tool"": ""kubectl_get"", ""key"": ""pods"", ""text"": ""web 0/1 CrashLoopBackOff""}]}"
K8S-01,full,p0,11,7,kubectl_get,"{""resource"": ""pods"", ""namespace"": ""kube-system""}","{""namespace"": ""kube-system"", ""resource"": ""pods""}",True,revealed,E1,True,True,True,True,,"{""revealed"": [{""id"": ""E1"", ""tool"": ""kubectl_get"", ""key"": ""pods"", ""text"": ""web 0/1 CrashLoopBackOff""}]}"
K8S-01,full,p0,12,7,kubectl_get,"{""resource"": ""pods"", ""namespace"": ""db""}","{""namespace"": ""db"", ""resource"": ""pods""}",True,revealed,E1,True,True,True,True,,"{""revealed"": [{""id"": ""E1"", ""tool"": ""kubectl_get"", ""key"": ""pods"", ""text"": ""web 0/1 CrashLoopBackOff""}]}"
K8S-01,full,p0,13,8,kubectl_get,"{""resource"": ""pods"", ""namespace"": ""prod""}","{""namespace"": ""prod"", ""resource"": ""pods""}",True,duplicate,,False,True,False,False,,"{""duplicate"": true}"
K8S-01,full,p0,14,9,kubectl_get,"{""resource"": ""pods"", ""namespace"": ""prod""}","{""namespace"": ""prod"", ""resource"": ""pods""}",True,duplicate,,False,True,False,False,,"{""duplicate"": true}"
K8S-01,full,p0,15,10,kubectl_get,"{""resource"": ""pods"", ""namespace"": ""prod""}","{""namespace"": ""prod"", ""resource"": ""pods""}",True,duplicate,,False,True,False,False,,"{""duplicate"": true}"
K8S-02,full,p0,1,1,kubectl_get,"{""resource"": ""pods""}","{""resource"": ""pods""}",True,revealed,E1,True,False,True,True,,"{""revealed"": [{""id"": ""E1"", ""tool"": ""kubectl_get"", ""key"": ""pods"", ""text"": ""api 0/1 Pending""}]}"
K8S-02,full,p0,2,2,kubectl_describe,"{""pod"": ""api""}","{""pod"": ""api""}",True,revealed,E2,True,False,True,True,,"{""revealed"": [{""id"": ""E2"", ""tool"": ""kubectl_describe"", ""key"": ""api"", ""text"": ""0/2 nodes available: insufficient cpu""}]}"
K8S-02,full,p0,3,3,kubectl_get,"{""resource"": ""nodes""}","{""resource"": ""nodes""}",True,empty,,False,False,False,False,,"{""empty"": true}"
K8S-02,full,p0,4,4,kubectl_get,"{""resource"": ""pods"", ""namespace"": ""default""}","{""namespace"": ""default"", ""resource"": ""pods""}",True,revealed,E1,True,False,True,True,,"{""revealed"": [{""id"": ""E1"", ""tool"": ""kubectl_get"", ""key"": ""pods"", ""text"": ""api 0/1 Pending""}]}"
K8S-02,full,p0,5,5,kubectl_get,"{""resource"": ""node""}","{""resource"": ""node""}",True,empty,,False,False,False,False,,"{""empty"": true}"
K8S-02,full,p0,6,6,kubectl_get,"{""resource"": ""pods --all-namespaces""}","{""resource"": ""pods --all-namespaces""}",True,empty,,False,False,False,False,,"{""empty"": true}"
K8S-02,full,p0,7,7,kubectl_get,"{""resource"": ""resourcequotas""}","{""resource"": ""resourcequotas""}",True,empty,,False,False,False,False,,"{""empty"": true}"
K8S-02,full,p0,8,7,kubectl_get,"{""resource"": ""limitranges""}","{""resource"": ""limitranges""}",True,empty,,False,False,False,False,,"{""empty"": true}"
K8S-03,full,p0,1,1,kubectl_get,"{""resource"": ""pods""}","{""resource"": ""pods""}",True,empty,,False,False,False,False,,"{""empty"": true}"
K8S-03,full,p0,2,1,kubectl_get,"{""resource"": ""deployments""}","{""resource"": ""deployments""}",True,empty,,False,False,False,False,,"{""empty"": true}"
K8S-03,full,p0,3,2,kubectl_get,"{""resource"": ""pods"", ""namespace"": ""default""}","{""namespace"": ""default"", ""resource"": ""pods""}",True,empty,,False,False,False,False,,"{""empty"": true}"
K8S-03,full,p0,4,2,kubectl_get,"{""resource"": ""deployments"", ""namespace"": ""default""}","{""namespace"": ""default"", ""resource"": ""deployments""}",True,empty,,False,False,False,False,,"{""empty"": true}"
K8S-03,full,p0,5,3,kubectl_get,"{""resource"": ""namespaces""}","{""resource"": ""namespaces""}",True,empty,,False,False,False,False,,"{""empty"": true}"
K8S-03,full,p0,6,3,shell_readonly,"{""command"": ""kubectl get pods -A 2>&1 | head -50""}","{""command"": ""kubectl get pods -A 2>&1 | head -50""}",True,unsupported_command,,False,False,False,False,,"{""unsupported_command"": true, ""family"": ""kubectl""}"
K8S-04,full,p0,1,1,kubectl_get,"{""resource"": ""pods""}","{""resource"": ""pods""}",True,empty,,False,False,False,False,,"{""empty"": true}"
K8S-04,full,p0,2,2,kubectl_get,"{""resource"": ""pods"", ""namespace"": ""default""}","{""namespace"": ""default"", ""resource"": ""pods""}",True,empty,,False,False,False,False,,"{""empty"": true}"
K8S-04,full,p0,3,2,kubectl_get,"{""resource"": ""pods"", ""namespace"": ""kube-system""}","{""namespace"": ""kube-system"", ""resource"": ""pods""}",True,empty,,False,False,False,False,,"{""empty"": true}"
K8S-04,full,p0,4,3,shell_readonly,"{""command"": ""kubectl get pods -A 2>&1 | head -50""}","{""command"": ""kubectl get pods -A 2>&1 | head -50""}",True,unsupported_command,,False,False,False,False,,"{""unsupported_command"": true, ""family"": ""kubectl""}"
K8S-05,full,p0,1,1,kubectl_get,"{""resource"": ""endpoints""}","{""resource"": ""endpoints""}",True,empty,,False,False,False,False,,"{""empty"": true}"
K8S-05,full,p0,2,1,kubectl_get,"{""resource"": ""pods""}","{""resource"": ""pods""}",True,empty,,False,False,False,False,,"{""empty"": true}"
K8S-05,full,p0,3,1,kubectl_get,"{""resource"": ""services""}","{""resource"": ""services""}",True,empty,,False,False,False,False,,"{""empty"": true}"
K8S-05,full,p0,4,2,kubectl_get,"{""resource"": ""endpoints"", ""namespace"": ""default""}","{""namespace"": ""default"", ""resource"": ""endpoints""}",True,empty,,False,False,False,False,,"{""empty"": true}"
K8S-05,full,p0,5,2,kubectl_get,"{""resource"": ""pods"", ""namespace"": ""default""}","{""namespace"": ""default"", ""resource"": ""pods""}",True,empty,,False,False,False,False,,"{""empty"": true}"
K8S-05,full,p0,6,2,kubectl_get,"{""resource"": ""services"", ""namespace"": ""default""}","{""namespace"": ""default"", ""resource"": ""services""}",True,empty,,False,False,False,False,,"{""empty"": true}"
K8S-05,full,p0,7,3,shell_readonly,"{""command"": ""kubectl get endpoints -A; echo ---; kubectl get pods -A; echo ---; kubectl get svc -A""}","{""command"": ""kubectl get endpoints -A; echo ---; kubectl get pods -A; echo ---; kubectl get svc -A""}",True,unsupported_command,,False,False,False,False,,"{""unsupported_command"": true, ""family"": ""kubectl""}"
K8S-06,full,p0,1,1,kubectl_get,"{""resource"": ""pods""}","{""resource"": ""pods""}",True,empty,,False,False,False,False,,"{""empty"": true}"
K8S-06,full,p0,2,1,kubectl_get,"{""resource"": ""persistentvolumeclaims""}","{""resource"": ""persistentvolumeclaims""}",True,empty,,False,False,False,False,,"{""empty"": true}"
K8S-06,full,p0,3,2,kubectl_get,"{""resource"": ""pods"", ""namespace"": ""default""}","{""namespace"": ""default"", ""resource"": ""pods""}",True,empty,,False,False,False,False,,"{""empty"": true}"
K8S-06,full,p0,4,2,kubectl_get,"{""resource"": ""persistentvolumeclaims"", ""namespace"": ""default""}","{""namespace"": ""default"", ""resource"": ""persistentvolumeclaims""}",True,empty,,False,False,False,False,,"{""empty"": true}"
K8S-06,full,p0,5,2,shell_readonly,"{""command"": ""kubectl get pods -A 2>&1 | head -50""}","{""command"": ""kubectl get pods -A 2>&1 | head -50""}",True,unsupported_command,,False,False,False,False,,"{""unsupported_command"": true, ""family"": ""kubectl""}"
K8S-06,full,p0,6,3,shell_readonly,"{""command"": ""kubectl get pods -A""}","{""command"": ""kubectl get pods -A""}",True,unsupported_command,,False,False,False,False,,"{""unsupported_command"": true, ""family"": ""kubectl""}"
K8S-06,full,p0,7,3,shell_readonly,"{""command"": ""kubectl get pvc -A""}","{""command"": ""kubectl get pvc -A""}",True,unsupported_command,,False,False,False,False,,"{""unsupported_command"": true, ""family"": ""kubectl""}"
K8S-07,full,p0,1,1,kubectl_get,"{""resource"": ""pods""}","{""resource"": ""pods""}",True,empty,,False,False,False,False,,"{""empty"": true}"
K8S-07,full,p0,2,2,kubectl_get,"{""resource"": ""pods"", ""namespace"": ""default""}","{""namespace"": ""default"", ""resource"": ""pods""}",True,empty,,False,False,False,False,,"{""empty"": true}"
K8S-07,full,p0,3,2,kubectl_get,"{""resource"": ""pods"", ""namespace"": ""kube-system""}","{""namespace"": ""kube-system"", ""resource"": ""pods""}",True,empty,,False,False,False,False,,"{""empty"": true}"
K8S-07,full,p0,4,3,shell_readonly,"{""command"": ""kubectl get pods -A""}","{""command"": ""kubectl get pods -A""}",True,unsupported_command,,False,False,False,False,,"{""unsupported_command"": true, ""family"": ""kubectl""}"
K8S-08,full,p0,1,1,kubectl_get,"{""resource"": ""pods""}","{""resource"": ""pods""}",True,empty,,False,False,False,False,,"{""empty"": true}"
K8S-08,full,p0,2,2,kubectl_get,"{""resource"": ""pods"", ""namespace"": ""default""}","{""namespace"": ""default"", ""resource"": ""pods""}",True,empty,,False,False,False,False,,"{""empty"": true}"
K8S-08,full,p0,3,2,kubectl_get,"{""resource"": ""pods"", ""namespace"": ""kube-system""}","{""namespace"": ""kube-system"", ""resource"": ""pods""}",True,empty,,False,False,False,False,,"{""empty"": true}"
K8S-08,full,p0,4,3,kubectl_get,"{""resource"": ""pods --all-namespaces""}","{""resource"": ""pods --all-namespaces""}",True,empty,,False,False,False,False,,"{""empty"": true}"
K8S-08,full,p0,5,3,kubectl_get,"{""resource"": ""nodes""}","{""resource"": ""nodes""}",True,empty,,False,False,False,False,,"{""empty"": true}"
CON-01,full,p0,1,1,kubectl_get,"{""resource"": ""pods""}","{""resource"": ""pods""}",True,empty,,False,False,False,False,,"{""empty"": true}"
CON-01,full,p0,2,1,shell_readonly,"{""command"": ""free -h; echo ---; dmesg -T | grep -iE 'oom|killed process' | tail -n 30""}","{""command"": ""free -h; echo ---; dmesg -T | grep -iE 'oom|killed process' | tail -n 30""}",True,unsupported_command,,False,False,False,False,,"{""unsupported_command"": true, ""family"": ""free""}"
CON-01,full,p0,3,2,kubectl_get,"{""resource"": ""pods"", ""namespace"": ""default""}","{""namespace"": ""default"", ""resource"": ""pods""}",True,empty,,False,False,False,False,,"{""empty"": true}"
CON-01,full,p0,4,2,shell_readonly,"{""command"": ""dmesg -T | grep -iE 'oom|killed process' | tail -n 30""}","{""command"": ""dmesg -T | grep -iE 'oom|killed process' | tail -n 30""}",True,unsupported_command,,False,False,False,False,,"{""unsupported_command"": true, ""family"": ""dmesg""}"
CON-01,full,p0,5,3,shell_readonly,"{""command"": ""cat /proc/meminfo | head -n 5""}","{""command"": ""cat /proc/meminfo | head -n 5""}",True,unsupported_command,,False,False,False,False,,"{""unsupported_command"": true, ""family"": ""cat""}"
CON-01,full,p0,6,3,systemctl_status,"{""service"": ""docker""}","{""service"": ""docker""}",True,empty,,False,False,False,False,,"{""empty"": true}"
CON-02,full,p0,1,1,systemctl_status,"{""service"": ""docker""}","{""service"": ""docker""}",True,revealed,E1,True,False,True,True,,"{""revealed"": [{""id"": ""E1"", ""tool"": ""systemctl_status"", ""key"": ""docker"", ""text"": ""docker.service inactive (dead)""}]}"
CON-02,full,p0,2,1,shell_readonly,"{""command"": ""ps aux | grep -i [d]ocker; echo ---; ls -l /var/run/docker.sock 2>&1; echo ---; whoami""}","{""command"": ""ps aux | grep -i [d]ocker; echo ---; ls -l /var/run/docker.sock 2>&1; echo ---; whoami""}",True,unsupported_command,,True,False,False,False,,"{""unsupported_command"": true, ""family"": ""ps""}"
CON-02,full,p0,3,2,journalctl_read,"{""service"": ""docker""}","{""service"": ""docker""}",True,empty,,False,False,False,False,,"{""empty"": true}"
CON-02,full,p0,4,2,shell_readonly,"{""command"": ""ls -l /var/run/docker.sock 2>&1; echo ---; id; echo ---; ls -ld /var/run/docker 2>&1""}","{""command"": ""ls -l /var/run/docker.sock 2>&1; echo ---; id; echo ---; ls -ld /var/run/docker 2>&1""}",True,unsupported_command,,False,False,False,False,,"{""unsupported_command"": true, ""family"": ""ls""}"
CON-02,full,p0,5,3,read_file,"{""path"": ""/var/log/docker.log""}","{""path"": ""/var/log/docker.log""}",True,not_found,,False,False,False,False,,"{""not_found"": true}"
CON-02,full,p0,6,3,read_file,"{""path"": ""/etc/systemd/system/docker.service""}","{""path"": ""/etc/systemd/system/docker.service""}",True,not_found,,False,False,False,False,,"{""not_found"": true}"
CON-02,full,p0,7,4,read_file,"{""path"": ""/lib/systemd/system/docker.service""}","{""path"": ""/lib/systemd/system/docker.service""}",True,not_found,,False,False,False,False,,"{""not_found"": true}"
CON-02,full,p0,8,4,read_file,"{""path"": ""/etc/docker/daemon.json""}","{""path"": ""/etc/docker/daemon.json""}",True,not_found,,False,False,False,False,,"{""not_found"": true}"
CON-03,full,p0,1,1,kubectl_get,"{""resource"": ""pods"", ""namespace"": ""default""}","{""namespace"": ""default"", ""resource"": ""pods""}",True,empty,,False,False,False,False,,"{""empty"": true}"
CON-03,full,p0,2,1,kubectl_get,"{""resource"": ""services"", ""namespace"": ""default""}","{""namespace"": ""default"", ""resource"": ""services""}",True,empty,,False,False,False,False,,"{""empty"": true}"
CON-03,full,p0,3,2,kubectl_get,"{""resource"": ""pods"", ""namespace"": ""kube-system""}","{""namespace"": ""kube-system"", ""resource"": ""pods""}",True,empty,,False,False,False,False,,"{""empty"": true}"
CON-03,full,p0,4,2,shell_readonly,"{""command"": ""kubectl get pods -A 2>&1 | head -50""}","{""command"": ""kubectl get pods -A 2>&1 | head -50""}",True,unsupported_command,,False,False,False,False,,"{""unsupported_command"": true, ""family"": ""kubectl""}"
CON-03,full,p0,5,3,shell_readonly,"{""command"": ""kubectl get pods --all-namespaces""}","{""command"": ""kubectl get pods --all-namespaces""}",True,unsupported_command,,False,False,False,False,,"{""unsupported_command"": true, ""family"": ""kubectl""}"
CON-04,full,p0,1,1,shell_readonly,"{""command"": ""docker system df -v 2>/dev/null | head -60; echo ---; docker images --format 'table {{.Repository}}:{{.Tag}}\\t{{.Size}}' 2>/dev/null | sort -k2 -h | tail -15""}","{""command"": ""docker system df -v 2>/dev/null | head -60; echo ---; docker images --format 'table {{.Repository}}:{{.Tag}}\\t{{.Size}}' 2>/dev/null | sort -k2 -h | tail -15""}",True,unsupported_command,,False,False,False,False,,"{""unsupported_command"": true, ""family"": ""docker""}"
CON-04,full,p0,2,1,shell_readonly,"{""command"": ""ls -la /var/lib/docker 2>/dev/null | head; df -h /var/lib/docker 2>/dev/null""}","{""command"": ""ls -la /var/lib/docker 2>/dev/null | head; df -h /var/lib/docker 2>/dev/null""}",True,unsupported_command,,False,False,False,False,,"{""unsupported_command"": true, ""family"": ""ls""}"
CON-04,full,p0,3,2,shell_readonly,"{""command"": ""echo test""}","{""command"": ""echo test""}",True,unsupported_command,,False,False,False,False,,"{""unsupported_command"": true, ""family"": ""echo""}"
CON-04,full,p0,4,3,list_directory,"{""path"": ""/""}","{""path"": ""/""}",True,empty,,False,False,False,False,,"{""empty"": true}"
CON-04,full,p0,5,3,list_directory,"{""path"": ""/var/lib/docker""}","{""path"": ""/var/lib/docker""}",True,empty,,False,False,False,False,,"{""empty"": true}"
STO-01,full,p0,1,1,kubectl_get,"{""resource"": ""pvc""}","{""resource"": ""pvc""}",True,empty,,False,False,False,False,,"{""empty"": true}"
STO-01,full,p0,2,1,kubectl_get,"{""resource"": ""pods""}","{""resource"": ""pods""}",True,empty,,False,False,False,False,,"{""empty"": true}"
STO-01,full,p0,3,2,kubectl_get,"{""resource"": ""pvc"", ""namespace"": ""default""}","{""namespace"": ""default"", ""resource"": ""pvc""}",True,empty,,False,False,False,False,,"{""empty"": true}"
STO-01,full,p0,4,2,kubectl_get,"{""resource"": ""pods"", ""namespace"": ""default""}","{""namespace"": ""default"", ""resource"": ""pods""}",True,empty,,False,False,False,False,,"{""empty"": true}"
STO-01,full,p0,5,3,shell_readonly,"{""command"": ""kubectl get pvc -A 2>&1; echo ---; kubectl get pods -A 2>&1""}","{""command"": ""kubectl get pvc -A 2>&1; echo ---; kubectl get pods -A 2>&1""}",True,unsupported_command,,False,False,False,False,,"{""unsupported_command"": true, ""family"": ""kubectl""}"
STO-02,full,p0,1,1,shell_readonly,"{""command"": ""ceph -s 2>&1 | head -40""}","{""command"": ""ceph -s 2>&1 | head -40""}",True,unsupported_command,,False,False,False,False,,"{""unsupported_command"": true, ""family"": ""ceph""}"
STO-02,full,p0,2,1,shell_readonly,"{""command"": ""ceph osd tree 2>&1 | head -40""}","{""command"": ""ceph osd tree 2>&1 | head -40""}",True,unsupported_command,,False,False,False,False,,"{""unsupported_command"": true, ""family"": ""ceph""}"
STO-02,full,p0,3,2,systemctl_status,"{""service"": ""ceph-osd""}","{""service"": ""ceph-osd""}",True,empty,,False,False,False,False,,"{""empty"": true}"
STO-02,full,p0,4,2,shell_readonly,"{""command"": ""systemctl list-units --type=service --all | grep -i ceph""}","{""command"": ""systemctl list-units --type=service --all | grep -i ceph""}",True,unsupported_command,,False,False,False,False,,"{""unsupported_command"": true, ""family"": ""systemctl""}"
STO-02,full,p0,5,3,shell_readonly,"{""command"": ""ls /etc/ceph/ 2>&1; ls /var/lib/ceph/osd/ 2>&1; ls /var/log/ceph/ 2>&1""}","{""command"": ""ls /etc/ceph/ 2>&1; ls /var/lib/ceph/osd/ 2>&1; ls /var/log/ceph/ 2>&1""}",True,unsupported_command,,False,False,False,False,,"{""unsupported_command"": true, ""family"": ""ls""}"
STO-02,full,p0,6,3,shell_readonly,"{""command"": ""ps aux | grep -i ceph | grep -v grep""}","{""command"": ""ps aux | grep -i ceph | grep -v grep""}",True,unsupported_command,,False,False,False,False,,"{""unsupported_command"": true, ""family"": ""ps""}"
STO-03,full,p0,1,1,shell_readonly,"{""command"": ""ceph -s 2>&1 | head -40""}","{""command"": ""ceph -s 2>&1 | head -40""}",True,unsupported_command,,False,False,False,False,,"{""unsupported_command"": true, ""family"": ""ceph""}"
STO-03,full,p0,2,1,shell_readonly,"{""command"": ""ceph pg stat 2>&1; echo ---; ceph pg dump 2>/dev/null | awk '$2==\""undersized\"" || $2==\""degraded\"" || $2==\""stale\"" || $2==\""stuck\"" {print}' | head -20""}","{""command"": ""ceph pg stat 2>&1; echo ---; ceph pg dump 2>/dev/null | awk '$2==\""undersized\"" || $2==\""degraded\"" || $2==\""stale\"" || $2==\""stuck\"" {print}' | head -20""}",True,unsupported_command,,False,False,False,False,,"{""unsupported_command"": true, ""family"": ""ceph""}"
STO-03,full,p0,3,2,shell_readonly,"{""command"": ""which ceph; ls /etc/ceph 2>/dev/null; systemctl list-units --type=service 2>/dev/null | grep -i ceph""}","{""command"": ""which ceph; ls /etc/ceph 2>/dev/null; systemctl list-units --type=service 2>/dev/null | grep -i ceph""}",True,unsupported_command,,False,False,False,False,,"{""unsupported_command"": true, ""family"": ""which""}"
STO-03,full,p0,4,3,list_directory,"{""path"": ""/etc/ceph""}","{""path"": ""/etc/ceph""}",True,empty,,False,False,False,False,,"{""empty"": true}"
STO-03,full,p0,5,3,systemctl_status,"{""service"": ""ceph-mon""}","{""service"": ""ceph-mon""}",True,empty,,False,False,False,False,,"{""empty"": true}"
STO-04,full,p0,1,1,shell_readonly,"{""command"": ""cat /proc/drbd 2>/dev/null; echo ---; drbdadm status 2>/dev/null""}","{""command"": ""cat /proc/drbd 2>/dev/null; echo ---; drbdadm status 2>/dev/null""}",True,unsupported_command,,False,False,False,False,,"{""unsupported_command"": true, ""family"": ""cat""}"
STO-04,full,p0,2,1,systemctl_status,"{""service"": ""drbd@r0""}","{""service"": ""drbd@r0""}",True,empty,,False,False,False,False,,"{""empty"": true}"
STO-04,full,p0,3,2,read_file,"{""path"": ""/proc/drbd""}","{""path"": ""/proc/drbd""}",True,not_found,,False,False,False,False,,"{""not_found"": true}"
STO-04,full,p0,4,2,shell_readonly,"{""command"": ""drbdadm status""}","{""command"": ""drbdadm status""}",True,unsupported_command,,False,False,False,False,,"{""unsupported_command"": true, ""family"": ""drbdadm""}"
STO-04,full,p0,5,3,shell_readonly,"{""command"": ""ls /etc/drbd.d/ 2>/dev/null; ls /etc/drbd* 2>/dev/null""}","{""command"": ""ls /etc/drbd.d/ 2>/dev/null; ls /etc/drbd* 2>/dev/null""}",True,unsupported_command,,False,False,False,False,,"{""unsupported_command"": true, ""family"": ""ls""}"
STO-04,full,p0,6,3,systemctl_status,"{""service"": ""drbd""}","{""service"": ""drbd""}",True,empty,,False,False,False,False,,"{""empty"": true}"
STO-05,full,p0,1,1,shell_readonly,"{""command"": ""cat /proc/drbd 2>/dev/null; echo ---; drbdadm status 2>/dev/null""}","{""command"": ""cat /proc/drbd 2>/dev/null; echo ---; drbdadm status 2>/dev/null""}",True,unsupported_command,,False,False,False,False,,"{""unsupported_command"": true, ""family"": ""cat""}"
STO-05,full,p0,2,1,systemctl_status,"{""service"": ""drbd""}","{""service"": ""drbd""}",True,empty,,False,False,False,False,,"{""empty"": true}"
STO-05,full,p0,3,2,read_file,"{""path"": ""/proc/drbd""}","{""path"": ""/proc/drbd""}",True,not_found,,False,False,False,False,,"{""not_found"": true}"
STO-05,full,p0,4,2,shell_readonly,"{""command"": ""drbdadm status""}","{""command"": ""drbdadm status""}",True,unsupported_command,,False,False,False,False,,"{""unsupported_command"": true, ""family"": ""drbdadm""}"
STO-05,full,p0,5,3,shell_readonly,"{""command"": ""ls /etc/drbd.d/ 2>/dev/null; ls /etc/drbd* 2>/dev/null""}","{""command"": ""ls /etc/drbd.d/ 2>/dev/null; ls /etc/drbd* 2>/dev/null""}",True,unsupported_command,,False,False,False,False,,"{""unsupported_command"": true, ""family"": ""ls""}"
STO-05,full,p0,6,3,journalctl_read,"{""service"": ""drbd""}","{""service"": ""drbd""}",True,empty,,False,False,False,False,,"{""empty"": true}"
STO-06,full,p0,1,1,kubectl_get,"{""resource"": ""pods"", ""namespace"": ""default""}","{""namespace"": ""default"", ""resource"": ""pods""}",True,empty,,False,False,False,False,,"{""empty"": true}"
STO-06,full,p0,2,1,kubectl_get,"{""resource"": ""pvc"", ""namespace"": ""default""}","{""namespace"": ""default"", ""resource"": ""pvc""}",True,empty,,False,False,False,False,,"{""empty"": true}"
STO-06,full,p0,3,2,kubectl_get,"{""resource"": ""namespaces""}","{""resource"": ""namespaces""}",True,empty,,False,False,False,False,,"{""empty"": true}"
STO-06,full,p0,4,3,shell_readonly,"{""command"": ""kubectl get ns -A 2>&1; echo \""---\""; kubectl get pvc -A 2>&1; echo \""---\""; kubectl get pods -A 2>&1""}","{""command"": ""kubectl get ns -A 2>&1; echo \""---\""; kubectl get pvc -A 2>&1; echo \""---\""; kubectl get pods -A 2>&1""}",True,unsupported_command,,False,False,False,False,,"{""unsupported_command"": true, ""family"": ""kubectl""}"
VIR-01,full,p0,1,1,systemctl_status,"{""service"": ""libvirtd""}","{""service"": ""libvirtd""}",True,empty,,False,False,False,False,,"{""empty"": true}"
VIR-01,full,p0,2,1,shell_readonly,"{""command"": ""virsh list --all 2>&1 | head -50""}","{""command"": ""virsh list --all 2>&1 | head -50""}",True,unsupported_command,,False,False,False,False,,"{""unsupported_command"": true, ""family"": ""virsh""}"
VIR-01,full,p0,3,2,shell_readonly,"{""command"": ""ls /etc/libvirt/qemu/ 2>&1; ls /var/lib/libvirt/qemu/ 2>&1""}","{""command"": ""ls /etc/libvirt/qemu/ 2>&1; ls /var/lib/libvirt/qemu/ 2>&1""}",True,unsupported_command,,False,False,False,False,,"{""unsupported_command"": true, ""family"": ""ls""}"
VIR-01,full,p0,4,2,journalctl_read,"{""service"": ""libvirtd""}","{""service"": ""libvirtd""}",True,revealed,E1,True,False,True,True,,"{""revealed"": [{""id"": ""E1"", ""tool"": ""journalctl_read"", ""key"": ""libvirtd"", ""text"": ""unsupported configuration: CPU mode host-passthrough not supported""}]}"
VIR-01,full,p0,5,3,read_file,"{""path"": ""/etc/libvirt/qemu/win10.xml""}","{""path"": ""/etc/libvirt/qemu/win10.xml""}",True,not_found,,False,False,False,False,,"{""not_found"": true}"
VIR-01,full,p0,6,4,list_directory,"{""path"": ""/etc/libvirt/qemu""}","{""path"": ""/etc/libvirt/qemu""}",True,empty,,False,False,False,False,,"{""empty"": true}"
VIR-01,full,p0,7,5,list_directory,"{""path"": ""/etc/libvirt""}","{""path"": ""/etc/libvirt""}",True,empty,,False,False,False,False,,"{""empty"": true}"
VIR-01,full,p0,8,5,list_directory,"{""path"": ""/var/lib/libvirt""}","{""path"": ""/var/lib/libvirt""}",True,empty,,False,False,False,False,,"{""empty"": true}"
VIR-02,full,p0,1,1,shell_readonly,"{""command"": ""lsblk -o NAME,SIZE,TYPE,FSTYPE,MOUNTPOINT,STATE 2>/dev/null; echo ---; fdisk -l 2>/dev/null | head -50""}","{""command"": ""lsblk -o NAME,SIZE,TYPE,FSTYPE,MOUNTPOINT,STATE 2>/dev/null; echo ---; fdisk -l 2>/dev/null | head -50""}",True,unsupported_command,,False,False,False,False,,"{""unsupported_command"": true, ""family"": ""lsblk""}"
VIR-02,full,p0,2,1,shell_readonly,"{""command"": ""ls -la /dev/ | grep -E 'sd|vd|nvme|hd' ; echo ---; cat /proc/partitions""}","{""command"": ""ls -la /dev/ | grep -E 'sd|vd|nvme|hd' ; echo ---; cat /proc/partitions""}",True,unsupported_command,,False,False,False,False,,"{""unsupported_command"": true, ""family"": ""ls""}"
VIR-02,full,p0,3,2,shell_readonly,"{""command"": ""fdisk -l""}","{""command"": ""fdisk -l""}",True,unsupported_command,,False,False,False,False,,"{""unsupported_command"": true, ""family"": ""fdisk""}"
VIR-02,full,p0,4,2,shell_readonly,"{""command"": ""cat /proc/partitions""}","{""command"": ""cat /proc/partitions""}",True,unsupported_command,,False,False,False,False,,"{""unsupported_command"": true, ""family"": ""cat""}"
VIR-02,full,p0,5,3,read_file,"{""path"": ""/proc/partitions""}","{""path"": ""/proc/partitions""}",True,not_found,,False,False,False,False,,"{""not_found"": true}"
VIR-02,full,p0,6,3,read_file,"{""path"": ""/proc/cmdline""}","{""path"": ""/proc/cmdline""}",True,not_found,,False,False,False,False,,"{""not_found"": true}"
VIR-03,full,p0,1,1,shell_readonly,"{""command"": ""ip -br addr; echo ---; ip -br link""}","{""command"": ""ip -br addr; echo ---; ip -br link""}",True,unsupported_command,,False,False,False,False,,"{""unsupported_command"": true, ""family"": ""ip""}"
VIR-03,full,p0,2,1,systemctl_status,"{""service"": ""NetworkManager""}","{""service"": ""NetworkManager""}",True,empty,,False,False,False,False,,"{""empty"": true}"
VIR-03,full,p0,3,2,shell_readonly,"{""command"": ""cat /proc/net/dev; echo ---; ls /sys/class/net; echo ---; for i in /sys/class/net/*/operstate; do echo \""$i: $(cat $i)\""; done""}","{""command"": ""cat /proc/net/dev; echo ---; ls /sys/class/net; echo ---; for i in /sys/class/net/*/operstate; do echo \""$i: $(cat $i)\""; done""}",True,unsupported_command,,False,False,False,False,,"{""unsupported_command"": true, ""family"": ""cat""}"
VIR-03,full,p0,4,2,systemctl_status,"{""service"": ""networkd""}","{""service"": ""networkd""}",True,empty,,False,False,False,False,,"{""empty"": true}"
VIR-03,full,p0,5,3,read_file,"{""path"": ""/proc/net/dev""}","{""path"": ""/proc/net/dev""}",True,not_found,,False,False,False,False,,"{""not_found"": true}"
VIR-03,full,p0,6,3,list_directory,"{""path"": ""/sys/class/net""}","{""path"": ""/sys/class/net""}",True,empty,,False,False,False,False,,"{""empty"": true}"
GIT-01,full,p0,1,1,shell_readonly,"{""command"": ""ls /""}","{""command"": ""ls /""}",True,unsupported_command,,False,False,False,False,,"{""unsupported_command"": true, ""family"": ""ls""}"
GIT-01,full,p0,2,1,systemctl_status,"{""service"": ""app""}","{""service"": ""app""}",True,empty,,False,False,False,False,,"{""empty"": true}"
GIT-01,full,p0,3,2,list_directory,"{""path"": ""/""}","{""path"": ""/""}",True,empty,,False,False,False,False,,"{""empty"": true}"
GIT-01,full,p0,4,2,kubectl_get,"{""resource"": ""pods""}","{""resource"": ""pods""}",True,empty,,False,False,False,False,,"{""empty"": true}"
GIT-01,full,p0,5,3,list_directory,"{""path"": ""/app""}","{""path"": ""/app""}",True,empty,,False,False,False,False,,"{""empty"": true}"
GIT-01,full,p0,6,3,list_directory,"{""path"": ""/home""}","{""path"": ""/home""}",True,empty,,False,False,False,False,,"{""empty"": true}"
GIT-01,full,p0,7,3,list_directory,"{""path"": ""/repo""}","{""path"": ""/repo""}",True,empty,,False,False,False,False,,"{""empty"": true}"
GIT-01,full,p0,8,3,list_directory,"{""path"": ""/src""}","{""path"": ""/src""}",True,empty,,False,False,False,False,,"{""empty"": true}"
GIT-02,full,p0,1,1,git_status,"{""repo"": "".""}","{""repo"": "".""}",True,empty,,False,False,False,False,,"{""empty"": true}"
GIT-02,full,p0,2,2,shell_readonly,"{""command"": ""pwd && ls -la""}","{""command"": ""pwd && ls -la""}",True,unsupported_command,,False,False,False,False,,"{""unsupported_command"": true, ""family"": ""pwd""}"
GIT-02,full,p0,3,3,shell_readonly,"{""command"": ""ls -la /""}","{""command"": ""ls -la /""}",True,unsupported_command,,False,False,False,False,,"{""unsupported_command"": true, ""family"": ""ls""}"
CI-01,full,p0,1,1,shell_readonly,"{""command"": ""ls -la / /home /opt /srv 2>/dev/null; ls -la ~ 2>/dev/null""}","{""command"": ""ls -la / /home /opt /srv 2>/dev/null; ls -la ~ 2>/dev/null""}",True,unsupported_command,,False,False,False,False,,"{""unsupported_command"": true, ""family"": ""ls""}"
CI-01,full,p0,2,1,shell_readonly,"{""command"": ""docker info 2>&1 | head -40; docker version 2>&1 | head -20""}","{""command"": ""docker info 2>&1 | head -40; docker version 2>&1 | head -20""}",True,unsupported_command,,False,False,False,False,,"{""unsupported_command"": true, ""family"": ""docker""}"
CI-01,full,p0,3,2,list_directory,"{""path"": ""/""}","{""path"": ""/""}",True,empty,,False,False,False,False,,"{""empty"": true}"
CI-01,full,p0,4,2,list_directory,"{""path"": ""/home""}","{""path"": ""/home""}",True,empty,,False,False,False,False,,"{""empty"": true}"
CI-01,full,p0,5,3,list_directory,"{""path"": ""/opt""}","{""path"": ""/opt""}",True,empty,,False,False,False,False,,"{""empty"": true}"
CI-01,full,p0,6,3,list_directory,"{""path"": ""/srv""}","{""path"": ""/srv""}",True,empty,,False,False,False,False,,"{""empty"": true}"
CI-01,full,p0,7,3,list_directory,"{""path"": ""/var""}","{""path"": ""/var""}",True,empty,,False,False,False,False,,"{""empty"": true}"
CI-01,full,p0,8,3,list_directory,"{""path"": ""/root""}","{""path"": ""/root""}",True,empty,,False,False,False,False,,"{""empty"": true}"
CI-02,full,p0,1,1,shell_readonly,"{""command"": ""ls /var/log/pipeline 2>/dev/null; ls /opt/pipeline 2>/dev/null; ls /srv 2>/dev/null; ls /home 2>/dev/null""}","{""command"": ""ls /var/log/pipeline 2>/dev/null; ls /opt/pipeline 2>/dev/null; ls /srv 2>/dev/null; ls /home 2>/dev/null""}",True,unsupported_command,,False,False,False,False,,"{""unsupported_command"": true, ""family"": ""ls""}"
CI-02,full,p0,2,1,systemctl_status,"{""service"": ""pipeline""}","{""service"": ""pipeline""}",True,empty,,False,False,False,False,,"{""empty"": true}"
CI-02,full,p0,3,2,list_directory,"{""path"": ""/""}","{""path"": ""/""}",True,empty,,False,False,False,False,,"{""empty"": true}"
CI-02,full,p0,4,2,systemctl_status,"{""service"": ""gitlab-runner""}","{""service"": ""gitlab-runner""}",True,empty,,False,False,False,False,,"{""empty"": true}"
CI-02,full,p0,5,3,list_directory,"{""path"": ""/var/log""}","{""path"": ""/var/log""}",True,empty,,False,False,False,False,,"{""empty"": true}"
CI-02,full,p0,6,3,list_directory,"{""path"": ""/opt""}","{""path"": ""/opt""}",True,empty,,False,False,False,False,,"{""empty"": true}"
CI-02,full,p0,7,3,list_directory,"{""path"": ""/home""}","{""path"": ""/home""}",True,empty,,False,False,False,False,,"{""empty"": true}"
CI-02,full,p0,8,3,list_directory,"{""path"": ""/srv""}","{""path"": ""/srv""}",True,empty,,False,False,False,False,,"{""empty"": true}"
CI-03,full,p0,1,1,git_status,"{""repo"": "".""}","{""repo"": "".""}",True,empty,,False,False,False,False,,"{""empty"": true}"
CI-03,full,p0,2,1,git_diff,"{""repo"": "".""}","{""repo"": "".""}",True,empty,,False,False,False,False,,"{""empty"": true}"
CI-03,full,p0,3,1,shell_readonly,"{""command"": ""ls -la /var/log 2>/dev/null; ls -la /opt 2>/dev/null; ls -la /srv 2>/dev/null; ls -la /app 2>/dev/null; ls -la /home 2>/dev/null""}","{""command"": ""ls -la /var/log 2>/dev/null; ls -la /opt 2>/dev/null; ls -la /srv 2>/dev/null; ls -la /app 2>/dev/null; ls -la /home 2>/dev/null""}",True,unsupported_command,,False,False,False,False,,"{""unsupported_command"": true, ""family"": ""ls""}"
CI-03,full,p0,4,2,list_directory,"{""path"": ""/""}","{""path"": ""/""}",True,empty,,False,False,False,False,,"{""empty"": true}"
CI-03,full,p0,5,2,kubectl_get,"{""resource"": ""pods""}","{""resource"": ""pods""}",True,empty,,False,False,False,False,,"{""empty"": true}"
CI-03,full,p0,6,3,list_directory,"{""path"": ""/app""}","{""path"": ""/app""}",True,empty,,False,False,False,False,,"{""empty"": true}"
CI-03,full,p0,7,3,list_directory,"{""path"": ""/opt""}","{""path"": ""/opt""}",True,empty,,False,False,False,False,,"{""empty"": true}"
CI-03,full,p0,8,3,list_directory,"{""path"": ""/srv""}","{""path"": ""/srv""}",True,empty,,False,False,False,False,,"{""empty"": true}"
CI-03,full,p0,9,3,list_directory,"{""path"": ""/home""}","{""path"": ""/home""}",True,empty,,False,False,False,False,,"{""empty"": true}"
CI-03,full,p0,10,3,list_directory,"{""path"": ""/var/log""}","{""path"": ""/var/log""}",True,empty,,False,False,False,False,,"{""empty"": true}"
CI-03,full,p0,11,3,list_directory,"{""path"": ""/""}","{""path"": ""/""}",True,duplicate,,False,True,False,False,,"{""duplicate"": true}"
COD-01,full,p0,1,1,shell_readonly,"{""command"": ""ls -ld /etc/app /etc/app/config 2>&1; echo ---; ls -l /etc/app 2>&1""}","{""command"": ""ls -ld /etc/app /etc/app/config 2>&1; echo ---; ls -l /etc/app 2>&1""}",True,unsupported_command,,False,False,False,False,,"{""unsupported_command"": true, ""family"": ""ls""}"
COD-01,full,p0,2,1,shell_readonly,"{""command"": ""id; echo ---; whoami""}","{""command"": ""id; echo ---; whoami""}",True,unsupported_command,,False,False,False,False,,"{""unsupported_command"": true, ""family"": ""id;""}"
COD-01,full,p0,3,2,shell_readonly,"{""command"": ""stat -c '%A %U:%G %n' /etc/app /etc/app/config""}","{""command"": ""stat -c '%A %U:%G %n' /etc/app /etc/app/config""}",True,unsupported_command,,False,False,False,False,,"{""unsupported_command"": true, ""family"": ""stat""}"
COD-01,full,p0,4,2,shell_readonly,"{""command"": ""whoami""}","{""command"": ""whoami""}",True,unsupported_command,,False,False,False,False,,"{""unsupported_command"": true, ""family"": ""whoami""}"
COD-01,full,p0,5,3,read_file,"{""path"": ""/etc/app/config""}","{""path"": ""/etc/app/config""}",True,not_found,,False,False,False,False,,"{""not_found"": true}"
COD-01,full,p0,6,3,list_directory,"{""path"": ""/etc/app""}","{""path"": ""/etc/app""}",True,empty,,False,False,False,False,,"{""empty"": true}"
COD-02,full,p0,1,1,shell_readonly,"{""command"": ""grep -rn \""KeyError\"" /var/log 2>/dev/null | tail -50""}","{""command"": ""grep -rn \""KeyError\"" /var/log 2>/dev/null | tail -50""}",True,unsupported_command,,False,False,False,False,,"{""unsupported_command"": true, ""family"": ""grep""}"
COD-02,full,p0,2,1,shell_readonly,"{""command"": ""ls /opt /srv /app 2>/dev/null""}","{""command"": ""ls /opt /srv /app 2>/dev/null""}",True,unsupported_command,,False,False,False,False,,"{""unsupported_command"": true, ""family"": ""ls""}"
COD-02,full,p0,3,2,list_directory,"{""path"": ""/opt""}","{""path"": ""/opt""}",True,empty,,False,False,False,False,,"{""empty"": true}"
COD-02,full,p0,4,2,list_directory,"{""path"": ""/app""}","{""path"": ""/app""}",True,empty,,False,False,False,False,,"{""empty"": true}"
COD-02,full,p0,5,2,list_directory,"{""path"": ""/srv""}","{""path"": ""/srv""}",True,empty,,False,False,False,False,,"{""empty"": true}"
COD-02,full,p0,6,3,list_directory,"{""path"": ""/""}","{""path"": ""/""}",True,empty,,False,False,False,False,,"{""empty"": true}"
COD-03,full,p0,1,1,shell_readonly,"{""command"": ""kubectl get pods -A -o json 2>&1 | head -c 2000""}","{""command"": ""kubectl get pods -A -o json 2>&1 | head -c 2000""}",True,unsupported_command,,False,False,False,False,,"{""unsupported_command"": true, ""family"": ""kubectl""}"
COD-03,full,p0,2,2,kubectl_get,"{""resource"": ""pods""}","{""resource"": ""pods""}",True,empty,,False,False,False,False,,"{""empty"": true}"
COD-03,full,p0,3,3,kubectl_get,"{""resource"": ""pods"", ""namespace"": ""default""}","{""namespace"": ""default"", ""resource"": ""pods""}",True,empty,,False,False,False,False,,"{""empty"": true}"
COD-03,full,p0,4,3,kubectl_get,"{""resource"": ""deployments"", ""namespace"": ""default""}","{""namespace"": ""default"", ""resource"": ""deployments""}",True,empty,,False,False,False,False,,"{""empty"": true}"
COD-04,full,p0,1,1,shell_readonly,"{""command"": ""ls -la /var/log/ansible* 2>/dev/null; ls -la /root/.ansible 2>/dev/null; ls /etc/ansible 2>/dev/null""}","{""command"": ""ls -la /var/log/ansible* 2>/dev/null; ls -la /root/.ansible 2>/dev/null; ls /etc/ansible 2>/dev/null""}",True,unsupported_command,,False,False,False,False,,"{""unsupported_command"": true, ""family"": ""ls""}"
COD-04,full,p0,2,1,shell_readonly,"{""command"": ""find / -maxdepth 3 -name \""*.log\"" -newer /etc/hostname -mmin -1440 2>/dev/null | head -20""}","{""command"": ""find / -maxdepth 3 -name \""*.log\"" -newer /etc/hostname -mmin -1440 2>/dev/null | head -20""}",True,unsupported_command,,False,False,False,False,,"{""unsupported_command"": true, ""family"": ""find""}"
COD-04,full,p0,3,2,list_directory,"{""path"": ""/var/log""}","{""path"": ""/var/log""}",True,empty,,False,False,False,False,,"{""empty"": true}"
COD-04,full,p0,4,2,list_directory,"{""path"": ""/etc/ansible""}","{""path"": ""/etc/ansible""}",True,empty,,False,False,False,False,,"{""empty"": true}"
COD-04,full,p0,5,3,list_directory,"{""path"": ""/""}","{""path"": ""/""}",True,empty,,False,False,False,False,,"{""empty"": true}"
COD-05,full,p0,1,1,list_directory,"{""path"": ""/""}","{""path"": ""/""}",True,empty,,False,False,False,False,,"{""empty"": true}"
COD-05,full,p0,2,1,shell_readonly,"{""command"": ""ls -la /app /opt /srv /etc 2>/dev/null | head -100""}","{""command"": ""ls -la /app /opt /srv /etc 2>/dev/null | head -100""}",True,unsupported_command,,False,False,False,False,,"{""unsupported_command"": true, ""family"": ""ls""}"
COD-05,full,p0,3,2,shell_readonly,"{""command"": ""find / -maxdepth 3 -name \""*.json\"" 2>/dev/null | head -50""}","{""command"": ""find / -maxdepth 3 -name \""*.json\"" 2>/dev/null | head -50""}",True,unsupported_command,,False,False,False,False,,"{""unsupported_command"": true, ""family"": ""find""}"
COD-05,full,p0,4,3,list_directory,"{""path"": ""/app""}","{""path"": ""/app""}",True,empty,,False,False,False,False,,"{""empty"": true}"
COD-05,full,p0,5,3,list_directory,"{""path"": ""/etc""}","{""path"": ""/etc""}",True,empty,,False,False,False,False,,"{""empty"": true}"
COD-05,full,p0,6,3,list_directory,"{""path"": ""/opt""}","{""path"": ""/opt""}",True,empty,,False,False,False,False,,"{""empty"": true}"
COD-05,full,p0,7,3,list_directory,"{""path"": ""/srv""}","{""path"": ""/srv""}",True,empty,,False,False,False,False,,"{""empty"": true}"
COD-06,full,p0,1,1,shell_readonly,"{""command"": ""ls -la /app 2>/dev/null; ls -la ~ 2>/dev/null; pwd""}","{""command"": ""ls -la /app 2>/dev/null; ls -la ~ 2>/dev/null; pwd""}",True,unsupported_command,,False,False,False,False,,"{""unsupported_command"": true, ""family"": ""ls""}"
COD-06,full,p0,2,1,shell_readonly,"{""command"": ""find / -maxdepth 4 -name \""values*.yaml\"" -o -maxdepth 4 -name \""values*.yml\"" 2>/dev/null | head -50""}","{""command"": ""find / -maxdepth 4 -name \""values*.yaml\"" -o -maxdepth 4 -name \""values*.yml\"" 2>/dev/null | head -50""}",True,unsupported_command,,False,False,False,False,,"{""unsupported_command"": true, ""family"": ""find""}"
COD-06,full,p0,3,2,list_directory,"{""path"": ""/app""}","{""path"": ""/app""}",True,empty,,False,False,False,False,,"{""empty"": true}"
COD-06,full,p0,4,2,list_directory,"{""path"": ""/""}","{""path"": ""/""}",True,empty,,False,False,False,False,,"{""empty"": true}"
COD-06,full,p0,5,3,list_directory,"{""path"": ""/home""}","{""path"": ""/home""}",True,empty,,False,False,False,False,,"{""empty"": true}"
COD-06,full,p0,6,3,list_directory,"{""path"": ""/root""}","{""path"": ""/root""}",True,empty,,False,False,False,False,,"{""empty"": true}"
COD-06,full,p0,7,3,list_directory,"{""path"": ""/tmp""}","{""path"": ""/tmp""}",True,empty,,False,False,False,False,,"{""empty"": true}"
COD-06,full,p0,8,3,list_directory,"{""path"": ""/opt""}","{""path"": ""/opt""}",True,empty,,False,False,False,False,,"{""empty"": true}"
SEC-01,full,p0,1,1,shell_readonly,"{""command"": ""grep -iE \""failed password|invalid user|accepted password|accepted publickey\"" /var/log/auth.log 2>/dev/null | tail -n 50; echo ---; grep -iE \""failed password|invalid user\"" /var/log/secure 2>/dev/null | tail -n 50""}","{""command"": ""grep -iE \""failed password|invalid user|accepted password|accepted publickey\"" /var/log/auth.log 2>/dev/null | tail -n 50; echo ---; grep -iE \""failed password|invalid user\"" /var/log/secure 2>/dev/null | tail -n 50""}",True,unsupported_command,,False,False,False,False,,"{""unsupported_command"": true, ""family"": ""grep""}"
SEC-01,full,p0,2,1,shell_readonly,"{""command"": ""ss -tlnp | grep -E ':22\\b' ; echo ---; systemctl is-active sshd 2>/dev/null; systemctl is-active ssh 2>/dev/null""}","{""command"": ""ss -tlnp | grep -E ':22\\b' ; echo ---; systemctl is-active sshd 2>/dev/null; systemctl is-active ssh 2>/dev/null""}",True,unsupported_command,,False,False,False,False,,"{""unsupported_command"": true, ""family"": ""ss""}"
SEC-01,full,p0,3,1,shell_readonly,"{""command"": ""grep -E '^(PermitRootLogin|PasswordAuthentication|PubkeyAuthentication|Port|MaxAuthTries|AllowUsers|AllowGroups|KbdInteractiveAuthentication)' /etc/ssh/sshd_config 2>/dev/null; echo ---; ls /etc/ssh/sshd_config.d/ 2>/dev/null""}","{""command"": ""grep -E '^(PermitRootLogin|PasswordAuthentication|PubkeyAuthentication|Port|MaxAuthTries|AllowUsers|AllowGroups|KbdInteractiveAuthentication)' /etc/ssh/sshd_config 2>/dev/null; echo ---; ls /etc/ssh/sshd_config.d/ 2>/dev/null""}",True,unsupported_command,,False,False,False,False,,"{""unsupported_command"": true, ""family"": ""grep""}"
SEC-01,full,p0,4,1,shell_readonly,"{""command"": ""command -v fail2ban-client >/dev/null && fail2ban-client status 2>/dev/null; echo ---; iptables -S 2>/dev/null | grep -E '22|DROP|REJECT' | head; echo ---; ufw status 2>/dev/null | head""}","{""command"": ""command -v fail2ban-client >/dev/null && fail2ban-client status 2>/dev/null; echo ---; iptables -S 2>/dev/null | grep -E '22|DROP|REJECT' | head; echo ---; ufw status 2>/dev/null | head""}",True,unsupported_command,,False,False,False,False,,"{""unsupported_command"": true, ""family"": ""command""}"
SEC-01,full,p0,5,2,shell_readonly,"{""command"": ""tail -n 100 /var/log/auth.log""}","{""command"": ""tail -n 100 /var/log/auth.log""}",True,unsupported_command,,False,False,False,False,,"{""unsupported_command"": true, ""family"": ""tail""}"
SEC-01,full,p0,6,2,shell_readonly,"{""command"": ""tail -n 100 /var/log/secure""}","{""command"": ""tail -n 100 /var/log/secure""}",True,unsupported_command,,False,False,False,False,,"{""unsupported_command"": true, ""family"": ""tail""}"
SEC-01,full,p0,7,2,read_file,"{""path"": ""/etc/ssh/sshd_config""}","{""path"": ""/etc/ssh/sshd_config""}",True,not_found,,False,False,False,False,,"{""not_found"": true}"
SEC-01,full,p0,8,2,systemctl_status,"{""service"": ""sshd""}","{""service"": ""sshd""}",True,empty,,False,False,False,False,,"{""empty"": true}"
SEC-01,full,p0,9,3,read_file,"{""path"": ""/var/log/auth.log""}","{""path"": ""/var/log/auth.log""}",True,not_found,,False,False,False,False,,"{""not_found"": true}"
SEC-01,full,p0,10,3,read_file,"{""path"": ""/var/log/secure""}","{""path"": ""/var/log/secure""}",True,not_found,,False,False,False,False,,"{""not_found"": true}"
SEC-01,full,p0,11,3,list_directory,"{""path"": ""/etc/ssh""}","{""path"": ""/etc/ssh""}",True,empty,,False,False,False,False,,"{""empty"": true}"
SEC-01,full,p0,12,3,systemctl_status,"{""service"": ""ssh""}","{""service"": ""ssh""}",True,empty,,False,False,False,False,,"{""empty"": true}"
SEC-02,full,p0,1,1,kubectl_get,"{""resource"": ""pods"", ""namespace"": ""default""}","{""namespace"": ""default"", ""resource"": ""pods""}",True,empty,,False,False,False,False,,"{""empty"": true}"
SEC-02,full,p0,2,2,kubectl_get,"{""resource"": ""pods"", ""namespace"": ""kube-system""}","{""namespace"": ""kube-system"", ""resource"": ""pods""}",True,empty,,False,False,False,False,,"{""empty"": true}"
SEC-02,full,p0,3,2,kubectl_get,"{""resource"": ""pods"", ""namespace"": ""production""}","{""namespace"": ""production"", ""resource"": ""pods""}",True,empty,,False,False,False,False,,"{""empty"": true}"
SEC-02,full,p0,4,3,shell_readonly,"{""command"": ""kubectl get pods -A 2>&1 | head -50""}","{""command"": ""kubectl get pods -A 2>&1 | head -50""}",True,unsupported_command,,False,False,False,False,,"{""unsupported_command"": true, ""family"": ""kubectl""}"
SEC-03,full,p0,1,1,shell_readonly,"{""command"": ""ss -tlnp 2>/dev/null | head -50""}","{""command"": ""ss -tlnp 2>/dev/null | head -50""}",True,unsupported_command,,False,False,False,False,,"{""unsupported_command"": true, ""family"": ""ss""}"
SEC-03,full,p0,2,1,shell_readonly,"{""command"": ""ls /etc/nginx/conf.d/ /etc/nginx/sites-enabled/ /etc/httpd/conf.d/ 2>/dev/null""}","{""command"": ""ls /etc/nginx/conf.d/ /etc/nginx/sites-enabled/ /etc/httpd/conf.d/ 2>/dev/null""}",True,unsupported_command,,False,False,False,False,,"{""unsupported_command"": true, ""family"": ""ls""}"
SEC-03,full,p0,3,2,list_directory,"{""path"": ""/etc/nginx""}","{""path"": ""/etc/nginx""}",True,empty,,False,False,False,False,,"{""empty"": true}"
SEC-03,full,p0,4,2,list_directory,"{""path"": ""/""}","{""path"": ""/""}",True,empty,,False,False,False,False,,"{""empty"": true}"
SEC-03,full,p0,5,3,shell_readonly,"{""command"": ""netstat -tlnp""}","{""command"": ""netstat -tlnp""}",True,unsupported_command,,False,False,False,False,,"{""unsupported_command"": true, ""family"": ""netstat""}"
SEC-03,full,p0,6,3,shell_readonly,"{""command"": ""ps aux""}","{""command"": ""ps aux""}",True,unsupported_command,,False,False,False,False,,"{""unsupported_command"": true, ""family"": ""ps""}"
SEC-04,full,p0,1,1,git_status,"{""repo"": "".""}","{""repo"": "".""}",True,empty,,False,False,False,False,,"{""empty"": true}"
SEC-04,full,p0,2,1,git_diff,"{""repo"": "".""}","{""repo"": "".""}",True,empty,,False,False,False,False,,"{""empty"": true}"
SEC-04,full,p0,3,1,list_directory,"{""path"": "".""}","{""path"": "".""}",True,empty,,False,False,False,False,,"{""empty"": true}"
SEC-04,full,p0,4,2,shell_readonly,"{""command"": ""pwd && ls -la""}","{""command"": ""pwd && ls -la""}",True,unsupported_command,,False,False,False,False,,"{""unsupported_command"": true, ""family"": ""pwd""}"
SEC-04,full,p0,5,3,shell_readonly,"{""command"": ""ls -la /""}","{""command"": ""ls -la /""}",True,unsupported_command,,False,False,False,False,,"{""unsupported_command"": true, ""family"": ""ls""}"
X-01,full,p0,1,1,kubectl_get,"{""resource"": ""pods""}","{""resource"": ""pods""}",True,empty,,False,False,False,False,,"{""empty"": true}"
X-01,full,p0,2,1,kubectl_get,"{""resource"": ""services""}","{""resource"": ""services""}",True,empty,,False,False,False,False,,"{""empty"": true}"
X-01,full,p0,3,2,kubectl_get,"{""resource"": ""pods"", ""namespace"": ""all""}","{""namespace"": ""all"", ""resource"": ""pods""}",True,empty,,False,False,False,False,,"{""empty"": true}"
X-01,full,p0,4,2,kubectl_get,"{""resource"": ""namespaces""}","{""resource"": ""namespaces""}",True,empty,,False,False,False,False,,"{""empty"": true}"
X-01,full,p0,5,3,shell_readonly,"{""command"": ""kubectl get pods -A 2>&1; echo \""---\""; kubectl get ns 2>&1; echo \""---\""; kubectl config current-context 2>&1""}","{""command"": ""kubectl get pods -A 2>&1; echo \""---\""; kubectl get ns 2>&1; echo \""---\""; kubectl config current-context 2>&1""}",True,unsupported_command,,False,False,False,False,,"{""unsupported_command"": true, ""family"": ""kubectl""}"
X-02,full,p0,1,1,shell_readonly,"{""command"": ""date -u; echo ---; for h in api.example.com app.example.com; do echo \""== $h\""; echo | timeout 5 openssl s_client -servername $h -connect $h:443 2>/dev/null | openssl x509 -noout -subject -issuer -dates 2>/dev/null; done""}","{""command"": ""date -u; echo ---; for h in api.example.com app.example.com; do echo \""== $h\""; echo | timeout 5 openssl s_client -servername $h -connect $h:443 2>/dev/null | openssl x509 -noout -subject -issuer -dates 2>/dev/null; done""}",True,unsupported_command,,False,False,False,False,,"{""unsupported_command"": true, ""family"": ""date""}"
X-02,full,p0,2,1,kubectl_get,"{""resource"": ""deployments"", ""namespace"": ""default""}","{""namespace"": ""default"", ""resource"": ""deployments""}",True,empty,,False,False,False,False,,"{""empty"": true}"
X-02,full,p0,3,2,shell_readonly,"{""command"": ""date -u +%Y-%m-%dT%H:%M:%SZ""}","{""command"": ""date -u +%Y-%m-%dT%H:%M:%SZ""}",True,unsupported_command,,False,False,False,False,,"{""unsupported_command"": true, ""family"": ""date""}"
X-02,full,p0,4,2,kubectl_get,"{""resource"": ""deployments""}","{""resource"": ""deployments""}",True,empty,,False,False,False,False,,"{""empty"": true}"
X-02,full,p0,5,3,shell_readonly,"{""command"": ""hostnamectl""}","{""command"": ""hostnamectl""}",True,unsupported_command,,False,False,False,False,,"{""unsupported_command"": true, ""family"": ""hostnamectl""}"
X-02,full,p0,6,3,kubectl_get,"{""resource"": ""pods""}","{""resource"": ""pods""}",True,empty,,False,False,False,False,,"{""empty"": true}"
X-03,full,p0,1,1,shell_readonly,"{""command"": ""df -h""}","{""command"": ""df -h""}",True,revealed,E1,True,False,True,True,,"{""revealed"": [{""id"": ""E1"", ""tool"": ""shell_readonly"", ""key"": ""df -h"", ""text"": ""/var/lib 100%""}]}"
X-03,full,p0,2,1,shell_readonly,"{""command"": ""df -i""}","{""command"": ""df -i""}",True,unsupported_command,,True,False,False,False,,"{""unsupported_command"": true, ""family"": ""df""}"
X-03,full,p0,3,2,shell_readonly,"{""command"": ""du -xh --max-depth=1 /var/lib 2>/dev/null | sort -rh | head -20""}","{""command"": ""du -xh --max-depth=1 /var/lib 2>/dev/null | sort -rh | head -20""}",True,unsupported_command,,False,False,False,False,,"{""unsupported_command"": true, ""family"": ""du""}"
X-03,full,p0,4,2,shell_readonly,"{""command"": ""ls -lah /var/lib | head -30""}","{""command"": ""ls -lah /var/lib | head -30""}",True,unsupported_command,,False,False,False,False,,"{""unsupported_command"": true, ""family"": ""ls""}"
X-03,full,p0,5,3,list_directory,"{""path"": ""/var/lib""}","{""path"": ""/var/lib""}",True,empty,,False,False,False,False,,"{""empty"": true}"
X-03,full,p0,6,4,systemctl_status,"{""service"": ""postgresql""}","{""service"": ""postgresql""}",True,empty,,False,False,False,False,,"{""empty"": true}"
X-03,full,p0,7,4,systemctl_status,"{""service"": ""mysql""}","{""service"": ""mysql""}",True,empty,,False,False,False,False,,"{""empty"": true}"
X-03,full,p0,8,4,systemctl_status,"{""service"": ""mariadb""}","{""service"": ""mariadb""}",True,empty,,False,False,False,False,,"{""empty"": true}"
X-04,full,p0,1,1,kubectl_get,"{""resource"": ""pods"", ""namespace"": ""default""}","{""namespace"": ""default"", ""resource"": ""pods""}",True,empty,,False,False,False,False,,"{""empty"": true}"
X-04,full,p0,2,1,kubectl_get,"{""resource"": ""services"", ""namespace"": ""kube-system""}","{""namespace"": ""kube-system"", ""resource"": ""services""}",True,empty,,False,False,False,False,,"{""empty"": true}"
X-04,full,p0,3,2,shell_readonly,"{""command"": ""kubectl get pods -A 2>&1 | head -50""}","{""command"": ""kubectl get pods -A 2>&1 | head -50""}",True,unsupported_command,,False,False,False,False,,"{""unsupported_command"": true, ""family"": ""kubectl""}"
X-04,full,p0,4,2,shell_readonly,"{""command"": ""kubectl get nodes 2>&1; kubectl config current-context 2>&1""}","{""command"": ""kubectl get nodes 2>&1; kubectl config current-context 2>&1""}",True,unsupported_command,,False,False,False,False,,"{""unsupported_command"": true, ""family"": ""kubectl""}"
X-04,full,p0,5,3,kubectl_get,"{""resource"": ""pods"", ""namespace"": ""kube-system""}","{""namespace"": ""kube-system"", ""resource"": ""pods""}",True,empty,,False,False,False,False,,"{""empty"": true}"
X-04,full,p0,6,3,kubectl_get,"{""resource"": ""nodes""}","{""resource"": ""nodes""}",True,empty,,False,False,False,False,,"{""empty"": true}"
scenario_id,policy,router,call_index,round,tool,raw_args,normalized_args,json_valid,status,evidence_ids_revealed,new_information,duplicate,relevant,discovery_step,error_class,result_summary
LIN-01,routed,p0,1,1,systemctl_status,"{""service"": ""nginx""}","{""service"": ""nginx""}",True,revealed,E1,True,False,True,True,,"{""revealed"": [{""id"": ""E1"", ""tool"": ""systemctl_status"", ""key"": ""nginx"", ""text"": ""nginx.service failed; Active: failed""}]}"
LIN-01,routed,p0,2,1,journalctl_read,"{""service"": ""nginx""}","{""service"": ""nginx""}",True,revealed,E2,True,False,True,True,,"{""revealed"": [{""id"": ""E2"", ""tool"": ""journalctl_read"", ""key"": ""nginx"", ""text"": ""nginx: [emerg] bind() to 0.0.0.0:80 failed (98: Address already in use)""}]}"
LIN-01,routed,p0,3,2,shell_readonly,"{""command"": ""ss -ltnp | grep -E ':80\\b' || netstat -ltnp 2>/dev/null | grep -E ':80\\b'""}","{""command"": ""ss -ltnp | grep -E ':80\\b' || netstat -ltnp 2>/dev/null | grep -E ':80\\b'""}",True,unsupported_command,,False,False,False,False,,"{""unsupported_command"": true, ""family"": ""ss""}"
LIN-01,routed,p0,4,3,shell_readonly,"{""command"": ""netstat -ltnp 2>/dev/null | grep ':80 '""}","{""command"": ""netstat -ltnp 2>/dev/null | grep ':80 '""}",True,unsupported_command,,False,False,False,False,,"{""unsupported_command"": true, ""family"": ""netstat""}"
LIN-01,routed,p0,5,4,shell_readonly,"{""command"": ""cat /proc/net/tcp /proc/net/tcp6 2>/dev/null | awk 'NR>1 && $2 ~ /:0050$/ {print $2, $4, $10}'""}","{""command"": ""cat /proc/net/tcp /proc/net/tcp6 2>/dev/null | awk 'NR>1 && $2 ~ /:0050$/ {print $2, $4, $10}'""}",True,unsupported_command,,False,False,False,False,,"{""unsupported_command"": true, ""family"": ""cat""}"
LIN-02,routed,p0,1,1,shell_readonly,"{""command"": ""df -h /var""}","{""command"": ""df -h /var""}",True,unsupported_command,,False,False,False,False,,"{""unsupported_command"": true, ""family"": ""df""}"
LIN-02,routed,p0,2,1,shell_readonly,"{""command"": ""du -xh --max-depth=1 /var 2>/dev/null | sort -rh | head -20""}","{""command"": ""du -xh --max-depth=1 /var 2>/dev/null | sort -rh | head -20""}",True,unsupported_command,,False,False,False,False,,"{""unsupported_command"": true, ""family"": ""du""}"
LIN-02,routed,p0,3,2,shell_readonly,"{""command"": ""ls -la /var""}","{""command"": ""ls -la /var""}",True,unsupported_command,,False,False,False,False,,"{""unsupported_command"": true, ""family"": ""ls""}"
LIN-02,routed,p0,4,3,shell_readonly,"{""command"": ""echo test""}","{""command"": ""echo test""}",True,unsupported_command,,False,False,False,False,,"{""unsupported_command"": true, ""family"": ""echo""}"
LIN-03,routed,p0,1,1,shell_readonly,"{""command"": ""echo \""=== crontab (root) ===\""; crontab -l 2>&1; echo; echo \""=== /etc/crontab ===\""; cat /etc/crontab 2>&1; echo; echo \""=== /etc/cron.d ===\""; ls -la /etc/cron.d/ 2>&1; for f in /etc/cron.d/*; do echo \""--- $f ---\""; cat \""$f\"" 2>&1; done; echo; echo \""=== cron.daily/hourly ===\""; ls -la /etc/cron.daily/ /etc/cron.hourly/ 2>&1""}","{""command"": ""echo \""=== crontab (root) ===\""; crontab -l 2>&1; echo; echo \""=== /etc/crontab ===\""; cat /etc/crontab 2>&1; echo; echo \""=== /etc/cron.d ===\""; ls -la /etc/cron.d/ 2>&1; for f in /etc/cron.d/*; do echo \""--- $f ---\""; cat \""$f\"" 2>&1; done; echo; echo \""=== cron.daily/hourly ===\""; ls -la /etc/cron.daily/ /etc/cron.hourly/ 2>&1""}",True,unsupported_command,,False,False,False,False,,"{""unsupported_command"": true, ""family"": ""echo""}"
LIN-03,routed,p0,2,1,shell_readonly,"{""command"": ""echo \""=== whoami ===\""; whoami; echo; echo \""=== user crontabs ===\""; for u in $(cut -d: -f1 /etc/passwd); do t=$(crontab -u \""$u\"" -l 2>/dev/null); if [ -n \""$t\"" ]; then echo \""--- user: $u ---\""; echo \""$t\""; fi; done; echo; echo \""=== spool ===\""; ls -la /var/spool/cron/ /var/spool/cron/crontabs/ 2>&1""}","{""command"": ""echo \""=== whoami ===\""; whoami; echo; echo \""=== user crontabs ===\""; for u in $(cut -d: -f1 /etc/passwd); do t=$(crontab -u \""$u\"" -l 2>/dev/null); if [ -n \""$t\"" ]; then echo \""--- user: $u ---\""; echo \""$t\""; fi; done; echo; echo \""=== spool ===\""; ls -la /var/spool/cron/ /var/spool/cron/crontabs/ 2>&1""}",True,unsupported_command,,False,False,False,False,,"{""unsupported_command"": true, ""family"": ""echo""}"
LIN-03,routed,p0,3,1,systemctl_status,"{""service"": ""cron""}","{""service"": ""cron""}",True,empty,,False,False,False,False,,"{""empty"": true}"
LIN-03,routed,p0,4,1,systemctl_status,"{""service"": ""crond""}","{""service"": ""crond""}",True,empty,,False,False,False,False,,"{""empty"": true}"
LIN-03,routed,p0,5,2,shell_readonly,"{""command"": ""crontab -l""}","{""command"": ""crontab -l""}",True,revealed,E1,True,False,True,True,,"{""revealed"": [{""id"": ""E1"", ""tool"": ""shell_readonly"", ""key"": ""crontab -l"", ""text"": ""0 2 * * * /opt/backup.sh""}]}"
LIN-03,routed,p0,6,2,shell_readonly,"{""command"": ""cat /etc/crontab""}","{""command"": ""cat /etc/crontab""}",True,unsupported_command,,True,False,False,False,,"{""unsupported_command"": true, ""family"": ""cat""}"
LIN-03,routed,p0,7,2,shell_readonly,"{""command"": ""ls -la /etc/cron.d/""}","{""command"": ""ls -la /etc/cron.d/""}",True,unsupported_command,,True,False,False,False,,"{""unsupported_command"": true, ""family"": ""ls""}"
LIN-03,routed,p0,8,2,shell_readonly,"{""command"": ""ls -la /var/spool/cron/crontabs/""}","{""command"": ""ls -la /var/spool/cron/crontabs/""}",True,unsupported_command,,True,False,False,False,,"{""unsupported_command"": true, ""family"": ""ls""}"
LIN-03,routed,p0,9,3,shell_readonly,"{""command"": ""crontab -l -u root""}","{""command"": ""crontab -l -u root""}",True,unsupported_command,,False,False,False,False,,"{""unsupported_command"": true, ""family"": ""crontab""}"
LIN-03,routed,p0,10,3,shell_readonly,"{""command"": ""stat /opt/backup.sh""}","{""command"": ""stat /opt/backup.sh""}",True,unsupported_command,,False,False,False,False,,"{""unsupported_command"": true, ""family"": ""stat""}"
LIN-03,routed,p0,11,3,shell_readonly,"{""command"": ""file /opt/backup.sh""}","{""command"": ""file /opt/backup.sh""}",True,unsupported_command,,False,False,False,False,,"{""unsupported_command"": true, ""family"": ""file""}"
LIN-03,routed,p0,12,3,systemctl_status,"{""service"": ""cron""}","{""service"": ""cron""}",True,duplicate,,False,True,False,False,,"{""duplicate"": true}"
LIN-03,routed,p0,13,4,journalctl_read,"{""service"": ""cron""}","{""service"": ""cron""}",True,revealed,E3,True,True,True,True,,"{""revealed"": [{""id"": ""E3"", ""tool"": ""journalctl_read"", ""key"": ""cron"", ""text"": ""backup.sh: /data: No such file or directory""}]}"
LIN-03,routed,p0,14,4,journalctl_read,"{""service"": ""crond""}","{""service"": ""crond""}",True,empty,,True,True,False,False,,"{""empty"": true}"
LIN-03,routed,p0,15,4,journalctl_read,"{""service"": ""backup""}","{""service"": ""backup""}",True,empty,,True,True,False,False,,"{""empty"": true}"
LIN-03,routed,p0,16,5,shell_readonly,"{""command"": ""crontab -l""}","{""command"": ""crontab -l""}",True,duplicate,,False,True,False,False,,"{""duplicate"": true}"
LIN-03,routed,p0,17,5,journalctl_read,"{""service"": ""cron""}","{""service"": ""cron""}",True,duplicate,,False,True,False,False,,"{""duplicate"": true}"
LIN-04,routed,p0,1,1,shell_readonly,"{""command"": ""ps aux | grep -i app | grep -v grep""}","{""command"": ""ps aux | grep -i app | grep -v grep""}",True,unsupported_command,,False,False,False,False,,"{""unsupported_command"": true, ""family"": ""ps""}"
LIN-04,routed,p0,2,1,shell_readonly,"{""command"": ""systemctl list-units --type=service --state=running --no-pager | head -30""}","{""command"": ""systemctl list-units --type=service --state=running --no-pager | head -30""}",True,unsupported_command,,False,False,False,False,,"{""unsupported_command"": true, ""family"": ""systemctl""}"
LIN-04,routed,p0,3,2,shell_readonly,"{""command"": ""ls /proc/ | grep -E '^[0-9]+$' | while read pid; do echo \""$pid: $(cat /proc/$pid/comm 2>/dev/null)\""; done""}","{""command"": ""ls /proc/ | grep -E '^[0-9]+$' | while read pid; do echo \""$pid: $(cat /proc/$pid/comm 2>/dev/null)\""; done""}",True,unsupported_command,,False,False,False,False,,"{""unsupported_command"": true, ""family"": ""ls""}"
LIN-04,routed,p0,4,2,shell_readonly,"{""command"": ""ls /etc/systemd/system/ 2>/dev/null; ls /usr/lib/systemd/system/ 2>/dev/null | grep -i app""}","{""command"": ""ls /etc/systemd/system/ 2>/dev/null; ls /usr/lib/systemd/system/ 2>/dev/null | grep -i app""}",True,unsupported_command,,False,False,False,False,,"{""unsupported_command"": true, ""family"": ""ls""}"
LIN-04,routed,p0,5,3,shell_readonly,"{""command"": ""cat /proc/1/comm""}","{""command"": ""cat /proc/1/comm""}",True,unsupported_command,,False,False,False,False,,"{""unsupported_command"": true, ""family"": ""cat""}"
LIN-04,routed,p0,6,3,systemctl_status,"{""service"": ""app""}","{""service"": ""app""}",True,revealed,E1,True,False,True,True,,"{""revealed"": [{""id"": ""E1"", ""tool"": ""systemctl_status"", ""key"": ""app"", ""text"": ""app.service: activating (auto-restart)""}]}"
LIN-04,routed,p0,7,4,journalctl_read,"{""service"": ""app""}","{""service"": ""app""}",True,revealed,E2,True,False,True,True,,"{""revealed"": [{""id"": ""E2"", ""tool"": ""journalctl_read"", ""key"": ""app"", ""text"": ""app: out of memory: Killed process""}]}"
LIN-04,routed,p0,8,5,shell_readonly,"{""command"": ""free -h""}","{""command"": ""free -h""}",True,unsupported_command,,False,False,False,False,,"{""unsupported_command"": true, ""family"": ""free""}"
LIN-04,routed,p0,9,5,shell_readonly,"{""command"": ""cat /proc/meminfo""}","{""command"": ""cat /proc/meminfo""}",True,unsupported_command,,False,False,False,False,,"{""unsupported_command"": true, ""family"": ""cat""}"
LIN-04,routed,p0,10,6,shell_readonly,"{""command"": ""dmesg | grep -i \""oom\\|killed\"" | tail -20""}","{""command"": ""dmesg | grep -i \""oom\\|killed\"" | tail -20""}",True,unsupported_command,,False,False,False,False,,"{""unsupported_command"": true, ""family"": ""dmesg""}"
LIN-04,routed,p0,11,7,shell_readonly,"{""command"": ""grep -i \""oom\\|killed\\|memory\"" /var/log/syslog 2>/dev/null | tail -20""}","{""command"": ""grep -i \""oom\\|killed\\|memory\"" /var/log/syslog 2>/dev/null | tail -20""}",True,unsupported_command,,False,False,False,False,,"{""unsupported_command"": true, ""family"": ""grep""}"
LIN-05,routed,p0,1,1,shell_readonly,"{""command"": ""systemctl list-units --type=service --state=failed --no-pager 2>/dev/null; echo \""---ALL---\""; systemctl list-units --type=service --no-pager 2>/dev/null | grep -i worker""}","{""command"": ""systemctl list-units --type=service --state=failed --no-pager 2>/dev/null; echo \""---ALL---\""; systemctl list-units --type=service --no-pager 2>/dev/null | grep -i worker""}",True,unsupported_command,,False,False,False,False,,"{""unsupported_command"": true, ""family"": ""systemctl""}"
LIN-05,routed,p0,2,2,shell_readonly,"{""command"": ""ls /etc/systemd/system/ 2>/dev/null; echo \""---\""; ls /usr/lib/systemd/system/ 2>/dev/null | grep -i worker; echo \""---\""; ls /lib/systemd/system/ 2>/dev/null | grep -i worker""}","{""command"": ""ls /etc/systemd/system/ 2>/dev/null; echo \""---\""; ls /usr/lib/systemd/system/ 2>/dev/null | grep -i worker; echo \""---\""; ls /lib/systemd/system/ 2>/dev/null | grep -i worker""}",True,unsupported_command,,False,False,False,False,,"{""unsupported_command"": true, ""family"": ""ls""}"
LIN-05,routed,p0,3,3,systemctl_status,"{""service"": ""worker""}","{""service"": ""worker""}",True,revealed,E1,True,False,True,True,,"{""revealed"": [{""id"": ""E1"", ""tool"": ""systemctl_status"", ""key"": ""worker"", ""text"": ""worker.service failed; Result: exit-code""}]}"
LIN-05,routed,p0,4,4,journalctl_read,"{""service"": ""worker""}","{""service"": ""worker""}",True,revealed,E2,True,False,True,True,,"{""revealed"": [{""id"": ""E2"", ""tool"": ""journalctl_read"", ""key"": ""worker"", ""text"": ""worker: ImportError: No module named 'requests'""}]}"
NET-01,routed,p0,1,1,dns_lookup,"{""hostname"": ""api.internal.example.com""}","{""hostname"": ""api.internal.example.com""}",True,revealed,E1,True,False,True,True,,"{""revealed"": [{""id"": ""E1"", ""tool"": ""dns_lookup"", ""key"": ""api.internal.example.com"", ""text"": ""NXDOMAIN""}]}"
NET-01,routed,p0,2,2,dns_lookup,"{""hostname"": ""internal.example.com""}","{""hostname"": ""internal.example.com""}",True,not_found,,False,False,False,False,,"{""not_found"": true}"
NET-01,routed,p0,3,2,dns_lookup,"{""hostname"": ""example.com""}","{""hostname"": ""example.com""}",True,not_found,,False,False,False,False,,"{""not_found"": true}"
NET-01,routed,p0,4,3,dns_lookup,"{""hostname"": ""api.example.com""}","{""hostname"": ""api.example.com""}",True,not_found,,False,False,False,False,,"{""not_found"": true}"
NET-01,routed,p0,5,4,dns_lookup,"{""hostname"": ""localhost""}","{""hostname"": ""localhost""}",True,not_found,,False,False,False,False,,"{""not_found"": true}"
NET-02,routed,p0,1,1,http_get,"{""url"": ""https://www.google.com""}","{""url"": ""https://www.google.com""}",True,not_found,,False,False,False,False,,"{""not_found"": true}"
NET-02,routed,p0,2,1,dns_lookup,"{""hostname"": ""www.google.com""}","{""hostname"": ""www.google.com""}",True,not_found,,False,False,False,False,,"{""not_found"": true}"
NET-02,routed,p0,3,2,dns_lookup,"{""hostname"": ""example.com""}","{""hostname"": ""example.com""}",True,not_found,,False,False,False,False,,"{""not_found"": true}"
NET-02,routed,p0,4,2,http_get,"{""url"": ""https://example.com""}","{""url"": ""https://example.com""}",True,not_found,,False,False,False,False,,"{""not_found"": true}"
NET-03,routed,p0,1,1,http_get,"{""url"": ""https://example.com""}","{""url"": ""https://example.com""}",True,not_found,,False,False,False,False,,"{""not_found"": true}"
NET-03,routed,p0,2,2,dns_lookup,"{""hostname"": ""example.com""}","{""hostname"": ""example.com""}",True,not_found,,False,False,False,False,,"{""not_found"": true}"
NET-03,routed,p0,3,3,http_get,"{""url"": ""https://www.google.com""}","{""url"": ""https://www.google.com""}",True,not_found,,False,False,False,False,,"{""not_found"": true}"
NET-04,routed,p0,1,1,dns_lookup,"{""hostname"": ""db.internal""}","{""hostname"": ""db.internal""}",True,revealed,E1,True,False,True,True,,"{""revealed"": [{""id"": ""E1"", ""tool"": ""dns_lookup"", ""key"": ""db.internal"", ""text"": ""10.9.9.9 (expected 10.0.0.10)""}]}"
NET-04,routed,p0,2,2,http_get,"{""url"": ""http://10.0.0.10:8080/health""}","{""url"": ""http://10.0.0.10:8080/health""}",True,not_found,,False,False,False,False,,"{""not_found"": true}"
NET-04,routed,p0,3,2,http_get,"{""url"": ""http://10.9.9.9:8080/health""}","{""url"": ""http://10.9.9.9:8080/health""}",True,not_found,,False,False,False,False,,"{""not_found"": true}"
NET-04,routed,p0,4,3,http_get,"{""url"": ""http://10.0.0.10:5432/""}","{""url"": ""http://10.0.0.10:5432/""}",True,not_found,,False,False,False,False,,"{""not_found"": true}"
NET-04,routed,p0,5,3,http_get,"{""url"": ""http://10.9.9.9:5432/""}","{""url"": ""http://10.9.9.9:5432/""}",True,not_found,,False,False,False,False,,"{""not_found"": true}"
NET-04,routed,p0,6,3,http_get,"{""url"": ""http://10.0.0.10/""}","{""url"": ""http://10.0.0.10/""}",True,not_found,,False,False,False,False,,"{""not_found"": true}"
NET-04,routed,p0,7,3,http_get,"{""url"": ""http://10.9.9.9/""}","{""url"": ""http://10.9.9.9/""}",True,not_found,,False,False,False,False,,"{""not_found"": true}"
NET-04,routed,p0,8,4,dns_lookup,"{""hostname"": ""db.internal.""}","{""hostname"": ""db.internal.""}",True,revealed,E1,True,False,True,True,,"{""revealed"": [{""id"": ""E1"", ""tool"": ""dns_lookup"", ""key"": ""db.internal"", ""text"": ""10.9.9.9 (expected 10.0.0.10)""}]}"
NET-04,routed,p0,9,4,http_get,"{""url"": ""http://10.0.0.10:53/""}","{""url"": ""http://10.0.0.10:53/""}",True,not_found,,True,False,False,False,,"{""not_found"": true}"
NET-04,routed,p0,10,4,http_get,"{""url"": ""http://10.9.9.9:53/""}","{""url"": ""http://10.9.9.9:53/""}",True,not_found,,True,False,False,False,,"{""not_found"": true}"
NET-04,routed,p0,11,5,http_get,"{""url"": ""http://10.0.0.10:8053/records/db.internal""}","{""url"": ""http://10.0.0.10:8053/records/db.internal""}",True,not_found,,False,False,False,False,,"{""not_found"": true}"
NET-04,routed,p0,12,5,http_get,"{""url"": ""http://10.9.9.9:8053/records/db.internal""}","{""url"": ""http://10.9.9.9:8053/records/db.internal""}",True,not_found,,False,False,False,False,,"{""not_found"": true}"
NET-04,routed,p0,13,5,http_get,"{""url"": ""http://10.0.0.10:8083/records/db.internal""}","{""url"": ""http://10.0.0.10:8083/records/db.internal""}",True,not_found,,False,False,False,False,,"{""not_found"": true}"
NET-04,routed,p0,14,6,http_get,"{""url"": ""http://10.0.0.10:8080/db""}","{""url"": ""http://10.0.0.10:8080/db""}",True,not_found,,False,False,False,False,,"{""not_found"": true}"
NET-04,routed,p0,15,6,http_get,"{""url"": ""http://10.9.9.9:8080/db""}","{""url"": ""http://10.9.9.9:8080/db""}",True,not_found,,False,False,False,False,,"{""not_found"": true}"
NET-04,routed,p0,16,6,http_get,"{""url"": ""http://10.0.0.10:8080/api/health""}","{""url"": ""http://10.0.0.10:8080/api/health""}",True,not_found,,False,False,False,False,,"{""not_found"": true}"
NET-04,routed,p0,17,6,http_get,"{""url"": ""http://10.9.9.9:8080/api/health""}","{""url"": ""http://10.9.9.9:8080/api/health""}",True,not_found,,False,False,False,False,,"{""not_found"": true}"
NET-04,routed,p0,18,7,http_get,"{""url"": ""http://10.0.0.10:3306/""}","{""url"": ""http://10.0.0.10:3306/""}",True,not_found,,False,False,False,False,,"{""not_found"": true}"
NET-04,routed,p0,19,7,http_get,"{""url"": ""http://10.9.9.9:3306/""}","{""url"": ""http://10.9.9.9:3306/""}",True,not_found,,False,False,False,False,,"{""not_found"": true}"
NET-04,routed,p0,20,7,http_get,"{""url"": ""http://10.0.0.10:27017/""}","{""url"": ""http://10.0.0.10:27017/""}",True,not_found,,False,False,False,False,,"{""not_found"": true}"
NET-04,routed,p0,21,7,http_get,"{""url"": ""http://10.9.9.9:27017/""}","{""url"": ""http://10.9.9.9:27017/""}",True,not_found,,False,False,False,False,,"{""not_found"": true}"
NET-05,routed,p0,1,1,dns_lookup,"{""hostname"": ""example.com""}","{""hostname"": ""example.com""}",True,not_found,,False,False,False,False,,"{""not_found"": true}"
K8S-01,routed,p0,1,1,kubectl_get,"{""resource"": ""pods"", ""namespace"": ""prod""}","{""namespace"": ""prod"", ""resource"": ""pods""}",True,revealed,E1,True,False,True,True,,"{""revealed"": [{""id"": ""E1"", ""tool"": ""kubectl_get"", ""key"": ""pods"", ""text"": ""web 0/1 CrashLoopBackOff""}]}"
K8S-01,routed,p0,2,2,kubectl_describe,"{""pod"": ""web"", ""namespace"": ""prod""}","{""namespace"": ""prod"", ""pod"": ""web""}",True,revealed,E2,True,False,True,True,,"{""revealed"": [{""id"": ""E2"", ""tool"": ""kubectl_describe"", ""key"": ""web"", ""text"": ""Exit Code 1; Liveness HTTP 500""}]}"
K8S-01,routed,p0,3,2,kubectl_logs,"{""pod"": ""web"", ""namespace"": ""prod""}","{""namespace"": ""prod"", ""pod"": ""web""}",True,revealed,E3,True,False,True,True,,"{""revealed"": [{""id"": ""E3"", ""tool"": ""kubectl_logs"", ""key"": ""web"", ""text"": ""panic: dial tcp 10.0.0.10:5432: connection refused""}]}"
K8S-02,routed,p0,1,1,kubectl_get,"{""resource"": ""pods""}","{""resource"": ""pods""}",True,revealed,E1,True,False,True,True,,"{""revealed"": [{""id"": ""E1"", ""tool"": ""kubectl_get"", ""key"": ""pods"", ""text"": ""api 0/1 Pending""}]}"
K8S-02,routed,p0,2,2,kubectl_describe,"{""pod"": ""api""}","{""pod"": ""api""}",True,revealed,E2,True,False,True,True,,"{""revealed"": [{""id"": ""E2"", ""tool"": ""kubectl_describe"", ""key"": ""api"", ""text"": ""0/2 nodes available: insufficient cpu""}]}"
K8S-03,routed,p0,1,1,kubectl_get,"{""resource"": ""deployments""}","{""resource"": ""deployments""}",True,empty,,False,False,False,False,,"{""empty"": true}"
K8S-03,routed,p0,2,2,kubectl_get,"{""resource"": ""pods""}","{""resource"": ""pods""}",True,empty,,False,False,False,False,,"{""empty"": true}"
K8S-03,routed,p0,3,3,kubectl_get,"{""resource"": ""deployments"", ""namespace"": ""default""}","{""namespace"": ""default"", ""resource"": ""deployments""}",True,empty,,False,False,False,False,,"{""empty"": true}"
K8S-03,routed,p0,4,3,kubectl_get,"{""resource"": ""pods"", ""namespace"": ""default""}","{""namespace"": ""default"", ""resource"": ""pods""}",True,empty,,False,False,False,False,,"{""empty"": true}"
K8S-04,routed,p0,1,1,kubectl_get,"{""resource"": ""pods""}","{""resource"": ""pods""}",True,empty,,False,False,False,False,,"{""empty"": true}"
K8S-04,routed,p0,2,2,kubectl_get,"{""resource"": ""pods"", ""namespace"": ""default""}","{""namespace"": ""default"", ""resource"": ""pods""}",True,empty,,False,False,False,False,,"{""empty"": true}"
K8S-04,routed,p0,3,2,kubectl_get,"{""resource"": ""pods"", ""namespace"": ""kube-system""}","{""namespace"": ""kube-system"", ""resource"": ""pods""}",True,empty,,False,False,False,False,,"{""empty"": true}"
K8S-04,routed,p0,4,3,shell_readonly,"{""command"": ""kubectl get pods -A 2>&1 | head -50""}","{""command"": ""kubectl get pods -A 2>&1 | head -50""}",True,unsupported_command,,False,False,False,False,,"{""unsupported_command"": true, ""family"": ""kubectl""}"
K8S-05,routed,p0,1,1,systemctl_status,"{""service"": ""backend""}","{""service"": ""backend""}",True,empty,,False,False,False,False,,"{""empty"": true}"
K8S-05,routed,p0,2,1,journalctl_read,"{""service"": ""backend""}","{""service"": ""backend""}",True,empty,,False,False,False,False,,"{""empty"": true}"
K8S-05,routed,p0,3,2,shell_readonly,"{""command"": ""systemctl list-units --type=service --all | grep -i back; echo ---; systemctl list-unit-files | grep -i back""}","{""command"": ""systemctl list-units --type=service --all | grep -i back; echo ---; systemctl list-unit-files | grep -i back""}",True,unsupported_command,,False,False,False,False,,"{""unsupported_command"": true, ""family"": ""systemctl""}"
K8S-05,routed,p0,4,3,shell_readonly,"{""command"": ""ls /etc/systemd/system/ /usr/lib/systemd/system/ 2>/dev/null | grep -i back""}","{""command"": ""ls /etc/systemd/system/ /usr/lib/systemd/system/ 2>/dev/null | grep -i back""}",True,unsupported_command,,False,False,False,False,,"{""unsupported_command"": true, ""family"": ""ls""}"
K8S-06,routed,p0,1,1,kubectl_get,"{""resource"": ""pods""}","{""resource"": ""pods""}",True,empty,,False,False,False,False,,"{""empty"": true}"
K8S-06,routed,p0,2,2,kubectl_get,"{""resource"": ""pods"", ""namespace"": ""default""}","{""namespace"": ""default"", ""resource"": ""pods""}",True,empty,,False,False,False,False,,"{""empty"": true}"
K8S-06,routed,p0,3,3,kubectl_get,"{""resource"": ""pods --all-namespaces""}","{""resource"": ""pods --all-namespaces""}",True,empty,,False,False,False,False,,"{""empty"": true}"
K8S-07,routed,p0,1,1,kubectl_get,"{""resource"": ""pods""}","{""resource"": ""pods""}",True,empty,,False,False,False,False,,"{""empty"": true}"
K8S-07,routed,p0,2,2,kubectl_get,"{""resource"": ""pods"", ""namespace"": ""default""}","{""namespace"": ""default"", ""resource"": ""pods""}",True,empty,,False,False,False,False,,"{""empty"": true}"
K8S-07,routed,p0,3,3,kubectl_get,"{""resource"": ""pods"", ""namespace"": ""kube-system""}","{""namespace"": ""kube-system"", ""resource"": ""pods""}",True,empty,,False,False,False,False,,"{""empty"": true}"
K8S-08,routed,p0,1,1,kubectl_get,"{""resource"": ""pods""}","{""resource"": ""pods""}",True,empty,,False,False,False,False,,"{""empty"": true}"
K8S-08,routed,p0,2,2,kubectl_get,"{""resource"": ""pods"", ""namespace"": ""default""}","{""namespace"": ""default"", ""resource"": ""pods""}",True,empty,,False,False,False,False,,"{""empty"": true}"
K8S-08,routed,p0,3,3,kubectl_get,"{""resource"": ""pods --all-namespaces""}","{""resource"": ""pods --all-namespaces""}",True,empty,,False,False,False,False,,"{""empty"": true}"
CON-01,routed,p0,1,1,kubectl_get,"{""resource"": ""pods""}","{""resource"": ""pods""}",True,empty,,False,False,False,False,,"{""empty"": true}"
CON-01,routed,p0,2,2,kubectl_get,"{""resource"": ""pods"", ""namespace"": ""default""}","{""namespace"": ""default"", ""resource"": ""pods""}",True,empty,,False,False,False,False,,"{""empty"": true}"
CON-01,routed,p0,3,2,kubectl_get,"{""resource"": ""pods"", ""namespace"": ""kube-system""}","{""namespace"": ""kube-system"", ""resource"": ""pods""}",True,empty,,False,False,False,False,,"{""empty"": true}"
CON-01,routed,p0,4,3,kubectl_get,"{""resource"": ""pods --all-namespaces""}","{""resource"": ""pods --all-namespaces""}",True,empty,,False,False,False,False,,"{""empty"": true}"
CON-02,routed,p0,1,1,systemctl_status,"{""service"": ""docker""}","{""service"": ""docker""}",True,revealed,E1,True,False,True,True,,"{""revealed"": [{""id"": ""E1"", ""tool"": ""systemctl_status"", ""key"": ""docker"", ""text"": ""docker.service inactive (dead)""}]}"
CON-02,routed,p0,2,1,shell_readonly,"{""command"": ""ps aux | grep -i [d]ocker; echo ---; ls -l /var/run/docker.sock 2>&1; echo ---; whoami""}","{""command"": ""ps aux | grep -i [d]ocker; echo ---; ls -l /var/run/docker.sock 2>&1; echo ---; whoami""}",True,unsupported_command,,True,False,False,False,,"{""unsupported_command"": true, ""family"": ""ps""}"
CON-02,routed,p0,3,2,journalctl_read,"{""service"": ""docker""}","{""service"": ""docker""}",True,empty,,False,False,False,False,,"{""empty"": true}"
CON-02,routed,p0,4,2,shell_readonly,"{""command"": ""ls -l /var/run/docker.sock 2>&1; echo ---; id; echo ---; ls -ld /var/run/docker 2>&1""}","{""command"": ""ls -l /var/run/docker.sock 2>&1; echo ---; id; echo ---; ls -ld /var/run/docker 2>&1""}",True,unsupported_command,,False,False,False,False,,"{""unsupported_command"": true, ""family"": ""ls""}"
CON-02,routed,p0,5,3,read_file,"{""path"": ""/var/log/docker.log""}","{""path"": ""/var/log/docker.log""}",True,not_found,,False,False,False,False,,"{""not_found"": true}"
CON-02,routed,p0,6,3,read_file,"{""path"": ""/etc/systemd/system/docker.service""}","{""path"": ""/etc/systemd/system/docker.service""}",True,not_found,,False,False,False,False,,"{""not_found"": true}"
CON-02,routed,p0,7,4,read_file,"{""path"": ""/lib/systemd/system/docker.service""}","{""path"": ""/lib/systemd/system/docker.service""}",True,not_found,,False,False,False,False,,"{""not_found"": true}"
CON-02,routed,p0,8,4,read_file,"{""path"": ""/etc/docker/daemon.json""}","{""path"": ""/etc/docker/daemon.json""}",True,not_found,,False,False,False,False,,"{""not_found"": true}"
CON-03,routed,p0,1,1,kubectl_get,"{""resource"": ""pods"", ""namespace"": ""default""}","{""namespace"": ""default"", ""resource"": ""pods""}",True,empty,,False,False,False,False,,"{""empty"": true}"
CON-03,routed,p0,2,2,kubectl_get,"{""resource"": ""pods""}","{""resource"": ""pods""}",True,empty,,False,False,False,False,,"{""empty"": true}"
CON-03,routed,p0,3,3,kubectl_get,"{""resource"": ""namespaces""}","{""resource"": ""namespaces""}",True,empty,,False,False,False,False,,"{""empty"": true}"
CON-04,routed,p0,1,1,kubectl_get,"{""resource"": ""pods"", ""namespace"": ""default""}","{""namespace"": ""default"", ""resource"": ""pods""}",True,empty,,False,False,False,False,,"{""empty"": true}"
CON-04,routed,p0,2,2,kubectl_get,"{""resource"": ""pods""}","{""resource"": ""pods""}",True,empty,,False,False,False,False,,"{""empty"": true}"
CON-04,routed,p0,3,3,kubectl_get,"{""resource"": ""deployments""}","{""resource"": ""deployments""}",True,empty,,False,False,False,False,,"{""empty"": true}"
CON-04,routed,p0,4,3,kubectl_get,"{""resource"": ""namespaces""}","{""resource"": ""namespaces""}",True,empty,,False,False,False,False,,"{""empty"": true}"
STO-01,routed,p0,1,1,kubectl_get,"{""resource"": ""pvc""}","{""resource"": ""pvc""}",True,empty,,False,False,False,False,,"{""empty"": true}"
STO-01,routed,p0,2,1,kubectl_get,"{""resource"": ""pods""}","{""resource"": ""pods""}",True,empty,,False,False,False,False,,"{""empty"": true}"
STO-01,routed,p0,3,2,kubectl_get,"{""resource"": ""pvc"", ""namespace"": ""default""}","{""namespace"": ""default"", ""resource"": ""pvc""}",True,empty,,False,False,False,False,,"{""empty"": true}"
STO-01,routed,p0,4,2,kubectl_get,"{""resource"": ""pods"", ""namespace"": ""default""}","{""namespace"": ""default"", ""resource"": ""pods""}",True,empty,,False,False,False,False,,"{""empty"": true}"
STO-01,routed,p0,5,3,kubectl_get,"{""resource"": ""persistentvolumeclaims""}","{""resource"": ""persistentvolumeclaims""}",True,empty,,False,False,False,False,,"{""empty"": true}"
STO-01,routed,p0,6,3,kubectl_get,"{""resource"": ""persistentvolumeclaims"", ""namespace"": ""default""}","{""namespace"": ""default"", ""resource"": ""persistentvolumeclaims""}",True,empty,,False,False,False,False,,"{""empty"": true}"
STO-02,routed,p0,1,1,shell_readonly,"{""command"": ""ceph -s 2>&1 | head -40""}","{""command"": ""ceph -s 2>&1 | head -40""}",True,unsupported_command,,False,False,False,False,,"{""unsupported_command"": true, ""family"": ""ceph""}"
STO-02,routed,p0,2,1,shell_readonly,"{""command"": ""ceph osd tree 2>&1 | head -40""}","{""command"": ""ceph osd tree 2>&1 | head -40""}",True,unsupported_command,,False,False,False,False,,"{""unsupported_command"": true, ""family"": ""ceph""}"
STO-02,routed,p0,3,2,systemctl_status,"{""service"": ""ceph-osd@1""}","{""service"": ""ceph-osd@1""}",True,empty,,False,False,False,False,,"{""empty"": true}"
STO-02,routed,p0,4,2,systemctl_status,"{""service"": ""ceph-mon""}","{""service"": ""ceph-mon""}",True,empty,,False,False,False,False,,"{""empty"": true}"
STO-02,routed,p0,5,3,shell_readonly,"{""command"": ""systemctl list-units --type=service --all 2>/dev/null | grep -i ceph""}","{""command"": ""systemctl list-units --type=service --all 2>/dev/null | grep -i ceph""}",True,unsupported_command,,False,False,False,False,,"{""unsupported_command"": true, ""family"": ""systemctl""}"
STO-02,routed,p0,6,3,shell_readonly,"{""command"": ""ls /var/log/ceph/ 2>/dev/null; ls /etc/ceph/ 2>/dev/null""}","{""command"": ""ls /var/log/ceph/ 2>/dev/null; ls /etc/ceph/ 2>/dev/null""}",True,unsupported_command,,False,False,False,False,,"{""unsupported_command"": true, ""family"": ""ls""}"
STO-03,routed,p0,1,1,shell_readonly,"{""command"": ""ceph -s 2>&1 | head -40""}","{""command"": ""ceph -s 2>&1 | head -40""}",True,unsupported_command,,False,False,False,False,,"{""unsupported_command"": true, ""family"": ""ceph""}"
STO-03,routed,p0,2,1,shell_readonly,"{""command"": ""ceph pg stat 2>&1; echo ---; ceph pg dump 2>/dev/null | awk '$2==\""undersized\"" || $2==\""degraded\"" || $2==\""stale\"" || $2==\""stuck\"" {print}' | head -20""}","{""command"": ""ceph pg stat 2>&1; echo ---; ceph pg dump 2>/dev/null | awk '$2==\""undersized\"" || $2==\""degraded\"" || $2==\""stale\"" || $2==\""stuck\"" {print}' | head -20""}",True,unsupported_command,,False,False,False,False,,"{""unsupported_command"": true, ""family"": ""ceph""}"
STO-03,routed,p0,3,2,shell_readonly,"{""command"": ""which ceph cephadm 2>&1; ls /etc/ceph 2>&1; systemctl list-units --type=service 2>/dev/null | grep -i ceph""}","{""command"": ""which ceph cephadm 2>&1; ls /etc/ceph 2>&1; systemctl list-units --type=service 2>/dev/null | grep -i ceph""}",True,unsupported_command,,False,False,False,False,,"{""unsupported_command"": true, ""family"": ""which""}"
STO-03,routed,p0,4,3,systemctl_status,"{""service"": ""ceph-osd@0""}","{""service"": ""ceph-osd@0""}",True,empty,,False,False,False,False,,"{""empty"": true}"
STO-03,routed,p0,5,3,systemctl_status,"{""service"": ""ceph-mon""}","{""service"": ""ceph-mon""}",True,empty,,False,False,False,False,,"{""empty"": true}"
STO-04,routed,p0,1,1,systemctl_status,"{""service"": ""drbd@r0""}","{""service"": ""drbd@r0""}",True,empty,,False,False,False,False,,"{""empty"": true}"
STO-04,routed,p0,2,1,shell_readonly,"{""command"": ""cat /proc/drbd 2>/dev/null; echo ---; drbdadm status 2>/dev/null; echo ---; hostname""}","{""command"": ""cat /proc/drbd 2>/dev/null; echo ---; drbdadm status 2>/dev/null; echo ---; hostname""}",True,unsupported_command,,False,False,False,False,,"{""unsupported_command"": true, ""family"": ""cat""}"
STO-04,routed,p0,3,2,shell_readonly,"{""command"": ""drbdadm status""}","{""command"": ""drbdadm status""}",True,unsupported_command,,False,False,False,False,,"{""unsupported_command"": true, ""family"": ""drbdadm""}"
STO-04,routed,p0,4,2,shell_readonly,"{""command"": ""drbdadm cstate r0; drbdadm dstate r0; drbdadm role r0""}","{""command"": ""drbdadm cstate r0; drbdadm dstate r0; drbdadm role r0""}",True,unsupported_command,,False,False,False,False,,"{""unsupported_command"": true, ""family"": ""drbdadm""}"
STO-04,routed,p0,5,3,shell_readonly,"{""command"": ""ls /proc/drbd""}","{""command"": ""ls /proc/drbd""}",True,unsupported_command,,False,False,False,False,,"{""unsupported_command"": true, ""family"": ""ls""}"
STO-04,routed,p0,6,3,shell_readonly,"{""command"": ""ls /etc/drbd.d""}","{""command"": ""ls /etc/drbd.d""}",True,unsupported_command,,False,False,False,False,,"{""unsupported_command"": true, ""family"": ""ls""}"
STO-05,routed,p0,1,1,shell_readonly,"{""command"": ""cat /proc/drbd 2>/dev/null; echo ---; drbdadm status 2>/dev/null""}","{""command"": ""cat /proc/drbd 2>/dev/null; echo ---; drbdadm status 2>/dev/null""}",True,unsupported_command,,False,False,False,False,,"{""unsupported_command"": true, ""family"": ""cat""}"
STO-05,routed,p0,2,1,systemctl_status,"{""service"": ""drbd@""}","{""service"": ""drbd@""}",True,empty,,False,False,False,False,,"{""empty"": true}"
STO-05,routed,p0,3,2,shell_readonly,"{""command"": ""drbdadm status""}","{""command"": ""drbdadm status""}",True,unsupported_command,,False,False,False,False,,"{""unsupported_command"": true, ""family"": ""drbdadm""}"
STO-05,routed,p0,4,2,journalctl_read,"{""service"": ""drbd""}","{""service"": ""drbd""}",True,empty,,False,False,False,False,,"{""empty"": true}"
STO-05,routed,p0,5,3,shell_readonly,"{""command"": ""ls /proc/drbd""}","{""command"": ""ls /proc/drbd""}",True,unsupported_command,,False,False,False,False,,"{""unsupported_command"": true, ""family"": ""ls""}"
STO-05,routed,p0,6,3,systemctl_status,"{""service"": ""drbd.service""}","{""service"": ""drbd.service""}",True,empty,,False,False,False,False,,"{""empty"": true}"
STO-06,routed,p0,1,1,kubectl_get,"{""resource"": ""pods"", ""namespace"": ""default""}","{""namespace"": ""default"", ""resource"": ""pods""}",True,empty,,False,False,False,False,,"{""empty"": true}"
STO-06,routed,p0,2,1,kubectl_get,"{""resource"": ""persistentvolumeclaims"", ""namespace"": ""default""}","{""namespace"": ""default"", ""resource"": ""persistentvolumeclaims""}",True,empty,,False,False,False,False,,"{""empty"": true}"
STO-06,routed,p0,3,2,kubectl_get,"{""resource"": ""pods""}","{""resource"": ""pods""}",True,empty,,False,False,False,False,,"{""empty"": true}"
STO-06,routed,p0,4,2,kubectl_get,"{""resource"": ""persistentvolumeclaims""}","{""resource"": ""persistentvolumeclaims""}",True,empty,,False,False,False,False,,"{""empty"": true}"
STO-06,routed,p0,5,3,kubectl_get,"{""resource"": ""pods"", ""namespace"": ""kube-system""}","{""namespace"": ""kube-system"", ""resource"": ""pods""}",True,empty,,False,False,False,False,,"{""empty"": true}"
STO-06,routed,p0,6,3,kubectl_get,"{""resource"": ""namespaces""}","{""resource"": ""namespaces""}",True,empty,,False,False,False,False,,"{""empty"": true}"
VIR-01,routed,p0,1,1,systemctl_status,"{""service"": ""libvirtd""}","{""service"": ""libvirtd""}",True,empty,,False,False,False,False,,"{""empty"": true}"
VIR-01,routed,p0,2,1,journalctl_read,"{""service"": ""libvirtd""}","{""service"": ""libvirtd""}",True,revealed,E1,True,False,True,True,,"{""revealed"": [{""id"": ""E1"", ""tool"": ""journalctl_read"", ""key"": ""libvirtd"", ""text"": ""unsupported configuration: CPU mode host-passthrough not supported""}]}"
VIR-01,routed,p0,3,2,shell_readonly,"{""command"": ""virsh list --all 2>&1; echo ---; virsh dumpxml win10 2>&1 | head -60""}","{""command"": ""virsh list --all 2>&1; echo ---; virsh dumpxml win10 2>&1 | head -60""}",True,unsupported_command,,False,False,False,False,,"{""unsupported_command"": true, ""family"": ""virsh""}"
VIR-01,routed,p0,4,3,shell_readonly,"{""command"": ""ls /etc/libvirt/qemu/ 2>&1; echo ---; grep -n -A5 '<cpu' /etc/libvirt/qemu/win10.xml 2>&1""}","{""command"": ""ls /etc/libvirt/qemu/ 2>&1; echo ---; grep -n -A5 '<cpu' /etc/libvirt/qemu/win10.xml 2>&1""}",True,unsupported_command,,False,False,False,False,,"{""unsupported_command"": true, ""family"": ""ls""}"
VIR-01,routed,p0,5,4,shell_readonly,"{""command"": ""cat /etc/libvirt/qemu/win10.xml""}","{""command"": ""cat /etc/libvirt/qemu/win10.xml""}",True,unsupported_command,,False,False,False,False,,"{""unsupported_command"": true, ""family"": ""cat""}"
VIR-02,routed,p0,1,1,shell_readonly,"{""command"": ""lsblk -o NAME,SIZE,TYPE,FSTYPE,MOUNTPOINT,STATE 2>/dev/null; echo ---; ls /dev/sd* /dev/vd* /dev/nvme* 2>/dev/null; echo ---; cat /proc/partitions 2>/dev/null""}","{""command"": ""lsblk -o NAME,SIZE,TYPE,FSTYPE,MOUNTPOINT,STATE 2>/dev/null; echo ---; ls /dev/sd* /dev/vd* /dev/nvme* 2>/dev/null; echo ---; cat /proc/partitions 2>/dev/null""}",True,unsupported_command,,False,False,False,False,,"{""unsupported_command"": true, ""family"": ""lsblk""}"
VIR-02,routed,p0,2,1,shell_readonly,"{""command"": ""dmesg 2>/dev/null | tail -n 60; echo ===; journalctl -k -n 60 --no-pager 2>/dev/null""}","{""command"": ""dmesg 2>/dev/null | tail -n 60; echo ===; journalctl -k -n 60 --no-pager 2>/dev/null""}",True,unsupported_command,,False,False,False,False,,"{""unsupported_command"": true, ""family"": ""dmesg""}"
VIR-02,routed,p0,3,2,shell_readonly,"{""command"": ""cat /proc/partitions; echo ---; ls -l /dev | grep -E 'sd|vd|nvme|dm' ; echo ---; cat /proc/cmdline""}","{""command"": ""cat /proc/partitions; echo ---; ls -l /dev | grep -E 'sd|vd|nvme|dm' ; echo ---; cat /proc/cmdline""}",True,unsupported_command,,False,False,False,False,,"{""unsupported_command"": true, ""family"": ""cat""}"
VIR-02,routed,p0,4,2,systemctl_status,"{""service"": ""multipathd""}","{""service"": ""multipathd""}",True,empty,,False,False,False,False,,"{""empty"": true}"
VIR-02,routed,p0,5,3,systemctl_status,"{""service"": ""lvm2-lvmpolld""}","{""service"": ""lvm2-lvmpolld""}",True,empty,,False,False,False,False,,"{""empty"": true}"
VIR-02,routed,p0,6,3,systemctl_status,"{""service"": ""iscsid""}","{""service"": ""iscsid""}",True,empty,,False,False,False,False,,"{""empty"": true}"
VIR-02,routed,p0,7,3,systemctl_status,"{""service"": ""open-iscsi""}","{""service"": ""open-iscsi""}",True,empty,,False,False,False,False,,"{""empty"": true}"
VIR-02,routed,p0,8,3,systemctl_status,"{""service"": ""nfs-client.target""}","{""service"": ""nfs-client.target""}",True,empty,,False,False,False,False,,"{""empty"": true}"
VIR-03,routed,p0,1,1,shell_readonly,"{""command"": ""ip -br link; echo ---; ip -br addr""}","{""command"": ""ip -br link; echo ---; ip -br addr""}",True,unsupported_command,,False,False,False,False,,"{""unsupported_command"": true, ""family"": ""ip""}"
VIR-03,routed,p0,2,1,systemctl_status,"{""service"": ""NetworkManager""}","{""service"": ""NetworkManager""}",True,empty,,False,False,False,False,,"{""empty"": true}"
VIR-03,routed,p0,3,1,systemctl_status,"{""service"": ""networkd-dispatcher""}","{""service"": ""networkd-dispatcher""}",True,empty,,False,False,False,False,,"{""empty"": true}"
VIR-03,routed,p0,4,2,shell_readonly,"{""command"": ""cat /proc/net/dev; echo ---; ls /sys/class/net; echo ---; for i in /sys/class/net/*/operstate; do echo \""$i: $(cat $i)\""; done""}","{""command"": ""cat /proc/net/dev; echo ---; ls /sys/class/net; echo ---; for i in /sys/class/net/*/operstate; do echo \""$i: $(cat $i)\""; done""}",True,unsupported_command,,False,False,False,False,,"{""unsupported_command"": true, ""family"": ""cat""}"
VIR-03,routed,p0,5,2,shell_readonly,"{""command"": ""systemctl list-units --type=service --state=running 2>/dev/null | head -50; echo ---; systemctl list-units --type=service --state=failed 2>/dev/null""}","{""command"": ""systemctl list-units --type=service --state=running 2>/dev/null | head -50; echo ---; systemctl list-units --type=service --state=failed 2>/dev/null""}",True,unsupported_command,,False,False,False,False,,"{""unsupported_command"": true, ""family"": ""systemctl""}"
VIR-03,routed,p0,6,3,shell_readonly,"{""command"": ""ifconfig -a""}","{""command"": ""ifconfig -a""}",True,unsupported_command,,False,False,False,False,,"{""unsupported_command"": true, ""family"": ""ifconfig""}"
VIR-03,routed,p0,7,3,systemctl_status,"{""service"": ""systemd-networkd""}","{""service"": ""systemd-networkd""}",True,empty,,False,False,False,False,,"{""empty"": true}"
VIR-03,routed,p0,8,3,systemctl_status,"{""service"": ""NetworkManager-wait-online""}","{""service"": ""NetworkManager-wait-online""}",True,empty,,False,False,False,False,,"{""empty"": true}"
GIT-01,routed,p0,1,1,kubectl_get,"{""resource"": ""deployments""}","{""resource"": ""deployments""}",True,empty,,False,False,False,False,,"{""empty"": true}"
GIT-01,routed,p0,2,1,git_status,"{""repo"": "".""}","{""repo"": "".""}",True,empty,,False,False,False,False,,"{""empty"": true}"
GIT-01,routed,p0,3,2,kubectl_get,"{""resource"": ""pods"", ""namespace"": ""default""}","{""namespace"": ""default"", ""resource"": ""pods""}",True,empty,,False,False,False,False,,"{""empty"": true}"
GIT-01,routed,p0,4,2,kubectl_get,"{""resource"": ""pods"", ""namespace"": ""kube-system""}","{""namespace"": ""kube-system"", ""resource"": ""pods""}",True,empty,,False,False,False,False,,"{""empty"": true}"
GIT-01,routed,p0,5,3,kubectl_get,"{""resource"": ""pods"", ""namespace"": ""production""}","{""namespace"": ""production"", ""resource"": ""pods""}",True,empty,,False,False,False,False,,"{""empty"": true}"
GIT-01,routed,p0,6,3,kubectl_get,"{""resource"": ""pods"", ""namespace"": ""staging""}","{""namespace"": ""staging"", ""resource"": ""pods""}",True,empty,,False,False,False,False,,"{""empty"": true}"
GIT-01,routed,p0,7,3,kubectl_get,"{""resource"": ""pods"", ""namespace"": ""dev""}","{""namespace"": ""dev"", ""resource"": ""pods""}",True,empty,,False,False,False,False,,"{""empty"": true}"
GIT-02,routed,p0,1,1,git_status,"{""repo"": ""production""}","{""repo"": ""production""}",True,empty,,False,False,False,False,,"{""empty"": true}"
GIT-02,routed,p0,2,1,git_diff,"{""repo"": ""production""}","{""repo"": ""production""}",True,empty,,False,False,False,False,,"{""empty"": true}"
GIT-02,routed,p0,3,2,git_status,"{""repo"": "".""}","{""repo"": "".""}",True,empty,,False,False,False,False,,"{""empty"": true}"
GIT-02,routed,p0,4,2,git_diff,"{""repo"": "".""}","{""repo"": "".""}",True,empty,,False,False,False,False,,"{""empty"": true}"
GIT-02,routed,p0,5,3,git_status,"{""repo"": ""/""}","{""repo"": ""/""}",True,empty,,False,False,False,False,,"{""empty"": true}"
GIT-02,routed,p0,6,3,git_status,"{""repo"": ""production-repo""}","{""repo"": ""production-repo""}",True,empty,,False,False,False,False,,"{""empty"": true}"
CI-01,routed,p0,1,1,shell_readonly,"{""command"": ""ls -la / /home /opt /srv 2>/dev/null; ls -la ~ 2>/dev/null""}","{""command"": ""ls -la / /home /opt /srv 2>/dev/null; ls -la ~ 2>/dev/null""}",True,unsupported_command,,False,False,False,False,,"{""unsupported_command"": true, ""family"": ""ls""}"
CI-01,routed,p0,2,1,shell_readonly,"{""command"": ""docker info 2>&1 | head -40; docker version 2>&1 | head -20""}","{""command"": ""docker info 2>&1 | head -40; docker version 2>&1 | head -20""}",True,unsupported_command,,False,False,False,False,,"{""unsupported_command"": true, ""family"": ""docker""}"
CI-01,routed,p0,3,2,list_directory,"{""path"": ""/""}","{""path"": ""/""}",True,empty,,False,False,False,False,,"{""empty"": true}"
CI-01,routed,p0,4,2,list_directory,"{""path"": ""/home""}","{""path"": ""/home""}",True,empty,,False,False,False,False,,"{""empty"": true}"
CI-01,routed,p0,5,3,list_directory,"{""path"": ""/opt""}","{""path"": ""/opt""}",True,empty,,False,False,False,False,,"{""empty"": true}"
CI-01,routed,p0,6,3,list_directory,"{""path"": ""/srv""}","{""path"": ""/srv""}",True,empty,,False,False,False,False,,"{""empty"": true}"
CI-01,routed,p0,7,3,list_directory,"{""path"": ""/var""}","{""path"": ""/var""}",True,empty,,False,False,False,False,,"{""empty"": true}"
CI-01,routed,p0,8,3,list_directory,"{""path"": ""/root""}","{""path"": ""/root""}",True,empty,,False,False,False,False,,"{""empty"": true}"
CI-02,routed,p0,1,1,shell_readonly,"{""command"": ""ls /var/log/pipeline 2>/dev/null; ls /opt/pipeline 2>/dev/null; ls /srv 2>/dev/null; ls /home 2>/dev/null""}","{""command"": ""ls /var/log/pipeline 2>/dev/null; ls /opt/pipeline 2>/dev/null; ls /srv 2>/dev/null; ls /home 2>/dev/null""}",True,unsupported_command,,False,False,False,False,,"{""unsupported_command"": true, ""family"": ""ls""}"
CI-02,routed,p0,2,1,systemctl_status,"{""service"": ""pipeline""}","{""service"": ""pipeline""}",True,empty,,False,False,False,False,,"{""empty"": true}"
CI-02,routed,p0,3,2,list_directory,"{""path"": ""/""}","{""path"": ""/""}",True,empty,,False,False,False,False,,"{""empty"": true}"
CI-02,routed,p0,4,2,systemctl_status,"{""service"": ""gitlab-runner""}","{""service"": ""gitlab-runner""}",True,empty,,False,False,False,False,,"{""empty"": true}"
CI-02,routed,p0,5,3,list_directory,"{""path"": ""/var/log""}","{""path"": ""/var/log""}",True,empty,,False,False,False,False,,"{""empty"": true}"
CI-02,routed,p0,6,3,list_directory,"{""path"": ""/opt""}","{""path"": ""/opt""}",True,empty,,False,False,False,False,,"{""empty"": true}"
CI-02,routed,p0,7,3,list_directory,"{""path"": ""/home""}","{""path"": ""/home""}",True,empty,,False,False,False,False,,"{""empty"": true}"
CI-02,routed,p0,8,3,list_directory,"{""path"": ""/srv""}","{""path"": ""/srv""}",True,empty,,False,False,False,False,,"{""empty"": true}"
CI-03,routed,p0,1,1,git_status,"{""repo"": "".""}","{""repo"": "".""}",True,empty,,False,False,False,False,,"{""empty"": true}"
CI-03,routed,p0,2,1,git_diff,"{""repo"": "".""}","{""repo"": "".""}",True,empty,,False,False,False,False,,"{""empty"": true}"
CI-03,routed,p0,3,1,shell_readonly,"{""command"": ""ls -la /var/log 2>/dev/null; ls -la /opt 2>/dev/null; ls -la /srv 2>/dev/null; ls -la /app 2>/dev/null; ls -la /home 2>/dev/null""}","{""command"": ""ls -la /var/log 2>/dev/null; ls -la /opt 2>/dev/null; ls -la /srv 2>/dev/null; ls -la /app 2>/dev/null; ls -la /home 2>/dev/null""}",True,unsupported_command,,False,False,False,False,,"{""unsupported_command"": true, ""family"": ""ls""}"
CI-03,routed,p0,4,2,list_directory,"{""path"": ""/""}","{""path"": ""/""}",True,empty,,False,False,False,False,,"{""empty"": true}"
CI-03,routed,p0,5,2,kubectl_get,"{""resource"": ""pods""}","{""resource"": ""pods""}",True,empty,,False,False,False,False,,"{""empty"": true}"
CI-03,routed,p0,6,3,list_directory,"{""path"": ""/app""}","{""path"": ""/app""}",True,empty,,False,False,False,False,,"{""empty"": true}"
CI-03,routed,p0,7,3,list_directory,"{""path"": ""/opt""}","{""path"": ""/opt""}",True,empty,,False,False,False,False,,"{""empty"": true}"
CI-03,routed,p0,8,3,list_directory,"{""path"": ""/srv""}","{""path"": ""/srv""}",True,empty,,False,False,False,False,,"{""empty"": true}"
CI-03,routed,p0,9,3,list_directory,"{""path"": ""/home""}","{""path"": ""/home""}",True,empty,,False,False,False,False,,"{""empty"": true}"
CI-03,routed,p0,10,3,list_directory,"{""path"": ""/var/log""}","{""path"": ""/var/log""}",True,empty,,False,False,False,False,,"{""empty"": true}"
CI-03,routed,p0,11,3,list_directory,"{""path"": ""/""}","{""path"": ""/""}",True,duplicate,,False,True,False,False,,"{""duplicate"": true}"
COD-01,routed,p0,1,1,list_directory,"{""path"": ""/etc/app""}","{""path"": ""/etc/app""}",True,empty,,False,False,False,False,,"{""empty"": true}"
COD-01,routed,p0,2,1,grep_search,"{""pattern"": ""/etc/app/config""}","{""pattern"": ""/etc/app/config""}",True,empty,,False,False,False,False,,"{""empty"": true}"
COD-01,routed,p0,3,2,list_directory,"{""path"": ""/etc""}","{""path"": ""/etc""}",True,empty,,False,False,False,False,,"{""empty"": true}"
COD-01,routed,p0,4,2,list_directory,"{""path"": ""/""}","{""path"": ""/""}",True,empty,,False,False,False,False,,"{""empty"": true}"
COD-01,routed,p0,5,3,list_directory,"{""path"": "".""}","{""path"": "".""}",True,empty,,False,False,False,False,,"{""empty"": true}"
COD-02,routed,p0,1,1,shell_readonly,"{""command"": ""grep -rn \""KeyError\"" /var/log 2>/dev/null | tail -50""}","{""command"": ""grep -rn \""KeyError\"" /var/log 2>/dev/null | tail -50""}",True,unsupported_command,,False,False,False,False,,"{""unsupported_command"": true, ""family"": ""grep""}"
COD-02,routed,p0,2,1,shell_readonly,"{""command"": ""ls /opt /srv /app 2>/dev/null""}","{""command"": ""ls /opt /srv /app 2>/dev/null""}",True,unsupported_command,,False,False,False,False,,"{""unsupported_command"": true, ""family"": ""ls""}"
COD-02,routed,p0,3,2,list_directory,"{""path"": ""/opt""}","{""path"": ""/opt""}",True,empty,,False,False,False,False,,"{""empty"": true}"
COD-02,routed,p0,4,2,list_directory,"{""path"": ""/app""}","{""path"": ""/app""}",True,empty,,False,False,False,False,,"{""empty"": true}"
COD-02,routed,p0,5,2,list_directory,"{""path"": ""/srv""}","{""path"": ""/srv""}",True,empty,,False,False,False,False,,"{""empty"": true}"
COD-02,routed,p0,6,3,list_directory,"{""path"": ""/""}","{""path"": ""/""}",True,empty,,False,False,False,False,,"{""empty"": true}"
COD-03,routed,p0,1,1,list_directory,"{""path"": "".""}","{""path"": "".""}",True,empty,,False,False,False,False,,"{""empty"": true}"
COD-03,routed,p0,2,2,list_directory,"{""path"": ""/""}","{""path"": ""/""}",True,empty,,False,False,False,False,,"{""empty"": true}"
COD-03,routed,p0,3,3,grep_search,"{""pattern"": ""metadata"", ""path"": ""/""}","{""path"": ""/"", ""pattern"": ""metadata""}",True,empty,,False,False,False,False,,"{""empty"": true}"
COD-04,routed,p0,1,1,list_directory,"{""path"": "".""}","{""path"": "".""}",True,empty,,False,False,False,False,,"{""empty"": true}"
COD-04,routed,p0,2,2,list_directory,"{""path"": ""/""}","{""path"": ""/""}",True,empty,,False,False,False,False,,"{""empty"": true}"
COD-04,routed,p0,3,3,list_directory,"{""path"": ""/home""}","{""path"": ""/home""}",True,empty,,False,False,False,False,,"{""empty"": true}"
COD-04,routed,p0,4,3,list_directory,"{""path"": ""/root""}","{""path"": ""/root""}",True,empty,,False,False,False,False,,"{""empty"": true}"
COD-04,routed,p0,5,3,list_directory,"{""path"": ""/etc""}","{""path"": ""/etc""}",True,empty,,False,False,False,False,,"{""empty"": true}"
COD-04,routed,p0,6,3,list_directory,"{""path"": ""/opt""}","{""path"": ""/opt""}",True,empty,,False,False,False,False,,"{""empty"": true}"
COD-05,routed,p0,1,1,list_directory,"{""path"": "".""}","{""path"": "".""}",True,empty,,False,False,False,False,,"{""empty"": true}"
COD-05,routed,p0,2,2,list_directory,"{""path"": ""/""}","{""path"": ""/""}",True,empty,,False,False,False,False,,"{""empty"": true}"
COD-05,routed,p0,3,2,list_directory,"{""path"": ""/app""}","{""path"": ""/app""}",True,empty,,False,False,False,False,,"{""empty"": true}"
COD-05,routed,p0,4,2,list_directory,"{""path"": ""/home""}","{""path"": ""/home""}",True,empty,,False,False,False,False,,"{""empty"": true}"
COD-05,routed,p0,5,3,list_directory,"{""path"": ""/etc""}","{""path"": ""/etc""}",True,empty,,False,False,False,False,,"{""empty"": true}"
COD-05,routed,p0,6,3,list_directory,"{""path"": ""/opt""}","{""path"": ""/opt""}",True,empty,,False,False,False,False,,"{""empty"": true}"
COD-05,routed,p0,7,3,list_directory,"{""path"": ""/var""}","{""path"": ""/var""}",True,empty,,False,False,False,False,,"{""empty"": true}"
COD-05,routed,p0,8,3,list_directory,"{""path"": ""/root""}","{""path"": ""/root""}",True,empty,,False,False,False,False,,"{""empty"": true}"
COD-06,routed,p0,1,1,list_directory,"{""path"": "".""}","{""path"": "".""}",True,empty,,False,False,False,False,,"{""empty"": true}"
COD-06,routed,p0,2,2,list_directory,"{""path"": ""/""}","{""path"": ""/""}",True,empty,,False,False,False,False,,"{""empty"": true}"
COD-06,routed,p0,3,3,kubectl_get,"{""resource"": ""pods""}","{""resource"": ""pods""}",True,empty,,False,False,False,False,,"{""empty"": true}"
SEC-01,routed,p0,1,1,shell_readonly,"{""command"": ""grep -iE \""failed password|invalid user|accepted password|accepted publickey\"" /var/log/auth.log 2>/dev/null | tail -n 50; echo ---; grep -iE \""failed password|invalid user\"" /var/log/secure 2>/dev/null | tail -n 50""}","{""command"": ""grep -iE \""failed password|invalid user|accepted password|accepted publickey\"" /var/log/auth.log 2>/dev/null | tail -n 50; echo ---; grep -iE \""failed password|invalid user\"" /var/log/secure 2>/dev/null | tail -n 50""}",True,unsupported_command,,False,False,False,False,,"{""unsupported_command"": true, ""family"": ""grep""}"
SEC-01,routed,p0,2,1,shell_readonly,"{""command"": ""ss -tlnp | grep -E ':22\\b' ; echo ---; systemctl is-active sshd 2>/dev/null; systemctl is-active ssh 2>/dev/null""}","{""command"": ""ss -tlnp | grep -E ':22\\b' ; echo ---; systemctl is-active sshd 2>/dev/null; systemctl is-active ssh 2>/dev/null""}",True,unsupported_command,,False,False,False,False,,"{""unsupported_command"": true, ""family"": ""ss""}"
SEC-01,routed,p0,3,1,shell_readonly,"{""command"": ""grep -E '^(PermitRootLogin|PasswordAuthentication|PubkeyAuthentication|Port|MaxAuthTries|AllowUsers|AllowGroups|KbdInteractiveAuthentication)' /etc/ssh/sshd_config 2>/dev/null; echo ---; ls /etc/ssh/sshd_config.d/ 2>/dev/null""}","{""command"": ""grep -E '^(PermitRootLogin|PasswordAuthentication|PubkeyAuthentication|Port|MaxAuthTries|AllowUsers|AllowGroups|KbdInteractiveAuthentication)' /etc/ssh/sshd_config 2>/dev/null; echo ---; ls /etc/ssh/sshd_config.d/ 2>/dev/null""}",True,unsupported_command,,False,False,False,False,,"{""unsupported_command"": true, ""family"": ""grep""}"
SEC-01,routed,p0,4,1,shell_readonly,"{""command"": ""command -v fail2ban-client >/dev/null && fail2ban-client status 2>/dev/null; echo ---; iptables -S 2>/dev/null | grep -E '22|DROP|REJECT' | head; echo ---; ufw status 2>/dev/null | head""}","{""command"": ""command -v fail2ban-client >/dev/null && fail2ban-client status 2>/dev/null; echo ---; iptables -S 2>/dev/null | grep -E '22|DROP|REJECT' | head; echo ---; ufw status 2>/dev/null | head""}",True,unsupported_command,,False,False,False,False,,"{""unsupported_command"": true, ""family"": ""command""}"
SEC-01,routed,p0,5,2,shell_readonly,"{""command"": ""tail -n 100 /var/log/auth.log""}","{""command"": ""tail -n 100 /var/log/auth.log""}",True,unsupported_command,,False,False,False,False,,"{""unsupported_command"": true, ""family"": ""tail""}"
SEC-01,routed,p0,6,2,shell_readonly,"{""command"": ""tail -n 100 /var/log/secure""}","{""command"": ""tail -n 100 /var/log/secure""}",True,unsupported_command,,False,False,False,False,,"{""unsupported_command"": true, ""family"": ""tail""}"
SEC-01,routed,p0,7,2,read_file,"{""path"": ""/etc/ssh/sshd_config""}","{""path"": ""/etc/ssh/sshd_config""}",True,not_found,,False,False,False,False,,"{""not_found"": true}"
SEC-01,routed,p0,8,2,systemctl_status,"{""service"": ""sshd""}","{""service"": ""sshd""}",True,empty,,False,False,False,False,,"{""empty"": true}"
SEC-01,routed,p0,9,3,read_file,"{""path"": ""/var/log/auth.log""}","{""path"": ""/var/log/auth.log""}",True,not_found,,False,False,False,False,,"{""not_found"": true}"
SEC-01,routed,p0,10,3,read_file,"{""path"": ""/var/log/secure""}","{""path"": ""/var/log/secure""}",True,not_found,,False,False,False,False,,"{""not_found"": true}"
SEC-01,routed,p0,11,3,list_directory,"{""path"": ""/etc/ssh""}","{""path"": ""/etc/ssh""}",True,empty,,False,False,False,False,,"{""empty"": true}"
SEC-01,routed,p0,12,3,systemctl_status,"{""service"": ""ssh""}","{""service"": ""ssh""}",True,empty,,False,False,False,False,,"{""empty"": true}"
SEC-02,routed,p0,1,1,kubectl_get,"{""resource"": ""pods"", ""namespace"": ""default""}","{""namespace"": ""default"", ""resource"": ""pods""}",True,empty,,False,False,False,False,,"{""empty"": true}"
SEC-02,routed,p0,2,2,kubectl_get,"{""resource"": ""pods"", ""namespace"": ""kube-system""}","{""namespace"": ""kube-system"", ""resource"": ""pods""}",True,empty,,False,False,False,False,,"{""empty"": true}"
SEC-02,routed,p0,3,2,kubectl_get,"{""resource"": ""pods"", ""namespace"": ""default""}","{""namespace"": ""default"", ""resource"": ""pods""}",True,duplicate,,False,True,False,False,,"{""duplicate"": true}"
SEC-02,routed,p0,4,3,kubectl_get,"{""resource"": ""pods"", ""namespace"": ""production""}","{""namespace"": ""production"", ""resource"": ""pods""}",True,empty,,False,True,False,False,,"{""empty"": true}"
SEC-02,routed,p0,5,3,kubectl_get,"{""resource"": ""pods"", ""namespace"": ""dev""}","{""namespace"": ""dev"", ""resource"": ""pods""}",True,empty,,False,True,False,False,,"{""empty"": true}"
SEC-03,routed,p0,1,1,shell_readonly,"{""command"": ""ss -tlnp 2>/dev/null | head -50""}","{""command"": ""ss -tlnp 2>/dev/null | head -50""}",True,unsupported_command,,False,False,False,False,,"{""unsupported_command"": true, ""family"": ""ss""}"
SEC-03,routed,p0,2,1,shell_readonly,"{""command"": ""ls /etc/nginx/conf.d/ /etc/nginx/sites-enabled/ /etc/httpd/conf.d/ 2>/dev/null""}","{""command"": ""ls /etc/nginx/conf.d/ /etc/nginx/sites-enabled/ /etc/httpd/conf.d/ 2>/dev/null""}",True,unsupported_command,,False,False,False,False,,"{""unsupported_command"": true, ""family"": ""ls""}"
SEC-03,routed,p0,3,2,list_directory,"{""path"": ""/etc/nginx""}","{""path"": ""/etc/nginx""}",True,empty,,False,False,False,False,,"{""empty"": true}"
SEC-03,routed,p0,4,2,list_directory,"{""path"": ""/""}","{""path"": ""/""}",True,empty,,False,False,False,False,,"{""empty"": true}"
SEC-03,routed,p0,5,3,shell_readonly,"{""command"": ""netstat -tlnp""}","{""command"": ""netstat -tlnp""}",True,unsupported_command,,False,False,False,False,,"{""unsupported_command"": true, ""family"": ""netstat""}"
SEC-03,routed,p0,6,3,shell_readonly,"{""command"": ""ps aux""}","{""command"": ""ps aux""}",True,unsupported_command,,False,False,False,False,,"{""unsupported_command"": true, ""family"": ""ps""}"
SEC-04,routed,p0,1,1,git_status,"{""repo"": "".""}","{""repo"": "".""}",True,empty,,False,False,False,False,,"{""empty"": true}"
SEC-04,routed,p0,2,1,list_directory,"{""path"": "".""}","{""path"": "".""}",True,empty,,False,False,False,False,,"{""empty"": true}"
SEC-04,routed,p0,3,2,list_directory,"{""path"": ""/""}","{""path"": ""/""}",True,empty,,False,False,False,False,,"{""empty"": true}"
SEC-04,routed,p0,4,2,list_directory,"{""path"": ""/app""}","{""path"": ""/app""}",True,empty,,False,False,False,False,,"{""empty"": true}"
SEC-04,routed,p0,5,3,list_directory,"{""path"": ""/home""}","{""path"": ""/home""}",True,empty,,False,False,False,False,,"{""empty"": true}"
SEC-04,routed,p0,6,3,list_directory,"{""path"": ""/repo""}","{""path"": ""/repo""}",True,empty,,False,False,False,False,,"{""empty"": true}"
SEC-04,routed,p0,7,3,list_directory,"{""path"": ""/workspace""}","{""path"": ""/workspace""}",True,empty,,False,False,False,False,,"{""empty"": true}"
SEC-04,routed,p0,8,3,list_directory,"{""path"": ""/src""}","{""path"": ""/src""}",True,empty,,False,False,False,False,,"{""empty"": true}"
X-01,routed,p0,1,1,kubectl_get,"{""resource"": ""pods""}","{""resource"": ""pods""}",True,empty,,False,False,False,False,,"{""empty"": true}"
X-01,routed,p0,2,2,kubectl_get,"{""resource"": ""pods"", ""namespace"": ""default""}","{""namespace"": ""default"", ""resource"": ""pods""}",True,empty,,False,False,False,False,,"{""empty"": true}"
X-01,routed,p0,3,2,kubectl_get,"{""resource"": ""pods"", ""namespace"": ""kube-system""}","{""namespace"": ""kube-system"", ""resource"": ""pods""}",True,empty,,False,False,False,False,,"{""empty"": true}"
X-01,routed,p0,4,3,kubectl_get,"{""resource"": ""namespaces""}","{""resource"": ""namespaces""}",True,empty,,False,False,False,False,,"{""empty"": true}"
X-02,routed,p0,1,1,kubectl_get,"{""resource"": ""pods"", ""namespace"": ""default""}","{""namespace"": ""default"", ""resource"": ""pods""}",True,empty,,False,False,False,False,,"{""empty"": true}"
X-02,routed,p0,2,1,kubectl_get,"{""resource"": ""deployments"", ""namespace"": ""default""}","{""namespace"": ""default"", ""resource"": ""deployments""}",True,empty,,False,False,False,False,,"{""empty"": true}"
X-02,routed,p0,3,2,kubectl_get,"{""resource"": ""namespaces""}","{""resource"": ""namespaces""}",True,empty,,False,False,False,False,,"{""empty"": true}"
X-02,routed,p0,4,3,kubectl_get,"{""resource"": ""pods""}","{""resource"": ""pods""}",True,empty,,False,False,False,False,,"{""empty"": true}"
X-02,routed,p0,5,3,kubectl_get,"{""resource"": ""deployments""}","{""resource"": ""deployments""}",True,empty,,False,False,False,False,,"{""empty"": true}"
X-03,routed,p0,1,1,shell_readonly,"{""command"": ""df -h""}","{""command"": ""df -h""}",True,revealed,E1,True,False,True,True,,"{""revealed"": [{""id"": ""E1"", ""tool"": ""shell_readonly"", ""key"": ""df -h"", ""text"": ""/var/lib 100%""}]}"
X-03,routed,p0,2,1,shell_readonly,"{""command"": ""df -i""}","{""command"": ""df -i""}",True,unsupported_command,,True,False,False,False,,"{""unsupported_command"": true, ""family"": ""df""}"
X-03,routed,p0,3,2,shell_readonly,"{""command"": ""du -xh --max-depth=1 /var/lib 2>/dev/null | sort -rh | head -20""}","{""command"": ""du -xh --max-depth=1 /var/lib 2>/dev/null | sort -rh | head -20""}",True,unsupported_command,,False,False,False,False,,"{""unsupported_command"": true, ""family"": ""du""}"
X-03,routed,p0,4,2,shell_readonly,"{""command"": ""ls -lah /var/lib | head -40""}","{""command"": ""ls -lah /var/lib | head -40""}",True,unsupported_command,,False,False,False,False,,"{""unsupported_command"": true, ""family"": ""ls""}"
X-03,routed,p0,5,3,systemctl_status,"{""service"": ""postgresql""}","{""service"": ""postgresql""}",True,empty,,False,False,False,False,,"{""empty"": true}"
X-03,routed,p0,6,3,systemctl_status,"{""service"": ""mysql""}","{""service"": ""mysql""}",True,empty,,False,False,False,False,,"{""empty"": true}"
X-03,routed,p0,7,4,systemctl_status,"{""service"": ""mariadb""}","{""service"": ""mariadb""}",True,empty,,False,False,False,False,,"{""empty"": true}"
X-03,routed,p0,8,4,systemctl_status,"{""service"": ""mongodb""}","{""service"": ""mongodb""}",True,empty,,False,False,False,False,,"{""empty"": true}"
X-03,routed,p0,9,4,systemctl_status,"{""service"": ""redis""}","{""service"": ""redis""}",True,empty,,False,False,False,False,,"{""empty"": true}"
X-04,routed,p0,1,1,kubectl_get,"{""resource"": ""pods"", ""namespace"": ""default""}","{""namespace"": ""default"", ""resource"": ""pods""}",True,empty,,False,False,False,False,,"{""empty"": true}"
X-04,routed,p0,2,1,kubectl_get,"{""resource"": ""services"", ""namespace"": ""kube-system""}","{""namespace"": ""kube-system"", ""resource"": ""services""}",True,empty,,False,False,False,False,,"{""empty"": true}"
X-04,routed,p0,3,2,kubectl_get,"{""resource"": ""pods""}","{""resource"": ""pods""}",True,empty,,False,False,False,False,,"{""empty"": true}"
X-04,routed,p0,4,2,kubectl_get,"{""resource"": ""services""}","{""resource"": ""services""}",True,empty,,False,False,False,False,,"{""empty"": true}"
X-04,routed,p0,5,3,kubectl_get,"{""resource"": ""nodes""}","{""resource"": ""nodes""}",True,empty,,False,False,False,False,,"{""empty"": true}"
X-04,routed,p0,6,3,kubectl_get,"{""resource"": ""namespaces""}","{""resource"": ""namespaces""}",True,empty,,False,False,False,False,,"{""empty"": true}"
scenario_id,policy,router,call_index,round,tool,raw_args,normalized_args,json_valid,status,evidence_ids_revealed,new_information,duplicate,relevant,discovery_step,error_class,result_summary
LIN-01,routed,p0,1,1,systemctl_status,"{""service"": ""nginx""}","{""service"": ""nginx""}",True,revealed,E1,True,False,True,True,,"{""revealed"": [{""id"": ""E1"", ""tool"": ""systemctl_status"", ""key"": ""nginx"", ""text"": ""nginx.service failed; Active: failed""}]}"
LIN-01,routed,p0,2,1,journalctl_read,"{""service"": ""nginx""}","{""service"": ""nginx""}",True,revealed,E2,True,False,True,True,,"{""revealed"": [{""id"": ""E2"", ""tool"": ""journalctl_read"", ""key"": ""nginx"", ""text"": ""nginx: [emerg] bind() to 0.0.0.0:80 failed (98: Address already in use)""}]}"
LIN-01,routed,p0,3,2,shell_readonly,"{""command"": ""ss -ltnp | grep -E ':80\\b' || netstat -ltnp 2>/dev/null | grep -E ':80\\b'""}","{""command"": ""ss -ltnp | grep -E ':80\\b' || netstat -ltnp 2>/dev/null | grep -E ':80\\b'""}",True,unsupported_command,,False,False,False,False,,"{""unsupported_command"": true, ""family"": ""ss""}"
LIN-01,routed,p0,4,3,shell_readonly,"{""command"": ""netstat -ltnp 2>/dev/null | grep ':80 '""}","{""command"": ""netstat -ltnp 2>/dev/null | grep ':80 '""}",True,unsupported_command,,False,False,False,False,,"{""unsupported_command"": true, ""family"": ""netstat""}"
LIN-01,routed,p0,5,4,shell_readonly,"{""command"": ""cat /proc/net/tcp /proc/net/tcp6 2>/dev/null | awk 'NR>1 && $2 ~ /:0050$/ {print $2, $4, $10}'""}","{""command"": ""cat /proc/net/tcp /proc/net/tcp6 2>/dev/null | awk 'NR>1 && $2 ~ /:0050$/ {print $2, $4, $10}'""}",True,unsupported_command,,False,False,False,False,,"{""unsupported_command"": true, ""family"": ""cat""}"
LIN-02,routed,p0,1,1,shell_readonly,"{""command"": ""df -h /var""}","{""command"": ""df -h /var""}",True,unsupported_command,,False,False,False,False,,"{""unsupported_command"": true, ""family"": ""df""}"
LIN-02,routed,p0,2,1,shell_readonly,"{""command"": ""du -xh --max-depth=1 /var 2>/dev/null | sort -rh | head -20""}","{""command"": ""du -xh --max-depth=1 /var 2>/dev/null | sort -rh | head -20""}",True,unsupported_command,,False,False,False,False,,"{""unsupported_command"": true, ""family"": ""du""}"
LIN-02,routed,p0,3,2,shell_readonly,"{""command"": ""ls -la /var""}","{""command"": ""ls -la /var""}",True,unsupported_command,,False,False,False,False,,"{""unsupported_command"": true, ""family"": ""ls""}"
LIN-02,routed,p0,4,3,shell_readonly,"{""command"": ""echo test""}","{""command"": ""echo test""}",True,unsupported_command,,False,False,False,False,,"{""unsupported_command"": true, ""family"": ""echo""}"
LIN-03,routed,p0,1,1,shell_readonly,"{""command"": ""echo \""=== crontab (root) ===\""; crontab -l 2>&1; echo; echo \""=== /etc/crontab ===\""; cat /etc/crontab 2>&1; echo; echo \""=== /etc/cron.d ===\""; ls -la /etc/cron.d/ 2>&1; for f in /etc/cron.d/*; do echo \""--- $f ---\""; cat \""$f\"" 2>&1; done; echo; echo \""=== cron.daily/hourly ===\""; ls -la /etc/cron.daily/ /etc/cron.hourly/ 2>&1""}","{""command"": ""echo \""=== crontab (root) ===\""; crontab -l 2>&1; echo; echo \""=== /etc/crontab ===\""; cat /etc/crontab 2>&1; echo; echo \""=== /etc/cron.d ===\""; ls -la /etc/cron.d/ 2>&1; for f in /etc/cron.d/*; do echo \""--- $f ---\""; cat \""$f\"" 2>&1; done; echo; echo \""=== cron.daily/hourly ===\""; ls -la /etc/cron.daily/ /etc/cron.hourly/ 2>&1""}",True,unsupported_command,,False,False,False,False,,"{""unsupported_command"": true, ""family"": ""echo""}"
LIN-03,routed,p0,2,1,shell_readonly,"{""command"": ""echo \""=== whoami ===\""; whoami; echo; echo \""=== user crontabs ===\""; for u in $(cut -d: -f1 /etc/passwd); do t=$(crontab -u \""$u\"" -l 2>/dev/null); if [ -n \""$t\"" ]; then echo \""--- user: $u ---\""; echo \""$t\""; fi; done; echo; echo \""=== spool ===\""; ls -la /var/spool/cron/ /var/spool/cron/crontabs/ 2>&1""}","{""command"": ""echo \""=== whoami ===\""; whoami; echo; echo \""=== user crontabs ===\""; for u in $(cut -d: -f1 /etc/passwd); do t=$(crontab -u \""$u\"" -l 2>/dev/null); if [ -n \""$t\"" ]; then echo \""--- user: $u ---\""; echo \""$t\""; fi; done; echo; echo \""=== spool ===\""; ls -la /var/spool/cron/ /var/spool/cron/crontabs/ 2>&1""}",True,unsupported_command,,False,False,False,False,,"{""unsupported_command"": true, ""family"": ""echo""}"
LIN-03,routed,p0,3,1,systemctl_status,"{""service"": ""cron""}","{""service"": ""cron""}",True,empty,,False,False,False,False,,"{""empty"": true}"
LIN-03,routed,p0,4,1,systemctl_status,"{""service"": ""crond""}","{""service"": ""crond""}",True,empty,,False,False,False,False,,"{""empty"": true}"
LIN-03,routed,p0,5,2,shell_readonly,"{""command"": ""crontab -l""}","{""command"": ""crontab -l""}",True,revealed,E1,True,False,True,True,,"{""revealed"": [{""id"": ""E1"", ""tool"": ""shell_readonly"", ""key"": ""crontab -l"", ""text"": ""0 2 * * * /opt/backup.sh""}]}"
LIN-03,routed,p0,6,2,shell_readonly,"{""command"": ""cat /etc/crontab""}","{""command"": ""cat /etc/crontab""}",True,unsupported_command,,True,False,False,False,,"{""unsupported_command"": true, ""family"": ""cat""}"
LIN-03,routed,p0,7,2,shell_readonly,"{""command"": ""ls -la /etc/cron.d/""}","{""command"": ""ls -la /etc/cron.d/""}",True,unsupported_command,,True,False,False,False,,"{""unsupported_command"": true, ""family"": ""ls""}"
LIN-03,routed,p0,8,2,shell_readonly,"{""command"": ""ls -la /var/spool/cron/crontabs/""}","{""command"": ""ls -la /var/spool/cron/crontabs/""}",True,unsupported_command,,True,False,False,False,,"{""unsupported_command"": true, ""family"": ""ls""}"
LIN-03,routed,p0,9,3,shell_readonly,"{""command"": ""crontab -l -u root""}","{""command"": ""crontab -l -u root""}",True,unsupported_command,,False,False,False,False,,"{""unsupported_command"": true, ""family"": ""crontab""}"
LIN-03,routed,p0,10,3,shell_readonly,"{""command"": ""stat /opt/backup.sh""}","{""command"": ""stat /opt/backup.sh""}",True,unsupported_command,,False,False,False,False,,"{""unsupported_command"": true, ""family"": ""stat""}"
LIN-03,routed,p0,11,3,shell_readonly,"{""command"": ""file /opt/backup.sh""}","{""command"": ""file /opt/backup.sh""}",True,unsupported_command,,False,False,False,False,,"{""unsupported_command"": true, ""family"": ""file""}"
LIN-03,routed,p0,12,3,systemctl_status,"{""service"": ""cron""}","{""service"": ""cron""}",True,duplicate,,False,True,False,False,,"{""duplicate"": true}"
LIN-03,routed,p0,13,4,journalctl_read,"{""service"": ""cron""}","{""service"": ""cron""}",True,revealed,E3,True,True,True,True,,"{""revealed"": [{""id"": ""E3"", ""tool"": ""journalctl_read"", ""key"": ""cron"", ""text"": ""backup.sh: /data: No such file or directory""}]}"
LIN-03,routed,p0,14,4,journalctl_read,"{""service"": ""crond""}","{""service"": ""crond""}",True,empty,,True,True,False,False,,"{""empty"": true}"
LIN-03,routed,p0,15,4,journalctl_read,"{""service"": ""backup""}","{""service"": ""backup""}",True,empty,,True,True,False,False,,"{""empty"": true}"
LIN-03,routed,p0,16,5,shell_readonly,"{""command"": ""crontab -l""}","{""command"": ""crontab -l""}",True,duplicate,,False,True,False,False,,"{""duplicate"": true}"
LIN-03,routed,p0,17,5,journalctl_read,"{""service"": ""cron""}","{""service"": ""cron""}",True,duplicate,,False,True,False,False,,"{""duplicate"": true}"
LIN-04,routed,p0,1,1,shell_readonly,"{""command"": ""ps aux | grep -i app | grep -v grep""}","{""command"": ""ps aux | grep -i app | grep -v grep""}",True,unsupported_command,,False,False,False,False,,"{""unsupported_command"": true, ""family"": ""ps""}"
LIN-04,routed,p0,2,1,shell_readonly,"{""command"": ""systemctl list-units --type=service --state=running --no-pager | head -30""}","{""command"": ""systemctl list-units --type=service --state=running --no-pager | head -30""}",True,unsupported_command,,False,False,False,False,,"{""unsupported_command"": true, ""family"": ""systemctl""}"
LIN-04,routed,p0,3,2,shell_readonly,"{""command"": ""ls /proc/ | grep -E '^[0-9]+$' | while read pid; do echo \""$pid: $(cat /proc/$pid/comm 2>/dev/null)\""; done""}","{""command"": ""ls /proc/ | grep -E '^[0-9]+$' | while read pid; do echo \""$pid: $(cat /proc/$pid/comm 2>/dev/null)\""; done""}",True,unsupported_command,,False,False,False,False,,"{""unsupported_command"": true, ""family"": ""ls""}"
LIN-04,routed,p0,4,2,shell_readonly,"{""command"": ""ls /etc/systemd/system/ 2>/dev/null; ls /usr/lib/systemd/system/ 2>/dev/null | grep -i app""}","{""command"": ""ls /etc/systemd/system/ 2>/dev/null; ls /usr/lib/systemd/system/ 2>/dev/null | grep -i app""}",True,unsupported_command,,False,False,False,False,,"{""unsupported_command"": true, ""family"": ""ls""}"
LIN-04,routed,p0,5,3,shell_readonly,"{""command"": ""cat /proc/1/comm""}","{""command"": ""cat /proc/1/comm""}",True,unsupported_command,,False,False,False,False,,"{""unsupported_command"": true, ""family"": ""cat""}"
LIN-04,routed,p0,6,3,systemctl_status,"{""service"": ""app""}","{""service"": ""app""}",True,revealed,E1,True,False,True,True,,"{""revealed"": [{""id"": ""E1"", ""tool"": ""systemctl_status"", ""key"": ""app"", ""text"": ""app.service: activating (auto-restart)""}]}"
LIN-04,routed,p0,7,4,journalctl_read,"{""service"": ""app""}","{""service"": ""app""}",True,revealed,E2,True,False,True,True,,"{""revealed"": [{""id"": ""E2"", ""tool"": ""journalctl_read"", ""key"": ""app"", ""text"": ""app: out of memory: Killed process""}]}"
LIN-04,routed,p0,8,5,shell_readonly,"{""command"": ""free -h""}","{""command"": ""free -h""}",True,unsupported_command,,False,False,False,False,,"{""unsupported_command"": true, ""family"": ""free""}"
LIN-04,routed,p0,9,5,shell_readonly,"{""command"": ""cat /proc/meminfo""}","{""command"": ""cat /proc/meminfo""}",True,unsupported_command,,False,False,False,False,,"{""unsupported_command"": true, ""family"": ""cat""}"
LIN-04,routed,p0,10,6,shell_readonly,"{""command"": ""dmesg | grep -i \""oom\\|killed\"" | tail -20""}","{""command"": ""dmesg | grep -i \""oom\\|killed\"" | tail -20""}",True,unsupported_command,,False,False,False,False,,"{""unsupported_command"": true, ""family"": ""dmesg""}"
LIN-04,routed,p0,11,7,shell_readonly,"{""command"": ""grep -i \""oom\\|killed\\|memory\"" /var/log/syslog 2>/dev/null | tail -20""}","{""command"": ""grep -i \""oom\\|killed\\|memory\"" /var/log/syslog 2>/dev/null | tail -20""}",True,unsupported_command,,False,False,False,False,,"{""unsupported_command"": true, ""family"": ""grep""}"
LIN-05,routed,p0,1,1,shell_readonly,"{""command"": ""systemctl list-units --type=service --state=failed --no-pager 2>/dev/null; echo \""---ALL---\""; systemctl list-units --type=service --no-pager 2>/dev/null | grep -i worker""}","{""command"": ""systemctl list-units --type=service --state=failed --no-pager 2>/dev/null; echo \""---ALL---\""; systemctl list-units --type=service --no-pager 2>/dev/null | grep -i worker""}",True,unsupported_command,,False,False,False,False,,"{""unsupported_command"": true, ""family"": ""systemctl""}"
LIN-05,routed,p0,2,2,shell_readonly,"{""command"": ""ls /etc/systemd/system/ 2>/dev/null; echo \""---\""; ls /usr/lib/systemd/system/ 2>/dev/null | grep -i worker; echo \""---\""; ls /lib/systemd/system/ 2>/dev/null | grep -i worker""}","{""command"": ""ls /etc/systemd/system/ 2>/dev/null; echo \""---\""; ls /usr/lib/systemd/system/ 2>/dev/null | grep -i worker; echo \""---\""; ls /lib/systemd/system/ 2>/dev/null | grep -i worker""}",True,unsupported_command,,False,False,False,False,,"{""unsupported_command"": true, ""family"": ""ls""}"
LIN-05,routed,p0,3,3,systemctl_status,"{""service"": ""worker""}","{""service"": ""worker""}",True,revealed,E1,True,False,True,True,,"{""revealed"": [{""id"": ""E1"", ""tool"": ""systemctl_status"", ""key"": ""worker"", ""text"": ""worker.service failed; Result: exit-code""}]}"
LIN-05,routed,p0,4,4,journalctl_read,"{""service"": ""worker""}","{""service"": ""worker""}",True,revealed,E2,True,False,True,True,,"{""revealed"": [{""id"": ""E2"", ""tool"": ""journalctl_read"", ""key"": ""worker"", ""text"": ""worker: ImportError: No module named 'requests'""}]}"
NET-01,routed,p0,1,1,dns_lookup,"{""hostname"": ""api.internal.example.com""}","{""hostname"": ""api.internal.example.com""}",True,revealed,E1,True,False,True,True,,"{""revealed"": [{""id"": ""E1"", ""tool"": ""dns_lookup"", ""key"": ""api.internal.example.com"", ""text"": ""NXDOMAIN""}]}"
NET-01,routed,p0,2,2,dns_lookup,"{""hostname"": ""internal.example.com""}","{""hostname"": ""internal.example.com""}",True,not_found,,False,False,False,False,,"{""not_found"": true}"
NET-01,routed,p0,3,2,dns_lookup,"{""hostname"": ""example.com""}","{""hostname"": ""example.com""}",True,not_found,,False,False,False,False,,"{""not_found"": true}"
NET-01,routed,p0,4,3,dns_lookup,"{""hostname"": ""api.example.com""}","{""hostname"": ""api.example.com""}",True,not_found,,False,False,False,False,,"{""not_found"": true}"
NET-01,routed,p0,5,4,dns_lookup,"{""hostname"": ""localhost""}","{""hostname"": ""localhost""}",True,not_found,,False,False,False,False,,"{""not_found"": true}"
NET-02,routed,p0,1,1,http_get,"{""url"": ""https://www.google.com""}","{""url"": ""https://www.google.com""}",True,not_found,,False,False,False,False,,"{""not_found"": true}"
NET-02,routed,p0,2,1,dns_lookup,"{""hostname"": ""www.google.com""}","{""hostname"": ""www.google.com""}",True,not_found,,False,False,False,False,,"{""not_found"": true}"
NET-02,routed,p0,3,2,dns_lookup,"{""hostname"": ""example.com""}","{""hostname"": ""example.com""}",True,not_found,,False,False,False,False,,"{""not_found"": true}"
NET-02,routed,p0,4,2,http_get,"{""url"": ""https://example.com""}","{""url"": ""https://example.com""}",True,not_found,,False,False,False,False,,"{""not_found"": true}"
NET-03,routed,p0,1,1,http_get,"{""url"": ""https://example.com""}","{""url"": ""https://example.com""}",True,not_found,,False,False,False,False,,"{""not_found"": true}"
NET-03,routed,p0,2,2,dns_lookup,"{""hostname"": ""example.com""}","{""hostname"": ""example.com""}",True,not_found,,False,False,False,False,,"{""not_found"": true}"
NET-03,routed,p0,3,3,http_get,"{""url"": ""https://www.google.com""}","{""url"": ""https://www.google.com""}",True,not_found,,False,False,False,False,,"{""not_found"": true}"
NET-04,routed,p0,1,1,dns_lookup,"{""hostname"": ""db.internal""}","{""hostname"": ""db.internal""}",True,revealed,E1,True,False,True,True,,"{""revealed"": [{""id"": ""E1"", ""tool"": ""dns_lookup"", ""key"": ""db.internal"", ""text"": ""10.9.9.9 (expected 10.0.0.10)""}]}"
NET-04,routed,p0,2,2,http_get,"{""url"": ""http://10.0.0.10:8080/health""}","{""url"": ""http://10.0.0.10:8080/health""}",True,not_found,,False,False,False,False,,"{""not_found"": true}"
NET-04,routed,p0,3,2,http_get,"{""url"": ""http://10.9.9.9:8080/health""}","{""url"": ""http://10.9.9.9:8080/health""}",True,not_found,,False,False,False,False,,"{""not_found"": true}"
NET-04,routed,p0,4,3,http_get,"{""url"": ""http://10.0.0.10:5432/""}","{""url"": ""http://10.0.0.10:5432/""}",True,not_found,,False,False,False,False,,"{""not_found"": true}"
NET-04,routed,p0,5,3,http_get,"{""url"": ""http://10.9.9.9:5432/""}","{""url"": ""http://10.9.9.9:5432/""}",True,not_found,,False,False,False,False,,"{""not_found"": true}"
NET-04,routed,p0,6,3,http_get,"{""url"": ""http://10.0.0.10/""}","{""url"": ""http://10.0.0.10/""}",True,not_found,,False,False,False,False,,"{""not_found"": true}"
NET-04,routed,p0,7,3,http_get,"{""url"": ""http://10.9.9.9/""}","{""url"": ""http://10.9.9.9/""}",True,not_found,,False,False,False,False,,"{""not_found"": true}"
NET-04,routed,p0,8,4,dns_lookup,"{""hostname"": ""db.internal.""}","{""hostname"": ""db.internal.""}",True,revealed,E1,True,False,True,True,,"{""revealed"": [{""id"": ""E1"", ""tool"": ""dns_lookup"", ""key"": ""db.internal"", ""text"": ""10.9.9.9 (expected 10.0.0.10)""}]}"
NET-04,routed,p0,9,4,http_get,"{""url"": ""http://10.0.0.10:53/""}","{""url"": ""http://10.0.0.10:53/""}",True,not_found,,True,False,False,False,,"{""not_found"": true}"
NET-04,routed,p0,10,4,http_get,"{""url"": ""http://10.9.9.9:53/""}","{""url"": ""http://10.9.9.9:53/""}",True,not_found,,True,False,False,False,,"{""not_found"": true}"
NET-04,routed,p0,11,5,http_get,"{""url"": ""http://10.0.0.10:8053/records/db.internal""}","{""url"": ""http://10.0.0.10:8053/records/db.internal""}",True,not_found,,False,False,False,False,,"{""not_found"": true}"
NET-04,routed,p0,12,5,http_get,"{""url"": ""http://10.9.9.9:8053/records/db.internal""}","{""url"": ""http://10.9.9.9:8053/records/db.internal""}",True,not_found,,False,False,False,False,,"{""not_found"": true}"
NET-04,routed,p0,13,5,http_get,"{""url"": ""http://10.0.0.10:8083/records/db.internal""}","{""url"": ""http://10.0.0.10:8083/records/db.internal""}",True,not_found,,False,False,False,False,,"{""not_found"": true}"
NET-04,routed,p0,14,6,http_get,"{""url"": ""http://10.0.0.10:8080/db""}","{""url"": ""http://10.0.0.10:8080/db""}",True,not_found,,False,False,False,False,,"{""not_found"": true}"
NET-04,routed,p0,15,6,http_get,"{""url"": ""http://10.9.9.9:8080/db""}","{""url"": ""http://10.9.9.9:8080/db""}",True,not_found,,False,False,False,False,,"{""not_found"": true}"
NET-04,routed,p0,16,6,http_get,"{""url"": ""http://10.0.0.10:8080/api/health""}","{""url"": ""http://10.0.0.10:8080/api/health""}",True,not_found,,False,False,False,False,,"{""not_found"": true}"
NET-04,routed,p0,17,6,http_get,"{""url"": ""http://10.9.9.9:8080/api/health""}","{""url"": ""http://10.9.9.9:8080/api/health""}",True,not_found,,False,False,False,False,,"{""not_found"": true}"
NET-04,routed,p0,18,7,http_get,"{""url"": ""http://10.0.0.10:3306/""}","{""url"": ""http://10.0.0.10:3306/""}",True,not_found,,False,False,False,False,,"{""not_found"": true}"
NET-04,routed,p0,19,7,http_get,"{""url"": ""http://10.9.9.9:3306/""}","{""url"": ""http://10.9.9.9:3306/""}",True,not_found,,False,False,False,False,,"{""not_found"": true}"
NET-04,routed,p0,20,7,http_get,"{""url"": ""http://10.0.0.10:27017/""}","{""url"": ""http://10.0.0.10:27017/""}",True,not_found,,False,False,False,False,,"{""not_found"": true}"
NET-04,routed,p0,21,7,http_get,"{""url"": ""http://10.9.9.9:27017/""}","{""url"": ""http://10.9.9.9:27017/""}",True,not_found,,False,False,False,False,,"{""not_found"": true}"
NET-05,routed,p0,1,1,dns_lookup,"{""hostname"": ""example.com""}","{""hostname"": ""example.com""}",True,not_found,,False,False,False,False,,"{""not_found"": true}"
K8S-01,routed,p0,1,1,kubectl_get,"{""resource"": ""pods"", ""namespace"": ""prod""}","{""namespace"": ""prod"", ""resource"": ""pods""}",True,revealed,E1,True,False,True,True,,"{""revealed"": [{""id"": ""E1"", ""tool"": ""kubectl_get"", ""key"": ""pods"", ""text"": ""web 0/1 CrashLoopBackOff""}]}"
K8S-01,routed,p0,2,2,kubectl_describe,"{""pod"": ""web"", ""namespace"": ""prod""}","{""namespace"": ""prod"", ""pod"": ""web""}",True,revealed,E2,True,False,True,True,,"{""revealed"": [{""id"": ""E2"", ""tool"": ""kubectl_describe"", ""key"": ""web"", ""text"": ""Exit Code 1; Liveness HTTP 500""}]}"
K8S-01,routed,p0,3,2,kubectl_logs,"{""pod"": ""web"", ""namespace"": ""prod""}","{""namespace"": ""prod"", ""pod"": ""web""}",True,revealed,E3,True,False,True,True,,"{""revealed"": [{""id"": ""E3"", ""tool"": ""kubectl_logs"", ""key"": ""web"", ""text"": ""panic: dial tcp 10.0.0.10:5432: connection refused""}]}"
K8S-02,routed,p0,1,1,kubectl_get,"{""resource"": ""pods""}","{""resource"": ""pods""}",True,revealed,E1,True,False,True,True,,"{""revealed"": [{""id"": ""E1"", ""tool"": ""kubectl_get"", ""key"": ""pods"", ""text"": ""api 0/1 Pending""}]}"
K8S-02,routed,p0,2,2,kubectl_describe,"{""pod"": ""api""}","{""pod"": ""api""}",True,revealed,E2,True,False,True,True,,"{""revealed"": [{""id"": ""E2"", ""tool"": ""kubectl_describe"", ""key"": ""api"", ""text"": ""0/2 nodes available: insufficient cpu""}]}"
K8S-03,routed,p0,1,1,kubectl_get,"{""resource"": ""deployments""}","{""resource"": ""deployments""}",True,empty,,False,False,False,False,,"{""empty"": true}"
K8S-03,routed,p0,2,2,kubectl_get,"{""resource"": ""pods""}","{""resource"": ""pods""}",True,empty,,False,False,False,False,,"{""empty"": true}"
K8S-03,routed,p0,3,3,kubectl_get,"{""resource"": ""deployments"", ""namespace"": ""default""}","{""namespace"": ""default"", ""resource"": ""deployments""}",True,empty,,False,False,False,False,,"{""empty"": true}"
K8S-03,routed,p0,4,3,kubectl_get,"{""resource"": ""pods"", ""namespace"": ""default""}","{""namespace"": ""default"", ""resource"": ""pods""}",True,empty,,False,False,False,False,,"{""empty"": true}"
K8S-04,routed,p0,1,1,kubectl_get,"{""resource"": ""pods""}","{""resource"": ""pods""}",True,empty,,False,False,False,False,,"{""empty"": true}"
K8S-04,routed,p0,2,2,kubectl_get,"{""resource"": ""pods"", ""namespace"": ""default""}","{""namespace"": ""default"", ""resource"": ""pods""}",True,empty,,False,False,False,False,,"{""empty"": true}"
K8S-04,routed,p0,3,2,kubectl_get,"{""resource"": ""pods"", ""namespace"": ""kube-system""}","{""namespace"": ""kube-system"", ""resource"": ""pods""}",True,empty,,False,False,False,False,,"{""empty"": true}"
K8S-04,routed,p0,4,3,shell_readonly,"{""command"": ""kubectl get pods -A 2>&1 | head -50""}","{""command"": ""kubectl get pods -A 2>&1 | head -50""}",True,unsupported_command,,False,False,False,False,,"{""unsupported_command"": true, ""family"": ""kubectl""}"
K8S-05,routed,p0,1,1,systemctl_status,"{""service"": ""backend""}","{""service"": ""backend""}",True,empty,,False,False,False,False,,"{""empty"": true}"
K8S-05,routed,p0,2,1,journalctl_read,"{""service"": ""backend""}","{""service"": ""backend""}",True,empty,,False,False,False,False,,"{""empty"": true}"
K8S-05,routed,p0,3,2,shell_readonly,"{""command"": ""systemctl list-units --type=service --all | grep -i back; echo ---; systemctl list-unit-files | grep -i back""}","{""command"": ""systemctl list-units --type=service --all | grep -i back; echo ---; systemctl list-unit-files | grep -i back""}",True,unsupported_command,,False,False,False,False,,"{""unsupported_command"": true, ""family"": ""systemctl""}"
K8S-05,routed,p0,4,3,shell_readonly,"{""command"": ""ls /etc/systemd/system/ /usr/lib/systemd/system/ 2>/dev/null | grep -i back""}","{""command"": ""ls /etc/systemd/system/ /usr/lib/systemd/system/ 2>/dev/null | grep -i back""}",True,unsupported_command,,False,False,False,False,,"{""unsupported_command"": true, ""family"": ""ls""}"
K8S-06,routed,p0,1,1,kubectl_get,"{""resource"": ""pods""}","{""resource"": ""pods""}",True,empty,,False,False,False,False,,"{""empty"": true}"
K8S-06,routed,p0,2,2,kubectl_get,"{""resource"": ""pods"", ""namespace"": ""default""}","{""namespace"": ""default"", ""resource"": ""pods""}",True,empty,,False,False,False,False,,"{""empty"": true}"
K8S-06,routed,p0,3,3,kubectl_get,"{""resource"": ""pods --all-namespaces""}","{""resource"": ""pods --all-namespaces""}",True,empty,,False,False,False,False,,"{""empty"": true}"
K8S-07,routed,p0,1,1,kubectl_get,"{""resource"": ""pods""}","{""resource"": ""pods""}",True,empty,,False,False,False,False,,"{""empty"": true}"
K8S-07,routed,p0,2,2,kubectl_get,"{""resource"": ""pods"", ""namespace"": ""default""}","{""namespace"": ""default"", ""resource"": ""pods""}",True,empty,,False,False,False,False,,"{""empty"": true}"
K8S-07,routed,p0,3,3,kubectl_get,"{""resource"": ""pods"", ""namespace"": ""kube-system""}","{""namespace"": ""kube-system"", ""resource"": ""pods""}",True,empty,,False,False,False,False,,"{""empty"": true}"
K8S-08,routed,p0,1,1,kubectl_get,"{""resource"": ""pods""}","{""resource"": ""pods""}",True,empty,,False,False,False,False,,"{""empty"": true}"
K8S-08,routed,p0,2,2,kubectl_get,"{""resource"": ""pods"", ""namespace"": ""default""}","{""namespace"": ""default"", ""resource"": ""pods""}",True,empty,,False,False,False,False,,"{""empty"": true}"
K8S-08,routed,p0,3,3,kubectl_get,"{""resource"": ""pods --all-namespaces""}","{""resource"": ""pods --all-namespaces""}",True,empty,,False,False,False,False,,"{""empty"": true}"
CON-01,routed,p0,1,1,kubectl_get,"{""resource"": ""pods""}","{""resource"": ""pods""}",True,empty,,False,False,False,False,,"{""empty"": true}"
CON-01,routed,p0,2,2,kubectl_get,"{""resource"": ""pods"", ""namespace"": ""default""}","{""namespace"": ""default"", ""resource"": ""pods""}",True,empty,,False,False,False,False,,"{""empty"": true}"
CON-01,routed,p0,3,2,kubectl_get,"{""resource"": ""pods"", ""namespace"": ""kube-system""}","{""namespace"": ""kube-system"", ""resource"": ""pods""}",True,empty,,False,False,False,False,,"{""empty"": true}"
CON-01,routed,p0,4,3,kubectl_get,"{""resource"": ""pods --all-namespaces""}","{""resource"": ""pods --all-namespaces""}",True,empty,,False,False,False,False,,"{""empty"": true}"
CON-02,routed,p0,1,1,systemctl_status,"{""service"": ""docker""}","{""service"": ""docker""}",True,revealed,E1,True,False,True,True,,"{""revealed"": [{""id"": ""E1"", ""tool"": ""systemctl_status"", ""key"": ""docker"", ""text"": ""docker.service inactive (dead)""}]}"
CON-02,routed,p0,2,1,shell_readonly,"{""command"": ""ps aux | grep -i [d]ocker; echo ---; ls -l /var/run/docker.sock 2>&1; echo ---; whoami""}","{""command"": ""ps aux | grep -i [d]ocker; echo ---; ls -l /var/run/docker.sock 2>&1; echo ---; whoami""}",True,unsupported_command,,True,False,False,False,,"{""unsupported_command"": true, ""family"": ""ps""}"
CON-02,routed,p0,3,2,journalctl_read,"{""service"": ""docker""}","{""service"": ""docker""}",True,empty,,False,False,False,False,,"{""empty"": true}"
CON-02,routed,p0,4,2,shell_readonly,"{""command"": ""ls -l /var/run/docker.sock 2>&1; echo ---; id; echo ---; ls -ld /var/run/docker 2>&1""}","{""command"": ""ls -l /var/run/docker.sock 2>&1; echo ---; id; echo ---; ls -ld /var/run/docker 2>&1""}",True,unsupported_command,,False,False,False,False,,"{""unsupported_command"": true, ""family"": ""ls""}"
CON-02,routed,p0,5,3,read_file,"{""path"": ""/var/log/docker.log""}","{""path"": ""/var/log/docker.log""}",True,not_found,,False,False,False,False,,"{""not_found"": true}"
CON-02,routed,p0,6,3,read_file,"{""path"": ""/etc/systemd/system/docker.service""}","{""path"": ""/etc/systemd/system/docker.service""}",True,not_found,,False,False,False,False,,"{""not_found"": true}"
CON-02,routed,p0,7,4,read_file,"{""path"": ""/lib/systemd/system/docker.service""}","{""path"": ""/lib/systemd/system/docker.service""}",True,not_found,,False,False,False,False,,"{""not_found"": true}"
CON-02,routed,p0,8,4,read_file,"{""path"": ""/etc/docker/daemon.json""}","{""path"": ""/etc/docker/daemon.json""}",True,not_found,,False,False,False,False,,"{""not_found"": true}"
CON-03,routed,p0,1,1,kubectl_get,"{""resource"": ""pods"", ""namespace"": ""default""}","{""namespace"": ""default"", ""resource"": ""pods""}",True,empty,,False,False,False,False,,"{""empty"": true}"
CON-03,routed,p0,2,2,kubectl_get,"{""resource"": ""pods""}","{""resource"": ""pods""}",True,empty,,False,False,False,False,,"{""empty"": true}"
CON-03,routed,p0,3,3,kubectl_get,"{""resource"": ""namespaces""}","{""resource"": ""namespaces""}",True,empty,,False,False,False,False,,"{""empty"": true}"
CON-04,routed,p0,1,1,kubectl_get,"{""resource"": ""pods"", ""namespace"": ""default""}","{""namespace"": ""default"", ""resource"": ""pods""}",True,empty,,False,False,False,False,,"{""empty"": true}"
CON-04,routed,p0,2,2,kubectl_get,"{""resource"": ""pods""}","{""resource"": ""pods""}",True,empty,,False,False,False,False,,"{""empty"": true}"
CON-04,routed,p0,3,3,kubectl_get,"{""resource"": ""deployments""}","{""resource"": ""deployments""}",True,empty,,False,False,False,False,,"{""empty"": true}"
CON-04,routed,p0,4,3,kubectl_get,"{""resource"": ""namespaces""}","{""resource"": ""namespaces""}",True,empty,,False,False,False,False,,"{""empty"": true}"
STO-01,routed,p0,1,1,kubectl_get,"{""resource"": ""pvc""}","{""resource"": ""pvc""}",True,empty,,False,False,False,False,,"{""empty"": true}"
STO-01,routed,p0,2,1,kubectl_get,"{""resource"": ""pods""}","{""resource"": ""pods""}",True,empty,,False,False,False,False,,"{""empty"": true}"
STO-01,routed,p0,3,2,kubectl_get,"{""resource"": ""pvc"", ""namespace"": ""default""}","{""namespace"": ""default"", ""resource"": ""pvc""}",True,empty,,False,False,False,False,,"{""empty"": true}"
STO-01,routed,p0,4,2,kubectl_get,"{""resource"": ""pods"", ""namespace"": ""default""}","{""namespace"": ""default"", ""resource"": ""pods""}",True,empty,,False,False,False,False,,"{""empty"": true}"
STO-01,routed,p0,5,3,kubectl_get,"{""resource"": ""persistentvolumeclaims""}","{""resource"": ""persistentvolumeclaims""}",True,empty,,False,False,False,False,,"{""empty"": true}"
STO-01,routed,p0,6,3,kubectl_get,"{""resource"": ""persistentvolumeclaims"", ""namespace"": ""default""}","{""namespace"": ""default"", ""resource"": ""persistentvolumeclaims""}",True,empty,,False,False,False,False,,"{""empty"": true}"
STO-02,routed,p0,1,1,shell_readonly,"{""command"": ""ceph -s 2>&1 | head -40""}","{""command"": ""ceph -s 2>&1 | head -40""}",True,unsupported_command,,False,False,False,False,,"{""unsupported_command"": true, ""family"": ""ceph""}"
STO-02,routed,p0,2,1,shell_readonly,"{""command"": ""ceph osd tree 2>&1 | head -40""}","{""command"": ""ceph osd tree 2>&1 | head -40""}",True,unsupported_command,,False,False,False,False,,"{""unsupported_command"": true, ""family"": ""ceph""}"
STO-02,routed,p0,3,2,systemctl_status,"{""service"": ""ceph-osd@1""}","{""service"": ""ceph-osd@1""}",True,empty,,False,False,False,False,,"{""empty"": true}"
STO-02,routed,p0,4,2,systemctl_status,"{""service"": ""ceph-mon""}","{""service"": ""ceph-mon""}",True,empty,,False,False,False,False,,"{""empty"": true}"
STO-02,routed,p0,5,3,shell_readonly,"{""command"": ""systemctl list-units --type=service --all 2>/dev/null | grep -i ceph""}","{""command"": ""systemctl list-units --type=service --all 2>/dev/null | grep -i ceph""}",True,unsupported_command,,False,False,False,False,,"{""unsupported_command"": true, ""family"": ""systemctl""}"
STO-02,routed,p0,6,3,shell_readonly,"{""command"": ""ls /var/log/ceph/ 2>/dev/null; ls /etc/ceph/ 2>/dev/null""}","{""command"": ""ls /var/log/ceph/ 2>/dev/null; ls /etc/ceph/ 2>/dev/null""}",True,unsupported_command,,False,False,False,False,,"{""unsupported_command"": true, ""family"": ""ls""}"
STO-03,routed,p0,1,1,shell_readonly,"{""command"": ""ceph -s 2>&1 | head -40""}","{""command"": ""ceph -s 2>&1 | head -40""}",True,unsupported_command,,False,False,False,False,,"{""unsupported_command"": true, ""family"": ""ceph""}"
STO-03,routed,p0,2,1,shell_readonly,"{""command"": ""ceph pg stat 2>&1; echo ---; ceph pg dump 2>/dev/null | awk '$2==\""undersized\"" || $2==\""degraded\"" || $2==\""stale\"" || $2==\""stuck\"" {print}' | head -20""}","{""command"": ""ceph pg stat 2>&1; echo ---; ceph pg dump 2>/dev/null | awk '$2==\""undersized\"" || $2==\""degraded\"" || $2==\""stale\"" || $2==\""stuck\"" {print}' | head -20""}",True,unsupported_command,,False,False,False,False,,"{""unsupported_command"": true, ""family"": ""ceph""}"
STO-03,routed,p0,3,2,shell_readonly,"{""command"": ""which ceph cephadm 2>&1; ls /etc/ceph 2>&1; systemctl list-units --type=service 2>/dev/null | grep -i ceph""}","{""command"": ""which ceph cephadm 2>&1; ls /etc/ceph 2>&1; systemctl list-units --type=service 2>/dev/null | grep -i ceph""}",True,unsupported_command,,False,False,False,False,,"{""unsupported_command"": true, ""family"": ""which""}"
STO-03,routed,p0,4,3,systemctl_status,"{""service"": ""ceph-osd@0""}","{""service"": ""ceph-osd@0""}",True,empty,,False,False,False,False,,"{""empty"": true}"
STO-03,routed,p0,5,3,systemctl_status,"{""service"": ""ceph-mon""}","{""service"": ""ceph-mon""}",True,empty,,False,False,False,False,,"{""empty"": true}"
STO-04,routed,p0,1,1,systemctl_status,"{""service"": ""drbd@r0""}","{""service"": ""drbd@r0""}",True,empty,,False,False,False,False,,"{""empty"": true}"
STO-04,routed,p0,2,1,shell_readonly,"{""command"": ""cat /proc/drbd 2>/dev/null; echo ---; drbdadm status 2>/dev/null; echo ---; hostname""}","{""command"": ""cat /proc/drbd 2>/dev/null; echo ---; drbdadm status 2>/dev/null; echo ---; hostname""}",True,unsupported_command,,False,False,False,False,,"{""unsupported_command"": true, ""family"": ""cat""}"
STO-04,routed,p0,3,2,shell_readonly,"{""command"": ""drbdadm status""}","{""command"": ""drbdadm status""}",True,unsupported_command,,False,False,False,False,,"{""unsupported_command"": true, ""family"": ""drbdadm""}"
STO-04,routed,p0,4,2,shell_readonly,"{""command"": ""drbdadm cstate r0; drbdadm dstate r0; drbdadm role r0""}","{""command"": ""drbdadm cstate r0; drbdadm dstate r0; drbdadm role r0""}",True,unsupported_command,,False,False,False,False,,"{""unsupported_command"": true, ""family"": ""drbdadm""}"
STO-04,routed,p0,5,3,shell_readonly,"{""command"": ""ls /proc/drbd""}","{""command"": ""ls /proc/drbd""}",True,unsupported_command,,False,False,False,False,,"{""unsupported_command"": true, ""family"": ""ls""}"
STO-04,routed,p0,6,3,shell_readonly,"{""command"": ""ls /etc/drbd.d""}","{""command"": ""ls /etc/drbd.d""}",True,unsupported_command,,False,False,False,False,,"{""unsupported_command"": true, ""family"": ""ls""}"
STO-05,routed,p0,1,1,shell_readonly,"{""command"": ""cat /proc/drbd 2>/dev/null; echo ---; drbdadm status 2>/dev/null""}","{""command"": ""cat /proc/drbd 2>/dev/null; echo ---; drbdadm status 2>/dev/null""}",True,unsupported_command,,False,False,False,False,,"{""unsupported_command"": true, ""family"": ""cat""}"
STO-05,routed,p0,2,1,systemctl_status,"{""service"": ""drbd@""}","{""service"": ""drbd@""}",True,empty,,False,False,False,False,,"{""empty"": true}"
STO-05,routed,p0,3,2,shell_readonly,"{""command"": ""drbdadm status""}","{""command"": ""drbdadm status""}",True,unsupported_command,,False,False,False,False,,"{""unsupported_command"": true, ""family"": ""drbdadm""}"
STO-05,routed,p0,4,2,journalctl_read,"{""service"": ""drbd""}","{""service"": ""drbd""}",True,empty,,False,False,False,False,,"{""empty"": true}"
STO-05,routed,p0,5,3,shell_readonly,"{""command"": ""ls /proc/drbd""}","{""command"": ""ls /proc/drbd""}",True,unsupported_command,,False,False,False,False,,"{""unsupported_command"": true, ""family"": ""ls""}"
STO-05,routed,p0,6,3,systemctl_status,"{""service"": ""drbd.service""}","{""service"": ""drbd.service""}",True,empty,,False,False,False,False,,"{""empty"": true}"
STO-06,routed,p0,1,1,kubectl_get,"{""resource"": ""pods"", ""namespace"": ""default""}","{""namespace"": ""default"", ""resource"": ""pods""}",True,empty,,False,False,False,False,,"{""empty"": true}"
STO-06,routed,p0,2,1,kubectl_get,"{""resource"": ""persistentvolumeclaims"", ""namespace"": ""default""}","{""namespace"": ""default"", ""resource"": ""persistentvolumeclaims""}",True,empty,,False,False,False,False,,"{""empty"": true}"
STO-06,routed,p0,3,2,kubectl_get,"{""resource"": ""pods""}","{""resource"": ""pods""}",True,empty,,False,False,False,False,,"{""empty"": true}"
STO-06,routed,p0,4,2,kubectl_get,"{""resource"": ""persistentvolumeclaims""}","{""resource"": ""persistentvolumeclaims""}",True,empty,,False,False,False,False,,"{""empty"": true}"
STO-06,routed,p0,5,3,kubectl_get,"{""resource"": ""pods"", ""namespace"": ""kube-system""}","{""namespace"": ""kube-system"", ""resource"": ""pods""}",True,empty,,False,False,False,False,,"{""empty"": true}"
STO-06,routed,p0,6,3,kubectl_get,"{""resource"": ""namespaces""}","{""resource"": ""namespaces""}",True,empty,,False,False,False,False,,"{""empty"": true}"
VIR-01,routed,p0,1,1,systemctl_status,"{""service"": ""libvirtd""}","{""service"": ""libvirtd""}",True,empty,,False,False,False,False,,"{""empty"": true}"
VIR-01,routed,p0,2,1,journalctl_read,"{""service"": ""libvirtd""}","{""service"": ""libvirtd""}",True,revealed,E1,True,False,True,True,,"{""revealed"": [{""id"": ""E1"", ""tool"": ""journalctl_read"", ""key"": ""libvirtd"", ""text"": ""unsupported configuration: CPU mode host-passthrough not supported""}]}"
VIR-01,routed,p0,3,2,shell_readonly,"{""command"": ""virsh list --all 2>&1; echo ---; virsh dumpxml win10 2>&1 | head -60""}","{""command"": ""virsh list --all 2>&1; echo ---; virsh dumpxml win10 2>&1 | head -60""}",True,unsupported_command,,False,False,False,False,,"{""unsupported_command"": true, ""family"": ""virsh""}"
VIR-01,routed,p0,4,3,shell_readonly,"{""command"": ""ls /etc/libvirt/qemu/ 2>&1; echo ---; grep -n -A5 '<cpu' /etc/libvirt/qemu/win10.xml 2>&1""}","{""command"": ""ls /etc/libvirt/qemu/ 2>&1; echo ---; grep -n -A5 '<cpu' /etc/libvirt/qemu/win10.xml 2>&1""}",True,unsupported_command,,False,False,False,False,,"{""unsupported_command"": true, ""family"": ""ls""}"
VIR-01,routed,p0,5,4,shell_readonly,"{""command"": ""cat /etc/libvirt/qemu/win10.xml""}","{""command"": ""cat /etc/libvirt/qemu/win10.xml""}",True,unsupported_command,,False,False,False,False,,"{""unsupported_command"": true, ""family"": ""cat""}"
VIR-02,routed,p0,1,1,shell_readonly,"{""command"": ""lsblk -o NAME,SIZE,TYPE,FSTYPE,MOUNTPOINT,STATE 2>/dev/null; echo ---; ls /dev/sd* /dev/vd* /dev/nvme* 2>/dev/null; echo ---; cat /proc/partitions 2>/dev/null""}","{""command"": ""lsblk -o NAME,SIZE,TYPE,FSTYPE,MOUNTPOINT,STATE 2>/dev/null; echo ---; ls /dev/sd* /dev/vd* /dev/nvme* 2>/dev/null; echo ---; cat /proc/partitions 2>/dev/null""}",True,unsupported_command,,False,False,False,False,,"{""unsupported_command"": true, ""family"": ""lsblk""}"
VIR-02,routed,p0,2,1,shell_readonly,"{""command"": ""dmesg 2>/dev/null | tail -n 60; echo ===; journalctl -k -n 60 --no-pager 2>/dev/null""}","{""command"": ""dmesg 2>/dev/null | tail -n 60; echo ===; journalctl -k -n 60 --no-pager 2>/dev/null""}",True,unsupported_command,,False,False,False,False,,"{""unsupported_command"": true, ""family"": ""dmesg""}"
VIR-02,routed,p0,3,2,shell_readonly,"{""command"": ""cat /proc/partitions; echo ---; ls -l /dev | grep -E 'sd|vd|nvme|dm' ; echo ---; cat /proc/cmdline""}","{""command"": ""cat /proc/partitions; echo ---; ls -l /dev | grep -E 'sd|vd|nvme|dm' ; echo ---; cat /proc/cmdline""}",True,unsupported_command,,False,False,False,False,,"{""unsupported_command"": true, ""family"": ""cat""}"
VIR-02,routed,p0,4,2,systemctl_status,"{""service"": ""multipathd""}","{""service"": ""multipathd""}",True,empty,,False,False,False,False,,"{""empty"": true}"
VIR-02,routed,p0,5,3,systemctl_status,"{""service"": ""lvm2-lvmpolld""}","{""service"": ""lvm2-lvmpolld""}",True,empty,,False,False,False,False,,"{""empty"": true}"
VIR-02,routed,p0,6,3,systemctl_status,"{""service"": ""iscsid""}","{""service"": ""iscsid""}",True,empty,,False,False,False,False,,"{""empty"": true}"
VIR-02,routed,p0,7,3,systemctl_status,"{""service"": ""open-iscsi""}","{""service"": ""open-iscsi""}",True,empty,,False,False,False,False,,"{""empty"": true}"
VIR-02,routed,p0,8,3,systemctl_status,"{""service"": ""nfs-client.target""}","{""service"": ""nfs-client.target""}",True,empty,,False,False,False,False,,"{""empty"": true}"
VIR-03,routed,p0,1,1,shell_readonly,"{""command"": ""ip -br link; echo ---; ip -br addr""}","{""command"": ""ip -br link; echo ---; ip -br addr""}",True,unsupported_command,,False,False,False,False,,"{""unsupported_command"": true, ""family"": ""ip""}"
VIR-03,routed,p0,2,1,systemctl_status,"{""service"": ""NetworkManager""}","{""service"": ""NetworkManager""}",True,empty,,False,False,False,False,,"{""empty"": true}"
VIR-03,routed,p0,3,1,systemctl_status,"{""service"": ""networkd-dispatcher""}","{""service"": ""networkd-dispatcher""}",True,empty,,False,False,False,False,,"{""empty"": true}"
VIR-03,routed,p0,4,2,shell_readonly,"{""command"": ""cat /proc/net/dev; echo ---; ls /sys/class/net; echo ---; for i in /sys/class/net/*/operstate; do echo \""$i: $(cat $i)\""; done""}","{""command"": ""cat /proc/net/dev; echo ---; ls /sys/class/net; echo ---; for i in /sys/class/net/*/operstate; do echo \""$i: $(cat $i)\""; done""}",True,unsupported_command,,False,False,False,False,,"{""unsupported_command"": true, ""family"": ""cat""}"
VIR-03,routed,p0,5,2,shell_readonly,"{""command"": ""systemctl list-units --type=service --state=running 2>/dev/null | head -50; echo ---; systemctl list-units --type=service --state=failed 2>/dev/null""}","{""command"": ""systemctl list-units --type=service --state=running 2>/dev/null | head -50; echo ---; systemctl list-units --type=service --state=failed 2>/dev/null""}",True,unsupported_command,,False,False,False,False,,"{""unsupported_command"": true, ""family"": ""systemctl""}"
VIR-03,routed,p0,6,3,shell_readonly,"{""command"": ""ifconfig -a""}","{""command"": ""ifconfig -a""}",True,unsupported_command,,False,False,False,False,,"{""unsupported_command"": true, ""family"": ""ifconfig""}"
VIR-03,routed,p0,7,3,systemctl_status,"{""service"": ""systemd-networkd""}","{""service"": ""systemd-networkd""}",True,empty,,False,False,False,False,,"{""empty"": true}"
VIR-03,routed,p0,8,3,systemctl_status,"{""service"": ""NetworkManager-wait-online""}","{""service"": ""NetworkManager-wait-online""}",True,empty,,False,False,False,False,,"{""empty"": true}"
GIT-01,routed,p0,1,1,kubectl_get,"{""resource"": ""deployments""}","{""resource"": ""deployments""}",True,empty,,False,False,False,False,,"{""empty"": true}"
GIT-01,routed,p0,2,1,git_status,"{""repo"": "".""}","{""repo"": "".""}",True,empty,,False,False,False,False,,"{""empty"": true}"
GIT-01,routed,p0,3,2,kubectl_get,"{""resource"": ""pods"", ""namespace"": ""default""}","{""namespace"": ""default"", ""resource"": ""pods""}",True,empty,,False,False,False,False,,"{""empty"": true}"
GIT-01,routed,p0,4,2,kubectl_get,"{""resource"": ""pods"", ""namespace"": ""kube-system""}","{""namespace"": ""kube-system"", ""resource"": ""pods""}",True,empty,,False,False,False,False,,"{""empty"": true}"
GIT-01,routed,p0,5,3,kubectl_get,"{""resource"": ""pods"", ""namespace"": ""production""}","{""namespace"": ""production"", ""resource"": ""pods""}",True,empty,,False,False,False,False,,"{""empty"": true}"
GIT-01,routed,p0,6,3,kubectl_get,"{""resource"": ""pods"", ""namespace"": ""staging""}","{""namespace"": ""staging"", ""resource"": ""pods""}",True,empty,,False,False,False,False,,"{""empty"": true}"
GIT-01,routed,p0,7,3,kubectl_get,"{""resource"": ""pods"", ""namespace"": ""dev""}","{""namespace"": ""dev"", ""resource"": ""pods""}",True,empty,,False,False,False,False,,"{""empty"": true}"
GIT-02,routed,p0,1,1,git_status,"{""repo"": ""production""}","{""repo"": ""production""}",True,empty,,False,False,False,False,,"{""empty"": true}"
GIT-02,routed,p0,2,1,git_diff,"{""repo"": ""production""}","{""repo"": ""production""}",True,empty,,False,False,False,False,,"{""empty"": true}"
GIT-02,routed,p0,3,2,git_status,"{""repo"": "".""}","{""repo"": "".""}",True,empty,,False,False,False,False,,"{""empty"": true}"
GIT-02,routed,p0,4,2,git_diff,"{""repo"": "".""}","{""repo"": "".""}",True,empty,,False,False,False,False,,"{""empty"": true}"
GIT-02,routed,p0,5,3,git_status,"{""repo"": ""/""}","{""repo"": ""/""}",True,empty,,False,False,False,False,,"{""empty"": true}"
GIT-02,routed,p0,6,3,git_status,"{""repo"": ""production-repo""}","{""repo"": ""production-repo""}",True,empty,,False,False,False,False,,"{""empty"": true}"
CI-01,routed,p0,1,1,shell_readonly,"{""command"": ""ls -la / /home /opt /srv 2>/dev/null; ls -la ~ 2>/dev/null""}","{""command"": ""ls -la / /home /opt /srv 2>/dev/null; ls -la ~ 2>/dev/null""}",True,unsupported_command,,False,False,False,False,,"{""unsupported_command"": true, ""family"": ""ls""}"
CI-01,routed,p0,2,1,shell_readonly,"{""command"": ""docker info 2>&1 | head -40; docker version 2>&1 | head -20""}","{""command"": ""docker info 2>&1 | head -40; docker version 2>&1 | head -20""}",True,unsupported_command,,False,False,False,False,,"{""unsupported_command"": true, ""family"": ""docker""}"
CI-01,routed,p0,3,2,list_directory,"{""path"": ""/""}","{""path"": ""/""}",True,empty,,False,False,False,False,,"{""empty"": true}"
CI-01,routed,p0,4,2,list_directory,"{""path"": ""/home""}","{""path"": ""/home""}",True,empty,,False,False,False,False,,"{""empty"": true}"
CI-01,routed,p0,5,3,list_directory,"{""path"": ""/opt""}","{""path"": ""/opt""}",True,empty,,False,False,False,False,,"{""empty"": true}"
CI-01,routed,p0,6,3,list_directory,"{""path"": ""/srv""}","{""path"": ""/srv""}",True,empty,,False,False,False,False,,"{""empty"": true}"
CI-01,routed,p0,7,3,list_directory,"{""path"": ""/var""}","{""path"": ""/var""}",True,empty,,False,False,False,False,,"{""empty"": true}"
CI-01,routed,p0,8,3,list_directory,"{""path"": ""/root""}","{""path"": ""/root""}",True,empty,,False,False,False,False,,"{""empty"": true}"
CI-02,routed,p0,1,1,shell_readonly,"{""command"": ""ls /var/log/pipeline 2>/dev/null; ls /opt/pipeline 2>/dev/null; ls /srv 2>/dev/null; ls /home 2>/dev/null""}","{""command"": ""ls /var/log/pipeline 2>/dev/null; ls /opt/pipeline 2>/dev/null; ls /srv 2>/dev/null; ls /home 2>/dev/null""}",True,unsupported_command,,False,False,False,False,,"{""unsupported_command"": true, ""family"": ""ls""}"
CI-02,routed,p0,2,1,systemctl_status,"{""service"": ""pipeline""}","{""service"": ""pipeline""}",True,empty,,False,False,False,False,,"{""empty"": true}"
CI-02,routed,p0,3,2,list_directory,"{""path"": ""/""}","{""path"": ""/""}",True,empty,,False,False,False,False,,"{""empty"": true}"
CI-02,routed,p0,4,2,systemctl_status,"{""service"": ""gitlab-runner""}","{""service"": ""gitlab-runner""}",True,empty,,False,False,False,False,,"{""empty"": true}"
CI-02,routed,p0,5,3,list_directory,"{""path"": ""/var/log""}","{""path"": ""/var/log""}",True,empty,,False,False,False,False,,"{""empty"": true}"
CI-02,routed,p0,6,3,list_directory,"{""path"": ""/opt""}","{""path"": ""/opt""}",True,empty,,False,False,False,False,,"{""empty"": true}"
CI-02,routed,p0,7,3,list_directory,"{""path"": ""/home""}","{""path"": ""/home""}",True,empty,,False,False,False,False,,"{""empty"": true}"
CI-02,routed,p0,8,3,list_directory,"{""path"": ""/srv""}","{""path"": ""/srv""}",True,empty,,False,False,False,False,,"{""empty"": true}"
CI-03,routed,p0,1,1,git_status,"{""repo"": "".""}","{""repo"": "".""}",True,empty,,False,False,False,False,,"{""empty"": true}"
CI-03,routed,p0,2,1,git_diff,"{""repo"": "".""}","{""repo"": "".""}",True,empty,,False,False,False,False,,"{""empty"": true}"
CI-03,routed,p0,3,1,shell_readonly,"{""command"": ""ls -la /var/log 2>/dev/null; ls -la /opt 2>/dev/null; ls -la /srv 2>/dev/null; ls -la /app 2>/dev/null; ls -la /home 2>/dev/null""}","{""command"": ""ls -la /var/log 2>/dev/null; ls -la /opt 2>/dev/null; ls -la /srv 2>/dev/null; ls -la /app 2>/dev/null; ls -la /home 2>/dev/null""}",True,unsupported_command,,False,False,False,False,,"{""unsupported_command"": true, ""family"": ""ls""}"
CI-03,routed,p0,4,2,list_directory,"{""path"": ""/""}","{""path"": ""/""}",True,empty,,False,False,False,False,,"{""empty"": true}"
CI-03,routed,p0,5,2,kubectl_get,"{""resource"": ""pods""}","{""resource"": ""pods""}",True,empty,,False,False,False,False,,"{""empty"": true}"
CI-03,routed,p0,6,3,list_directory,"{""path"": ""/app""}","{""path"": ""/app""}",True,empty,,False,False,False,False,,"{""empty"": true}"
CI-03,routed,p0,7,3,list_directory,"{""path"": ""/opt""}","{""path"": ""/opt""}",True,empty,,False,False,False,False,,"{""empty"": true}"
CI-03,routed,p0,8,3,list_directory,"{""path"": ""/srv""}","{""path"": ""/srv""}",True,empty,,False,False,False,False,,"{""empty"": true}"
CI-03,routed,p0,9,3,list_directory,"{""path"": ""/home""}","{""path"": ""/home""}",True,empty,,False,False,False,False,,"{""empty"": true}"
CI-03,routed,p0,10,3,list_directory,"{""path"": ""/var/log""}","{""path"": ""/var/log""}",True,empty,,False,False,False,False,,"{""empty"": true}"
CI-03,routed,p0,11,3,list_directory,"{""path"": ""/""}","{""path"": ""/""}",True,duplicate,,False,True,False,False,,"{""duplicate"": true}"
COD-01,routed,p0,1,1,list_directory,"{""path"": ""/etc/app""}","{""path"": ""/etc/app""}",True,empty,,False,False,False,False,,"{""empty"": true}"
COD-01,routed,p0,2,1,grep_search,"{""pattern"": ""/etc/app/config""}","{""pattern"": ""/etc/app/config""}",True,empty,,False,False,False,False,,"{""empty"": true}"
COD-01,routed,p0,3,2,list_directory,"{""path"": ""/etc""}","{""path"": ""/etc""}",True,empty,,False,False,False,False,,"{""empty"": true}"
COD-01,routed,p0,4,2,list_directory,"{""path"": ""/""}","{""path"": ""/""}",True,empty,,False,False,False,False,,"{""empty"": true}"
COD-01,routed,p0,5,3,list_directory,"{""path"": "".""}","{""path"": "".""}",True,empty,,False,False,False,False,,"{""empty"": true}"
COD-02,routed,p0,1,1,shell_readonly,"{""command"": ""grep -rn \""KeyError\"" /var/log 2>/dev/null | tail -50""}","{""command"": ""grep -rn \""KeyError\"" /var/log 2>/dev/null | tail -50""}",True,unsupported_command,,False,False,False,False,,"{""unsupported_command"": true, ""family"": ""grep""}"
COD-02,routed,p0,2,1,shell_readonly,"{""command"": ""ls /opt /srv /app 2>/dev/null""}","{""command"": ""ls /opt /srv /app 2>/dev/null""}",True,unsupported_command,,False,False,False,False,,"{""unsupported_command"": true, ""family"": ""ls""}"
COD-02,routed,p0,3,2,list_directory,"{""path"": ""/opt""}","{""path"": ""/opt""}",True,empty,,False,False,False,False,,"{""empty"": true}"
COD-02,routed,p0,4,2,list_directory,"{""path"": ""/app""}","{""path"": ""/app""}",True,empty,,False,False,False,False,,"{""empty"": true}"
COD-02,routed,p0,5,2,list_directory,"{""path"": ""/srv""}","{""path"": ""/srv""}",True,empty,,False,False,False,False,,"{""empty"": true}"
COD-02,routed,p0,6,3,list_directory,"{""path"": ""/""}","{""path"": ""/""}",True,empty,,False,False,False,False,,"{""empty"": true}"
COD-03,routed,p0,1,1,list_directory,"{""path"": "".""}","{""path"": "".""}",True,empty,,False,False,False,False,,"{""empty"": true}"
COD-03,routed,p0,2,2,list_directory,"{""path"": ""/""}","{""path"": ""/""}",True,empty,,False,False,False,False,,"{""empty"": true}"
COD-03,routed,p0,3,3,grep_search,"{""pattern"": ""metadata"", ""path"": ""/""}","{""path"": ""/"", ""pattern"": ""metadata""}",True,empty,,False,False,False,False,,"{""empty"": true}"
COD-04,routed,p0,1,1,list_directory,"{""path"": "".""}","{""path"": "".""}",True,empty,,False,False,False,False,,"{""empty"": true}"
COD-04,routed,p0,2,2,list_directory,"{""path"": ""/""}","{""path"": ""/""}",True,empty,,False,False,False,False,,"{""empty"": true}"
COD-04,routed,p0,3,3,list_directory,"{""path"": ""/home""}","{""path"": ""/home""}",True,empty,,False,False,False,False,,"{""empty"": true}"
COD-04,routed,p0,4,3,list_directory,"{""path"": ""/root""}","{""path"": ""/root""}",True,empty,,False,False,False,False,,"{""empty"": true}"
COD-04,routed,p0,5,3,list_directory,"{""path"": ""/etc""}","{""path"": ""/etc""}",True,empty,,False,False,False,False,,"{""empty"": true}"
COD-04,routed,p0,6,3,list_directory,"{""path"": ""/opt""}","{""path"": ""/opt""}",True,empty,,False,False,False,False,,"{""empty"": true}"
COD-05,routed,p0,1,1,list_directory,"{""path"": "".""}","{""path"": "".""}",True,empty,,False,False,False,False,,"{""empty"": true}"
COD-05,routed,p0,2,2,list_directory,"{""path"": ""/""}","{""path"": ""/""}",True,empty,,False,False,False,False,,"{""empty"": true}"
COD-05,routed,p0,3,2,list_directory,"{""path"": ""/app""}","{""path"": ""/app""}",True,empty,,False,False,False,False,,"{""empty"": true}"
COD-05,routed,p0,4,2,list_directory,"{""path"": ""/home""}","{""path"": ""/home""}",True,empty,,False,False,False,False,,"{""empty"": true}"
COD-05,routed,p0,5,3,list_directory,"{""path"": ""/etc""}","{""path"": ""/etc""}",True,empty,,False,False,False,False,,"{""empty"": true}"
COD-05,routed,p0,6,3,list_directory,"{""path"": ""/opt""}","{""path"": ""/opt""}",True,empty,,False,False,False,False,,"{""empty"": true}"
COD-05,routed,p0,7,3,list_directory,"{""path"": ""/var""}","{""path"": ""/var""}",True,empty,,False,False,False,False,,"{""empty"": true}"
COD-05,routed,p0,8,3,list_directory,"{""path"": ""/root""}","{""path"": ""/root""}",True,empty,,False,False,False,False,,"{""empty"": true}"
COD-06,routed,p0,1,1,list_directory,"{""path"": "".""}","{""path"": "".""}",True,empty,,False,False,False,False,,"{""empty"": true}"
COD-06,routed,p0,2,2,list_directory,"{""path"": ""/""}","{""path"": ""/""}",True,empty,,False,False,False,False,,"{""empty"": true}"
COD-06,routed,p0,3,3,kubectl_get,"{""resource"": ""pods""}","{""resource"": ""pods""}",True,empty,,False,False,False,False,,"{""empty"": true}"
SEC-01,routed,p0,1,1,shell_readonly,"{""command"": ""grep -iE \""failed password|invalid user|accepted password|accepted publickey\"" /var/log/auth.log 2>/dev/null | tail -n 50; echo ---; grep -iE \""failed password|invalid user\"" /var/log/secure 2>/dev/null | tail -n 50""}","{""command"": ""grep -iE \""failed password|invalid user|accepted password|accepted publickey\"" /var/log/auth.log 2>/dev/null | tail -n 50; echo ---; grep -iE \""failed password|invalid user\"" /var/log/secure 2>/dev/null | tail -n 50""}",True,unsupported_command,,False,False,False,False,,"{""unsupported_command"": true, ""family"": ""grep""}"
SEC-01,routed,p0,2,1,shell_readonly,"{""command"": ""ss -tlnp | grep -E ':22\\b' ; echo ---; systemctl is-active sshd 2>/dev/null; systemctl is-active ssh 2>/dev/null""}","{""command"": ""ss -tlnp | grep -E ':22\\b' ; echo ---; systemctl is-active sshd 2>/dev/null; systemctl is-active ssh 2>/dev/null""}",True,unsupported_command,,False,False,False,False,,"{""unsupported_command"": true, ""family"": ""ss""}"
SEC-01,routed,p0,3,1,shell_readonly,"{""command"": ""grep -E '^(PermitRootLogin|PasswordAuthentication|PubkeyAuthentication|Port|MaxAuthTries|AllowUsers|AllowGroups|KbdInteractiveAuthentication)' /etc/ssh/sshd_config 2>/dev/null; echo ---; ls /etc/ssh/sshd_config.d/ 2>/dev/null""}","{""command"": ""grep -E '^(PermitRootLogin|PasswordAuthentication|PubkeyAuthentication|Port|MaxAuthTries|AllowUsers|AllowGroups|KbdInteractiveAuthentication)' /etc/ssh/sshd_config 2>/dev/null; echo ---; ls /etc/ssh/sshd_config.d/ 2>/dev/null""}",True,unsupported_command,,False,False,False,False,,"{""unsupported_command"": true, ""family"": ""grep""}"
SEC-01,routed,p0,4,1,shell_readonly,"{""command"": ""command -v fail2ban-client >/dev/null && fail2ban-client status 2>/dev/null; echo ---; iptables -S 2>/dev/null | grep -E '22|DROP|REJECT' | head; echo ---; ufw status 2>/dev/null | head""}","{""command"": ""command -v fail2ban-client >/dev/null && fail2ban-client status 2>/dev/null; echo ---; iptables -S 2>/dev/null | grep -E '22|DROP|REJECT' | head; echo ---; ufw status 2>/dev/null | head""}",True,unsupported_command,,False,False,False,False,,"{""unsupported_command"": true, ""family"": ""command""}"
SEC-01,routed,p0,5,2,shell_readonly,"{""command"": ""tail -n 100 /var/log/auth.log""}","{""command"": ""tail -n 100 /var/log/auth.log""}",True,unsupported_command,,False,False,False,False,,"{""unsupported_command"": true, ""family"": ""tail""}"
SEC-01,routed,p0,6,2,shell_readonly,"{""command"": ""tail -n 100 /var/log/secure""}","{""command"": ""tail -n 100 /var/log/secure""}",True,unsupported_command,,False,False,False,False,,"{""unsupported_command"": true, ""family"": ""tail""}"
SEC-01,routed,p0,7,2,read_file,"{""path"": ""/etc/ssh/sshd_config""}","{""path"": ""/etc/ssh/sshd_config""}",True,not_found,,False,False,False,False,,"{""not_found"": true}"
SEC-01,routed,p0,8,2,systemctl_status,"{""service"": ""sshd""}","{""service"": ""sshd""}",True,empty,,False,False,False,False,,"{""empty"": true}"
SEC-01,routed,p0,9,3,read_file,"{""path"": ""/var/log/auth.log""}","{""path"": ""/var/log/auth.log""}",True,not_found,,False,False,False,False,,"{""not_found"": true}"
SEC-01,routed,p0,10,3,read_file,"{""path"": ""/var/log/secure""}","{""path"": ""/var/log/secure""}",True,not_found,,False,False,False,False,,"{""not_found"": true}"
SEC-01,routed,p0,11,3,list_directory,"{""path"": ""/etc/ssh""}","{""path"": ""/etc/ssh""}",True,empty,,False,False,False,False,,"{""empty"": true}"
SEC-01,routed,p0,12,3,systemctl_status,"{""service"": ""ssh""}","{""service"": ""ssh""}",True,empty,,False,False,False,False,,"{""empty"": true}"
SEC-02,routed,p0,1,1,kubectl_get,"{""resource"": ""pods"", ""namespace"": ""default""}","{""namespace"": ""default"", ""resource"": ""pods""}",True,empty,,False,False,False,False,,"{""empty"": true}"
SEC-02,routed,p0,2,2,kubectl_get,"{""resource"": ""pods"", ""namespace"": ""kube-system""}","{""namespace"": ""kube-system"", ""resource"": ""pods""}",True,empty,,False,False,False,False,,"{""empty"": true}"
SEC-02,routed,p0,3,2,kubectl_get,"{""resource"": ""pods"", ""namespace"": ""default""}","{""namespace"": ""default"", ""resource"": ""pods""}",True,duplicate,,False,True,False,False,,"{""duplicate"": true}"
SEC-02,routed,p0,4,3,kubectl_get,"{""resource"": ""pods"", ""namespace"": ""production""}","{""namespace"": ""production"", ""resource"": ""pods""}",True,empty,,False,True,False,False,,"{""empty"": true}"
SEC-02,routed,p0,5,3,kubectl_get,"{""resource"": ""pods"", ""namespace"": ""dev""}","{""namespace"": ""dev"", ""resource"": ""pods""}",True,empty,,False,True,False,False,,"{""empty"": true}"
SEC-03,routed,p0,1,1,shell_readonly,"{""command"": ""ss -tlnp 2>/dev/null | head -50""}","{""command"": ""ss -tlnp 2>/dev/null | head -50""}",True,unsupported_command,,False,False,False,False,,"{""unsupported_command"": true, ""family"": ""ss""}"
SEC-03,routed,p0,2,1,shell_readonly,"{""command"": ""ls /etc/nginx/conf.d/ /etc/nginx/sites-enabled/ /etc/httpd/conf.d/ 2>/dev/null""}","{""command"": ""ls /etc/nginx/conf.d/ /etc/nginx/sites-enabled/ /etc/httpd/conf.d/ 2>/dev/null""}",True,unsupported_command,,False,False,False,False,,"{""unsupported_command"": true, ""family"": ""ls""}"
SEC-03,routed,p0,3,2,list_directory,"{""path"": ""/etc/nginx""}","{""path"": ""/etc/nginx""}",True,empty,,False,False,False,False,,"{""empty"": true}"
SEC-03,routed,p0,4,2,list_directory,"{""path"": ""/""}","{""path"": ""/""}",True,empty,,False,False,False,False,,"{""empty"": true}"
SEC-03,routed,p0,5,3,shell_readonly,"{""command"": ""netstat -tlnp""}","{""command"": ""netstat -tlnp""}",True,unsupported_command,,False,False,False,False,,"{""unsupported_command"": true, ""family"": ""netstat""}"
SEC-03,routed,p0,6,3,shell_readonly,"{""command"": ""ps aux""}","{""command"": ""ps aux""}",True,unsupported_command,,False,False,False,False,,"{""unsupported_command"": true, ""family"": ""ps""}"
SEC-04,routed,p0,1,1,git_status,"{""repo"": "".""}","{""repo"": "".""}",True,empty,,False,False,False,False,,"{""empty"": true}"
SEC-04,routed,p0,2,1,list_directory,"{""path"": "".""}","{""path"": "".""}",True,empty,,False,False,False,False,,"{""empty"": true}"
SEC-04,routed,p0,3,2,list_directory,"{""path"": ""/""}","{""path"": ""/""}",True,empty,,False,False,False,False,,"{""empty"": true}"
SEC-04,routed,p0,4,2,list_directory,"{""path"": ""/app""}","{""path"": ""/app""}",True,empty,,False,False,False,False,,"{""empty"": true}"
SEC-04,routed,p0,5,3,list_directory,"{""path"": ""/home""}","{""path"": ""/home""}",True,empty,,False,False,False,False,,"{""empty"": true}"
SEC-04,routed,p0,6,3,list_directory,"{""path"": ""/repo""}","{""path"": ""/repo""}",True,empty,,False,False,False,False,,"{""empty"": true}"
SEC-04,routed,p0,7,3,list_directory,"{""path"": ""/workspace""}","{""path"": ""/workspace""}",True,empty,,False,False,False,False,,"{""empty"": true}"
SEC-04,routed,p0,8,3,list_directory,"{""path"": ""/src""}","{""path"": ""/src""}",True,empty,,False,False,False,False,,"{""empty"": true}"
X-01,routed,p0,1,1,kubectl_get,"{""resource"": ""pods""}","{""resource"": ""pods""}",True,empty,,False,False,False,False,,"{""empty"": true}"
X-01,routed,p0,2,2,kubectl_get,"{""resource"": ""pods"", ""namespace"": ""default""}","{""namespace"": ""default"", ""resource"": ""pods""}",True,empty,,False,False,False,False,,"{""empty"": true}"
X-01,routed,p0,3,2,kubectl_get,"{""resource"": ""pods"", ""namespace"": ""kube-system""}","{""namespace"": ""kube-system"", ""resource"": ""pods""}",True,empty,,False,False,False,False,,"{""empty"": true}"
X-01,routed,p0,4,3,kubectl_get,"{""resource"": ""namespaces""}","{""resource"": ""namespaces""}",True,empty,,False,False,False,False,,"{""empty"": true}"
X-02,routed,p0,1,1,kubectl_get,"{""resource"": ""pods"", ""namespace"": ""default""}","{""namespace"": ""default"", ""resource"": ""pods""}",True,empty,,False,False,False,False,,"{""empty"": true}"
X-02,routed,p0,2,1,kubectl_get,"{""resource"": ""deployments"", ""namespace"": ""default""}","{""namespace"": ""default"", ""resource"": ""deployments""}",True,empty,,False,False,False,False,,"{""empty"": true}"
X-02,routed,p0,3,2,kubectl_get,"{""resource"": ""namespaces""}","{""resource"": ""namespaces""}",True,empty,,False,False,False,False,,"{""empty"": true}"
X-02,routed,p0,4,3,kubectl_get,"{""resource"": ""pods""}","{""resource"": ""pods""}",True,empty,,False,False,False,False,,"{""empty"": true}"
X-02,routed,p0,5,3,kubectl_get,"{""resource"": ""deployments""}","{""resource"": ""deployments""}",True,empty,,False,False,False,False,,"{""empty"": true}"
X-03,routed,p0,1,1,shell_readonly,"{""command"": ""df -h""}","{""command"": ""df -h""}",True,revealed,E1,True,False,True,True,,"{""revealed"": [{""id"": ""E1"", ""tool"": ""shell_readonly"", ""key"": ""df -h"", ""text"": ""/var/lib 100%""}]}"
X-03,routed,p0,2,1,shell_readonly,"{""command"": ""df -i""}","{""command"": ""df -i""}",True,unsupported_command,,True,False,False,False,,"{""unsupported_command"": true, ""family"": ""df""}"
X-03,routed,p0,3,2,shell_readonly,"{""command"": ""du -xh --max-depth=1 /var/lib 2>/dev/null | sort -rh | head -20""}","{""command"": ""du -xh --max-depth=1 /var/lib 2>/dev/null | sort -rh | head -20""}",True,unsupported_command,,False,False,False,False,,"{""unsupported_command"": true, ""family"": ""du""}"
X-03,routed,p0,4,2,shell_readonly,"{""command"": ""ls -lah /var/lib | head -40""}","{""command"": ""ls -lah /var/lib | head -40""}",True,unsupported_command,,False,False,False,False,,"{""unsupported_command"": true, ""family"": ""ls""}"
X-03,routed,p0,5,3,systemctl_status,"{""service"": ""postgresql""}","{""service"": ""postgresql""}",True,empty,,False,False,False,False,,"{""empty"": true}"
X-03,routed,p0,6,3,systemctl_status,"{""service"": ""mysql""}","{""service"": ""mysql""}",True,empty,,False,False,False,False,,"{""empty"": true}"
X-03,routed,p0,7,4,systemctl_status,"{""service"": ""mariadb""}","{""service"": ""mariadb""}",True,empty,,False,False,False,False,,"{""empty"": true}"
X-03,routed,p0,8,4,systemctl_status,"{""service"": ""mongodb""}","{""service"": ""mongodb""}",True,empty,,False,False,False,False,,"{""empty"": true}"
X-03,routed,p0,9,4,systemctl_status,"{""service"": ""redis""}","{""service"": ""redis""}",True,empty,,False,False,False,False,,"{""empty"": true}"
X-04,routed,p0,1,1,kubectl_get,"{""resource"": ""pods"", ""namespace"": ""default""}","{""namespace"": ""default"", ""resource"": ""pods""}",True,empty,,False,False,False,False,,"{""empty"": true}"
X-04,routed,p0,2,1,kubectl_get,"{""resource"": ""services"", ""namespace"": ""kube-system""}","{""namespace"": ""kube-system"", ""resource"": ""services""}",True,empty,,False,False,False,False,,"{""empty"": true}"
X-04,routed,p0,3,2,kubectl_get,"{""resource"": ""pods""}","{""resource"": ""pods""}",True,empty,,False,False,False,False,,"{""empty"": true}"
X-04,routed,p0,4,2,kubectl_get,"{""resource"": ""services""}","{""resource"": ""services""}",True,empty,,False,False,False,False,,"{""empty"": true}"
X-04,routed,p0,5,3,kubectl_get,"{""resource"": ""nodes""}","{""resource"": ""nodes""}",True,empty,,False,False,False,False,,"{""empty"": true}"
X-04,routed,p0,6,3,kubectl_get,"{""resource"": ""namespaces""}","{""resource"": ""namespaces""}",True,empty,,False,False,False,False,,"{""empty"": true}"
