scenario_id,policy,router,call_index,round,tool,raw_args,normalized_args,json_valid,status,evidence_ids_revealed,new_information,duplicate,relevant,discovery_step,error_class,result_summary
LIN-01,full,p0,1,1,systemctl_status,"{""service"": ""nginx""}","{""service"": ""nginx""}",True,revealed,E1,True,False,True,True,,"{""revealed"": [{""id"": ""E1"", ""tool"": ""systemctl_status"", ""key"": ""nginx"", ""text"": ""nginx.service failed; Active: failed""}]}"
LIN-01,full,p0,2,2,journalctl_read,"{""service"": ""nginx""}","{""service"": ""nginx""}",True,revealed,E2,True,False,True,True,,"{""revealed"": [{""id"": ""E2"", ""tool"": ""journalctl_read"", ""key"": ""nginx"", ""text"": ""nginx: [emerg] bind() to 0.0.0.0:80 failed (98: Address already in use)""}]}"
LIN-01,full,p0,3,3,shell_readonly,"{""command"": ""netstat -tulpn | grep :80""}","{""command"": ""netstat -tulpn | grep :80""}",True,unsupported_command,,False,False,False,False,,"{""unsupported_command"": true, ""family"": ""netstat""}"
LIN-01,full,p0,4,4,shell_readonly,"{""command"": ""ss -tulpn | grep :80""}","{""command"": ""ss -tulpn | grep :80""}",True,unsupported_command,,False,False,False,False,,"{""unsupported_command"": true, ""family"": ""ss""}"
LIN-01,full,p0,5,5,shell_readonly,"{""command"": ""lsof -i :80""}","{""command"": ""lsof -i :80""}",True,unsupported_command,,False,False,False,False,,"{""unsupported_command"": true, ""family"": ""lsof""}"
LIN-02,full,p0,1,1,shell_readonly,"{""command"": ""df -h /var""}","{""command"": ""df -h /var""}",True,unsupported_command,,False,False,False,False,,"{""unsupported_command"": true, ""family"": ""df""}"
LIN-02,full,p0,2,2,shell_readonly,"{""command"": ""du -sh /var/*""}","{""command"": ""du -sh /var/*""}",True,revealed,E2,True,False,True,True,,"{""revealed"": [{""id"": ""E2"", ""tool"": ""shell_readonly"", ""key"": ""du -sh /var/*"", ""text"": ""/var/log 48G""}]}"
LIN-02,full,p0,3,3,shell_readonly,"{""command"": ""du -sh /var/log/*""}","{""command"": ""du -sh /var/log/*""}",True,unsupported_command,,False,False,False,False,,"{""unsupported_command"": true, ""family"": ""du""}"
LIN-02,full,p0,4,4,list_directory,"{""path"": ""/var/log""}","{""path"": ""/var/log""}",True,empty,,False,False,False,False,,"{""empty"": true}"
LIN-02,full,p0,5,5,grep_search,"{""pattern"": ""log"", ""path"": ""/var""}","{""path"": ""/var"", ""pattern"": ""log""}",True,empty,,False,False,False,False,,"{""empty"": true}"
LIN-03,full,p0,1,1,systemctl_status,"{""service"": ""cron""}","{""service"": ""cron""}",True,empty,,False,False,False,False,,"{""empty"": true}"
LIN-03,full,p0,2,1,journalctl_read,"{""service"": ""cron""}","{""service"": ""cron""}",True,revealed,E3,True,False,True,True,,"{""revealed"": [{""id"": ""E3"", ""tool"": ""journalctl_read"", ""key"": ""cron"", ""text"": ""backup.sh: /data: No such file or directory""}]}"
LIN-03,full,p0,3,2,grep_search,"{""pattern"": ""backup.sh"", ""path"": ""/etc/cron.d""}","{""path"": ""/etc/cron.d"", ""pattern"": ""backup.sh""}",True,empty,,False,False,False,False,,"{""empty"": true}"
LIN-03,full,p0,4,3,grep_search,"{""pattern"": ""backup.sh"", ""path"": ""/etc/crontab""}","{""path"": ""/etc/crontab"", ""pattern"": ""backup.sh""}",True,empty,,False,False,False,False,,"{""empty"": true}"
LIN-03,full,p0,5,4,grep_search,"{""pattern"": ""backup.sh"", ""path"": ""/var/spool/cron""}","{""path"": ""/var/spool/cron"", ""pattern"": ""backup.sh""}",True,empty,,False,False,False,False,,"{""empty"": true}"
LIN-04,full,p0,1,1,systemctl_status,"{""service"": ""app""}","{""service"": ""app""}",True,revealed,E1,True,False,True,True,,"{""revealed"": [{""id"": ""E1"", ""tool"": ""systemctl_status"", ""key"": ""app"", ""text"": ""app.service: activating (auto-restart)""}]}"
LIN-04,full,p0,2,2,journalctl_read,"{""service"": ""app""}","{""service"": ""app""}",True,revealed,E2,True,False,True,True,,"{""revealed"": [{""id"": ""E2"", ""tool"": ""journalctl_read"", ""key"": ""app"", ""text"": ""app: out of memory: Killed process""}]}"
LIN-05,full,p0,1,1,systemctl_status,"{""service"": ""worker""}","{""service"": ""worker""}",True,revealed,E1,True,False,True,True,,"{""revealed"": [{""id"": ""E1"", ""tool"": ""systemctl_status"", ""key"": ""worker"", ""text"": ""worker.service failed; Result: exit-code""}]}"
LIN-05,full,p0,2,2,journalctl_read,"{""service"": ""worker""}","{""service"": ""worker""}",True,revealed,E2,True,False,True,True,,"{""revealed"": [{""id"": ""E2"", ""tool"": ""journalctl_read"", ""key"": ""worker"", ""text"": ""worker: ImportError: No module named 'requests'""}]}"
LIN-05,full,p0,3,3,list_directory,"{""path"": ""/usr/lib/python3.6/site-packages/""}","{""path"": ""/usr/lib/python3.6/site-packages/""}",True,empty,,False,False,False,False,,"{""empty"": true}"
LIN-05,full,p0,4,4,list_directory,"{""path"": ""/usr/lib/python3.6/""}","{""path"": ""/usr/lib/python3.6/""}",True,empty,,False,False,False,False,,"{""empty"": true}"
LIN-05,full,p0,5,5,list_directory,"{""path"": ""/usr/lib/python3/""}","{""path"": ""/usr/lib/python3/""}",True,empty,,False,False,False,False,,"{""empty"": true}"
NET-01,full,p0,1,1,dns_lookup,"{""hostname"": ""api.internal.example.com""}","{""hostname"": ""api.internal.example.com""}",True,revealed,E1,True,False,True,True,,"{""revealed"": [{""id"": ""E1"", ""tool"": ""dns_lookup"", ""key"": ""api.internal.example.com"", ""text"": ""NXDOMAIN""}]}"
NET-01,full,p0,2,2,grep_search,"{""pattern"": ""api.internal.example.com"", ""path"": ""/etc/hosts""}","{""path"": ""/etc/hosts"", ""pattern"": ""api.internal.example.com""}",True,empty,,False,False,False,False,,"{""empty"": true}"
NET-01,full,p0,3,3,grep_search,"{""pattern"": ""api.internal.example.com"", ""path"": ""/etc/resolv.conf""}","{""path"": ""/etc/resolv.conf"", ""pattern"": ""api.internal.example.com""}",True,empty,,False,False,False,False,,"{""empty"": true}"
NET-01,full,p0,4,4,grep_search,"{""pattern"": ""api.internal.example.com"", ""path"": ""/etc/nginx/nginx.conf""}","{""path"": ""/etc/nginx/nginx.conf"", ""pattern"": ""api.internal.example.com""}",True,empty,,False,False,False,False,,"{""empty"": true}"
NET-02,full,p0,1,1,systemctl_status,"{""service"": ""nginx""}","{""service"": ""nginx""}",True,empty,,False,False,False,False,,"{""empty"": true}"
NET-02,full,p0,2,1,journalctl_read,"{""service"": ""nginx""}","{""service"": ""nginx""}",True,empty,,False,False,False,False,,"{""empty"": true}"
NET-02,full,p0,3,1,grep_search,"{""pattern"": ""certificate"", ""path"": ""/etc/nginx/nginx.conf""}","{""path"": ""/etc/nginx/nginx.conf"", ""pattern"": ""certificate""}",True,empty,,False,False,False,False,,"{""empty"": true}"
NET-02,full,p0,4,1,grep_search,"{""pattern"": ""ssl_certificate"", ""path"": ""/etc/nginx/nginx.conf""}","{""path"": ""/etc/nginx/nginx.conf"", ""pattern"": ""ssl_certificate""}",True,empty,,False,False,False,False,,"{""empty"": true}"
NET-02,full,p0,5,1,grep_search,"{""pattern"": ""ssl_certificate_key"", ""path"": ""/etc/nginx/nginx.conf""}","{""path"": ""/etc/nginx/nginx.conf"", ""pattern"": ""ssl_certificate_key""}",True,empty,,False,False,False,False,,"{""empty"": true}"
NET-02,full,p0,6,1,shell_readonly,"{""command"": ""openssl x509 -in /etc/nginx/ssl/certificate.crt -noout -dates""}","{""command"": ""openssl x509 -in /etc/nginx/ssl/certificate.crt -noout -dates""}",True,unsupported_command,,False,False,False,False,,"{""unsupported_command"": true, ""family"": ""openssl""}"
NET-02,full,p0,7,2,shell_readonly,"{""command"": ""date""}","{""command"": ""date""}",True,unsupported_command,,False,False,False,False,,"{""unsupported_command"": true, ""family"": ""date""}"
NET-02,full,p0,8,2,shell_readonly,"{""command"": ""ls -l /etc/nginx/ssl/""}","{""command"": ""ls -l /etc/nginx/ssl/""}",True,unsupported_command,,False,False,False,False,,"{""unsupported_command"": true, ""family"": ""ls""}"
NET-02,full,p0,9,2,shell_readonly,"{""command"": ""openssl x509 -in /etc/nginx/ssl/certificate.crt -noout -text""}","{""command"": ""openssl x509 -in /etc/nginx/ssl/certificate.crt -noout -text""}",True,unsupported_command,,False,False,False,False,,"{""unsupported_command"": true, ""family"": ""openssl""}"
NET-02,full,p0,10,3,grep_search,"{""pattern"": ""ssl_certificate"", ""path"": ""/etc/nginx/nginx.conf""}","{""path"": ""/etc/nginx/nginx.conf"", ""pattern"": ""ssl_certificate""}",True,duplicate,,False,True,False,False,,"{""duplicate"": true}"
NET-02,full,p0,11,3,grep_search,"{""pattern"": ""ssl_certificate_key"", ""path"": ""/etc/nginx/nginx.conf""}","{""path"": ""/etc/nginx/nginx.conf"", ""pattern"": ""ssl_certificate_key""}",True,duplicate,,False,True,False,False,,"{""duplicate"": true}"
NET-02,full,p0,12,3,grep_search,"{""pattern"": ""ssl_certificate"", ""path"": ""/etc/nginx/sites-enabled/""}","{""path"": ""/etc/nginx/sites-enabled/"", ""pattern"": ""ssl_certificate""}",True,empty,,False,True,False,False,,"{""empty"": true}"
NET-02,full,p0,13,3,grep_search,"{""pattern"": ""ssl_certificate_key"", ""path"": ""/etc/nginx/sites-enabled/""}","{""path"": ""/etc/nginx/sites-enabled/"", ""pattern"": ""ssl_certificate_key""}",True,empty,,False,True,False,False,,"{""empty"": true}"
NET-03,full,p0,1,1,systemctl_status,"{""service"": ""nginx""}","{""service"": ""nginx""}",True,empty,,False,False,False,False,,"{""empty"": true}"
NET-03,full,p0,2,1,journalctl_read,"{""service"": ""nginx""}","{""service"": ""nginx""}",True,empty,,False,False,False,False,,"{""empty"": true}"
NET-03,full,p0,3,1,grep_search,"{""pattern"": ""timeout"", ""path"": ""/var/log/nginx/error.log""}","{""path"": ""/var/log/nginx/error.log"", ""pattern"": ""timeout""}",True,empty,,False,False,False,False,,"{""empty"": true}"
NET-03,full,p0,4,1,grep_search,"{""pattern"": ""SSL"", ""path"": ""/var/log/nginx/error.log""}","{""path"": ""/var/log/nginx/error.log"", ""pattern"": ""SSL""}",True,empty,,False,False,False,False,,"{""empty"": true}"
NET-03,full,p0,5,1,grep_search,"{""pattern"": ""TLS"", ""path"": ""/var/log/nginx/error.log""}","{""path"": ""/var/log/nginx/error.log"", ""pattern"": ""TLS""}",True,empty,,False,False,False,False,,"{""empty"": true}"
NET-03,full,p0,6,1,grep_search,"{""pattern"": ""handshake"", ""path"": ""/var/log/nginx/error.log""}","{""path"": ""/var/log/nginx/error.log"", ""pattern"": ""handshake""}",True,empty,,False,False,False,False,,"{""empty"": true}"
NET-03,full,p0,7,1,grep_search,"{""pattern"": ""connection"", ""path"": ""/var/log/nginx/error.log""}","{""path"": ""/var/log/nginx/error.log"", ""pattern"": ""connection""}",True,empty,,False,False,False,False,,"{""empty"": true}"
NET-03,full,p0,8,1,grep_search,"{""pattern"": ""upstream"", ""path"": ""/var/log/nginx/error.log""}","{""path"": ""/var/log/nginx/error.log"", ""pattern"": ""upstream""}",True,empty,,False,False,False,False,,"{""empty"": true}"
NET-03,full,p0,9,1,grep_search,"{""pattern"": ""proxy"", ""path"": ""/var/log/nginx/error.log""}","{""path"": ""/var/log/nginx/error.log"", ""pattern"": ""proxy""}",True,empty,,False,False,False,False,,"{""empty"": true}"
NET-03,full,p0,10,1,grep_search,"{""pattern"": ""timeout"", ""path"": ""/etc/nginx/nginx.conf""}","{""path"": ""/etc/nginx/nginx.conf"", ""pattern"": ""timeout""}",True,empty,,False,False,False,False,,"{""empty"": true}"
NET-03,full,p0,11,1,grep_search,"{""pattern"": ""proxy_read_timeout"", ""path"": ""/etc/nginx/nginx.conf""}","{""path"": ""/etc/nginx/nginx.conf"", ""pattern"": ""proxy_read_timeout""}",True,empty,,False,False,False,False,,"{""empty"": true}"
NET-03,full,p0,12,1,grep_search,"{""pattern"": ""proxy_connect_timeout"", ""path"": ""/etc/nginx/nginx.conf""}","{""path"": ""/etc/nginx/nginx.conf"", ""pattern"": ""proxy_connect_timeout""}",True,empty,,False,False,False,False,,"{""empty"": true}"
NET-03,full,p0,13,1,grep_search,"{""pattern"": ""ssl"", ""path"": ""/etc/nginx/nginx.conf""}","{""path"": ""/etc/nginx/nginx.conf"", ""pattern"": ""ssl""}",True,empty,,False,False,False,False,,"{""empty"": true}"
NET-03,full,p0,14,1,grep_search,"{""pattern"": ""ssl_protocols"", ""path"": ""/etc/nginx/nginx.conf""}","{""path"": ""/etc/nginx/nginx.conf"", ""pattern"": ""ssl_protocols""}",True,empty,,False,False,False,False,,"{""empty"": true}"
NET-03,full,p0,15,1,grep_search,"{""pattern"": ""ssl_ciphers"", ""path"": ""/etc/nginx/nginx.conf""}","{""path"": ""/etc/nginx/nginx.conf"", ""pattern"": ""ssl_ciphers""}",True,empty,,False,False,False,False,,"{""empty"": true}"
NET-03,full,p0,16,1,grep_search,"{""pattern"": ""ssl_pre",{},True,empty,,False,False,False,False,,"{""empty"": true}"
NET-04,full,p0,1,1,dns_lookup,"{""hostname"": ""db.internal""}","{""hostname"": ""db.internal""}",True,revealed,E1,True,False,True,True,,"{""revealed"": [{""id"": ""E1"", ""tool"": ""dns_lookup"", ""key"": ""db.internal"", ""text"": ""10.9.9.9 (expected 10.0.0.10)""}]}"
NET-04,full,p0,2,2,grep_search,"{""pattern"": ""db.internal"", ""path"": ""/etc/hosts""}","{""path"": ""/etc/hosts"", ""pattern"": ""db.internal""}",True,empty,,False,False,False,False,,"{""empty"": true}"
NET-04,full,p0,3,3,grep_search,"{""pattern"": ""db.internal"", ""path"": ""/etc/resolv.conf""}","{""path"": ""/etc/resolv.conf"", ""pattern"": ""db.internal""}",True,empty,,False,False,False,False,,"{""empty"": true}"
NET-04,full,p0,4,4,grep_search,"{""pattern"": ""db.internal"", ""path"": ""/etc/NetworkManager/dnsmasq.d/""}","{""path"": ""/etc/NetworkManager/dnsmasq.d/"", ""pattern"": ""db.internal""}",True,empty,,False,False,False,False,,"{""empty"": true}"
NET-05,full,p0,1,1,systemctl_status,"{""service"": ""nginx""}","{""service"": ""nginx""}",True,empty,,False,False,False,False,,"{""empty"": true}"
NET-05,full,p0,2,1,journalctl_read,"{""service"": ""nginx""}","{""service"": ""nginx""}",True,empty,,False,False,False,False,,"{""empty"": true}"
NET-05,full,p0,3,2,kubectl_get,"{""resource"": ""pods"", ""namespace"": ""default""}","{""namespace"": ""default"", ""resource"": ""pods""}",True,empty,,False,False,False,False,,"{""empty"": true}"
NET-05,full,p0,4,3,kubectl_describe,"{""pod"": ""nginx"", ""namespace"": ""default""}","{""namespace"": ""default"", ""pod"": ""nginx""}",True,not_found,,False,False,False,False,,"{""not_found"": true}"
K8S-01,full,p0,1,1,kubectl_describe,"{""pod"": ""web"", ""namespace"": ""prod""}","{""namespace"": ""prod"", ""pod"": ""web""}",True,revealed,E2,True,False,True,True,,"{""revealed"": [{""id"": ""E2"", ""tool"": ""kubectl_describe"", ""key"": ""web"", ""text"": ""Exit Code 1; Liveness HTTP 500""}]}"
K8S-01,full,p0,2,1,kubectl_logs,"{""pod"": ""web"", ""namespace"": ""prod""}","{""namespace"": ""prod"", ""pod"": ""web""}",True,revealed,E3,True,False,True,True,,"{""revealed"": [{""id"": ""E3"", ""tool"": ""kubectl_logs"", ""key"": ""web"", ""text"": ""panic: dial tcp 10.0.0.10:5432: connection refused""}]}"
K8S-01,full,p0,3,2,kubectl_get,"{""resource"": ""service"", ""namespace"": ""prod""}","{""namespace"": ""prod"", ""resource"": ""service""}",True,empty,,False,False,False,False,,"{""empty"": true}"
K8S-01,full,p0,4,3,kubectl_get,"{""resource"": ""service"", ""namespace"": ""prod""}","{""namespace"": ""prod"", ""resource"": ""service""}",True,duplicate,,False,True,False,False,,"{""duplicate"": true}"
K8S-01,full,p0,5,4,kubectl_get,"{""resource"": ""service"", ""namespace"": ""prod""}","{""namespace"": ""prod"", ""resource"": ""service""}",True,duplicate,,False,True,False,False,,"{""duplicate"": true}"
K8S-02,full,p0,1,1,kubectl_get,"{""resource"": ""pods"", ""namespace"": ""default""}","{""namespace"": ""default"", ""resource"": ""pods""}",True,revealed,E1,True,False,True,True,,"{""revealed"": [{""id"": ""E1"", ""tool"": ""kubectl_get"", ""key"": ""pods"", ""text"": ""api 0/1 Pending""}]}"
K8S-02,full,p0,2,2,kubectl_describe,"{""pod"": ""api"", ""namespace"": ""default""}","{""namespace"": ""default"", ""pod"": ""api""}",True,revealed,E2,True,False,True,True,,"{""revealed"": [{""id"": ""E2"", ""tool"": ""kubectl_describe"", ""key"": ""api"", ""text"": ""0/2 nodes available: insufficient cpu""}]}"
K8S-02,full,p0,3,3,kubectl_get,"{""resource"": ""nodes"", ""namespace"": ""default""}","{""namespace"": ""default"", ""resource"": ""nodes""}",True,empty,,False,False,False,False,,"{""empty"": true}"
K8S-02,full,p0,4,4,kubectl_get,"{""resource"": ""nodes""}","{""resource"": ""nodes""}",True,empty,,False,False,False,False,,"{""empty"": true}"
K8S-02,full,p0,5,5,kubectl_get,"{""resource"": ""nodes"", ""namespace"": ""kube-system""}","{""namespace"": ""kube-system"", ""resource"": ""nodes""}",True,empty,,False,False,False,False,,"{""empty"": true}"
K8S-03,full,p0,1,1,kubectl_get,"{""resource"": ""pods"", ""namespace"": ""default""}","{""namespace"": ""default"", ""resource"": ""pods""}",True,empty,,False,False,False,False,,"{""empty"": true}"
K8S-03,full,p0,2,2,kubectl_get,"{""resource"": ""pods"", ""namespace"": ""default""}","{""namespace"": ""default"", ""resource"": ""pods""}",True,duplicate,,False,True,False,False,,"{""duplicate"": true}"
K8S-03,full,p0,3,3,kubectl_get,"{""resource"": ""pods"", ""namespace"": ""default""}","{""namespace"": ""default"", ""resource"": ""pods""}",True,duplicate,,False,True,False,False,,"{""duplicate"": true}"
K8S-04,full,p0,1,1,kubectl_describe,"{""pod"": ""worker"", ""namespace"": ""default""}","{""namespace"": ""default"", ""pod"": ""worker""}",True,revealed,E1,True,False,True,True,,"{""revealed"": [{""id"": ""E1"", ""tool"": ""kubectl_describe"", ""key"": ""worker"", ""text"": ""State: OOMKilled; Exit 137""}]}"
K8S-04,full,p0,2,1,kubectl_logs,"{""pod"": ""worker"", ""namespace"": ""default""}","{""namespace"": ""default"", ""pod"": ""worker""}",True,not_found,,True,False,False,False,,"{""not_found"": true}"
K8S-04,full,p0,3,2,kubectl_describe,"{""pod"": ""worker"", ""namespace"": ""default""}","{""namespace"": ""default"", ""pod"": ""worker""}",True,duplicate,,False,True,False,False,,"{""duplicate"": true}"
K8S-04,full,p0,4,3,kubectl_logs,"{""pod"": ""worker"", ""namespace"": ""default""}","{""namespace"": ""default"", ""pod"": ""worker""}",True,duplicate,,False,True,False,False,,"{""duplicate"": true}"
K8S-04,full,p0,5,4,kubectl_get,"{""resource"": ""pods"", ""namespace"": ""default""}","{""namespace"": ""default"", ""resource"": ""pods""}",True,empty,,False,True,False,False,,"{""empty"": true}"
K8S-05,full,p0,1,1,kubectl_get,"{""resource"": ""endpoints"", ""namespace"": ""default""}","{""namespace"": ""default"", ""resource"": ""endpoints""}",True,empty,,False,False,False,False,,"{""empty"": true}"
K8S-05,full,p0,2,1,kubectl_get,"{""resource"": ""services"", ""namespace"": ""default""}","{""namespace"": ""default"", ""resource"": ""services""}",True,empty,,False,False,False,False,,"{""empty"": true}"
K8S-05,full,p0,3,2,kubectl_get,"{""resource"": ""endpoints"", ""namespace"": ""default""}","{""namespace"": ""default"", ""resource"": ""endpoints""}",True,duplicate,,False,True,False,False,,"{""duplicate"": true}"
K8S-05,full,p0,4,2,kubectl_get,"{""resource"": ""services"", ""namespace"": ""default""}","{""namespace"": ""default"", ""resource"": ""services""}",True,duplicate,,False,True,False,False,,"{""duplicate"": true}"
K8S-05,full,p0,5,3,kubectl_get,"{""resource"": ""endpoints"", ""namespace"": ""default""}","{""namespace"": ""default"", ""resource"": ""endpoints""}",True,duplicate,,False,True,False,False,,"{""duplicate"": true}"
K8S-05,full,p0,6,3,kubectl_get,"{""resource"": ""services"", ""namespace"": ""default""}","{""namespace"": ""default"", ""resource"": ""services""}",True,duplicate,,False,True,False,False,,"{""duplicate"": true}"
K8S-06,full,p0,1,1,kubectl_describe,"{""pod"": ""pod_name"", ""namespace"": ""namespace_name""}","{""namespace"": ""namespace_name"", ""pod"": ""pod_name""}",True,not_found,,False,False,False,False,,"{""not_found"": true}"
K8S-06,full,p0,2,1,kubectl_logs,"{""pod"": ""pod_name"", ""namespace"": ""namespace_name""}","{""namespace"": ""namespace_name"", ""pod"": ""pod_name""}",True,not_found,,False,False,False,False,,"{""not_found"": true}"
K8S-06,full,p0,3,2,kubectl_get,"{""resource"": ""pods"", ""namespace"": ""namespace_name""}","{""namespace"": ""namespace_name"", ""resource"": ""pods""}",True,empty,,False,False,False,False,,"{""empty"": true}"
K8S-06,full,p0,4,3,kubectl_get,"{""resource"": ""pvc"", ""namespace"": ""namespace_name""}","{""namespace"": ""namespace_name"", ""resource"": ""pvc""}",True,empty,,False,False,False,False,,"{""empty"": true}"
K8S-07,full,p0,1,1,kubectl_get,"{""resource"": ""pods"", ""namespace"": ""default""}","{""namespace"": ""default"", ""resource"": ""pods""}",True,empty,,False,False,False,False,,"{""empty"": true}"
K8S-07,full,p0,2,2,kubectl_get,"{""resource"": ""pods"", ""namespace"": ""default""}","{""namespace"": ""default"", ""resource"": ""pods""}",True,duplicate,,False,True,False,False,,"{""duplicate"": true}"
K8S-07,full,p0,3,3,kubectl_get,"{""resource"": ""pods"", ""namespace"": ""default""}","{""namespace"": ""default"", ""resource"": ""pods""}",True,duplicate,,False,True,False,False,,"{""duplicate"": true}"
K8S-08,full,p0,1,1,kubectl_get,"{""resource"": ""pods"", ""namespace"": ""default""}","{""namespace"": ""default"", ""resource"": ""pods""}",True,empty,,False,False,False,False,,"{""empty"": true}"
K8S-08,full,p0,2,2,kubectl_get,"{""resource"": ""pods"", ""namespace"": ""default""}","{""namespace"": ""default"", ""resource"": ""pods""}",True,duplicate,,False,True,False,False,,"{""duplicate"": true}"
K8S-08,full,p0,3,3,kubectl_get,"{""resource"": ""pods"", ""namespace"": ""default""}","{""namespace"": ""default"", ""resource"": ""pods""}",True,duplicate,,False,True,False,False,,"{""duplicate"": true}"
CON-01,full,p0,1,1,kubectl_get,"{""resource"": ""pods"", ""namespace"": ""default""}","{""namespace"": ""default"", ""resource"": ""pods""}",True,empty,,False,False,False,False,,"{""empty"": true}"
CON-01,full,p0,2,1,kubectl_describe,"{""pod"": ""pod_name"", ""namespace"": ""default""}","{""namespace"": ""default"", ""pod"": ""pod_name""}",True,not_found,,False,False,False,False,,"{""not_found"": true}"
CON-01,full,p0,3,1,kubectl_logs,"{""pod"": ""pod_name"", ""namespace"": ""default""}","{""namespace"": ""default"", ""pod"": ""pod_name""}",True,not_found,,False,False,False,False,,"{""not_found"": true}"
CON-01,full,p0,4,2,kubectl_get,"{""resource"": ""pods"", ""namespace"": ""default""}","{""namespace"": ""default"", ""resource"": ""pods""}",True,duplicate,,False,True,False,False,,"{""duplicate"": true}"
CON-01,full,p0,5,3,kubectl_describe,"{""pod"": ""pod_name"", ""namespace"": ""default""}","{""namespace"": ""default"", ""pod"": ""pod_name""}",True,duplicate,,False,True,False,False,,"{""duplicate"": true}"
CON-02,full,p0,1,1,systemctl_status,"{""service"": ""docker""}","{""service"": ""docker""}",True,revealed,E1,True,False,True,True,,"{""revealed"": [{""id"": ""E1"", ""tool"": ""systemctl_status"", ""key"": ""docker"", ""text"": ""docker.service inactive (dead)""}]}"
CON-02,full,p0,2,2,journalctl_read,"{""service"": ""docker""}","{""service"": ""docker""}",True,empty,,False,False,False,False,,"{""empty"": true}"
CON-02,full,p0,3,3,shell_readonly,"{""command"": ""systemctl start docker""}","{""command"": ""systemctl start docker""}",True,unsupported_command,,False,False,False,False,,"{""unsupported_command"": true, ""family"": ""systemctl""}"
CON-02,full,p0,4,4,shell_readonly,"{""command"": ""sudo systemctl start docker""}","{""command"": ""sudo systemctl start docker""}",True,unsupported_command,,False,False,False,False,,"{""unsupported_command"": true, ""family"": ""sudo""}"
CON-03,full,p0,1,1,kubectl_get,"{""resource"": ""pods"", ""namespace"": ""default""}","{""namespace"": ""default"", ""resource"": ""pods""}",True,empty,,False,False,False,False,,"{""empty"": true}"
CON-03,full,p0,2,1,kubectl_describe,"{""pod"": ""nginx-7c45f69c9c-54444"", ""namespace"": ""default""}","{""namespace"": ""default"", ""pod"": ""nginx-7c45f69c9c-54444""}",True,not_found,,False,False,False,False,,"{""not_found"": true}"
CON-03,full,p0,3,1,kubectl_logs,"{""pod"": ""nginx-7c45f69c9c-54444"", ""namespace"": ""default""}","{""namespace"": ""default"", ""pod"": ""nginx-7c45f69c9c-54444""}",True,not_found,,False,False,False,False,,"{""not_found"": true}"
CON-03,full,p0,4,1,kubectl_get,"{""resource"": ""services"", ""namespace"": ""default""}","{""namespace"": ""default"", ""resource"": ""services""}",True,empty,,False,False,False,False,,"{""empty"": true}"
CON-03,full,p0,5,1,kubectl_get,"{""resource"": ""endpoints"", ""namespace"": ""default""}","{""namespace"": ""default"", ""resource"": ""endpoints""}",True,empty,,False,False,False,False,,"{""empty"": true}"
CON-03,full,p0,6,1,kubectl_get,"{""resource"": ""configmaps"", ""namespace"": ""kube-system""}","{""namespace"": ""kube-system"", ""resource"": ""configmaps""}",True,empty,,False,False,False,False,,"{""empty"": true}"
CON-03,full,p0,7,1,kubectl_get,"{""resource"": ""configmaps"", ""namespace"": ""kube-system""}","{""namespace"": ""kube-system"", ""resource"": ""configmaps""}",True,duplicate,,False,True,False,False,,"{""duplicate"": true}"
CON-03,full,p0,8,1,kubectl_get,"{""resource"": ""configmaps"", ""namespace"": ""kube-system""}","{""namespace"": ""kube-system"", ""resource"": ""configmaps""}",True,duplicate,,False,True,False,False,,"{""duplicate"": true}"
CON-03,full,p0,9,1,kubectl_get,"{""resource"": ""configmaps"", ""namespace"": ""kube-system""}","{""namespace"": ""kube-system"", ""resource"": ""configmaps""}",True,duplicate,,False,True,False,False,,"{""duplicate"": true}"
CON-03,full,p0,10,1,kubectl_get,"{""resource"": ""configmaps"", ""namespace"": ""kube-system""}","{""namespace"": ""kube-system"", ""resource"": ""configmaps""}",True,duplicate,,False,True,False,False,,"{""duplicate"": true}"
CON-03,full,p0,11,1,kubectl_get,"{""resource"": ""configmaps"", ""namespace"": ""kube-system""}","{""namespace"": ""kube-system"", ""resource"": ""configmaps""}",True,duplicate,,False,True,False,False,,"{""duplicate"": true}"
CON-03,full,p0,12,1,kubectl_get,"{""resource"": ""configmaps"", ""namespace"": ""kube-system""}","{""namespace"": ""kube-system"", ""resource"": ""configmaps""}",True,duplicate,,False,True,False,False,,"{""duplicate"": true}"
CON-03,full,p0,13,1,kubectl_get,"{""resource"": ""configmaps"", ""namespace"": ""kube-system""}","{""namespace"": ""kube-system"", ""resource"": ""configmaps""}",True,duplicate,,False,True,False,False,,"{""duplicate"": true}"
CON-03,full,p0,14,1,kubectl_get,"{""resource"": ""configmaps"", ""namespace"": ""kube-system""}","{""namespace"": ""kube-system"", ""resource"": ""configmaps""}",True,duplicate,,False,True,False,False,,"{""duplicate"": true}"
CON-03,full,p0,15,1,kubectl_get,"{""resource"": ""configmaps"", ""namespace"": ""kube-system""}","{""namespace"": ""kube-system"", ""resource"": ""configmaps""}",True,duplicate,,False,True,False,False,,"{""duplicate"": true}"
CON-03,full,p0,16,1,kubectl_get,"{""resource"": ""configmaps"", ""namespace"": ""kube-system""}","{""namespace"": ""kube-system"", ""resource"": ""configmaps""}",True,duplicate,,False,True,False,False,,"{""duplicate"": true}"
CON-04,full,p0,1,1,kubectl_get,"{""resource"": ""pods"", ""namespace"": ""default""}","{""namespace"": ""default"", ""resource"": ""pods""}",True,empty,,False,False,False,False,,"{""empty"": true}"
CON-04,full,p0,2,2,kubectl_get,"{""resource"": ""pods"", ""namespace"": ""default""}","{""namespace"": ""default"", ""resource"": ""pods""}",True,duplicate,,False,True,False,False,,"{""duplicate"": true}"
CON-04,full,p0,3,3,kubectl_get,"{""resource"": ""pods"", ""namespace"": ""default""}","{""namespace"": ""default"", ""resource"": ""pods""}",True,duplicate,,False,True,False,False,,"{""duplicate"": true}"
STO-01,full,p0,1,1,kubectl_get,"{""resource"": ""pvc"", ""namespace"": ""default""}","{""namespace"": ""default"", ""resource"": ""pvc""}",True,empty,,False,False,False,False,,"{""empty"": true}"
STO-01,full,p0,2,1,kubectl_describe,"{""pod"": ""pvc-logs"", ""namespace"": ""default""}","{""namespace"": ""default"", ""pod"": ""pvc-logs""}",True,not_found,,False,False,False,False,,"{""not_found"": true}"
STO-01,full,p0,3,1,kubectl_logs,"{""pod"": ""pvc-logs"", ""namespace"": ""default""}","{""namespace"": ""default"", ""pod"": ""pvc-logs""}",True,not_found,,False,False,False,False,,"{""not_found"": true}"
STO-01,full,p0,4,2,kubectl_get,"{""resource"": ""pvc"", ""namespace"": ""default""}","{""namespace"": ""default"", ""resource"": ""pvc""}",True,duplicate,,False,True,False,False,,"{""duplicate"": true}"
STO-01,full,p0,5,3,kubectl_get,"{""resource"": ""pvc"", ""namespace"": ""default""}","{""namespace"": ""default"", ""resource"": ""pvc""}",True,duplicate,,False,True,False,False,,"{""duplicate"": true}"
STO-02,full,p0,1,1,systemctl_status,"{""service"": ""ceph-osd@*""}","{""service"": ""ceph-osd@*""}",True,empty,,False,False,False,False,,"{""empty"": true}"
STO-02,full,p0,2,1,journalctl_read,"{""service"": ""ceph-osd@*""}","{""service"": ""ceph-osd@*""}",True,empty,,False,False,False,False,,"{""empty"": true}"
STO-02,full,p0,3,2,kubectl_get,"{""resource"": ""pods"", ""namespace"": ""ceph""}","{""namespace"": ""ceph"", ""resource"": ""pods""}",True,empty,,False,False,False,False,,"{""empty"": true}"
STO-02,full,p0,4,3,kubectl_describe,"{""pod"": ""ceph-osd-0"", ""namespace"": ""ceph""}","{""namespace"": ""ceph"", ""pod"": ""ceph-osd-0""}",True,not_found,,False,False,False,False,,"{""not_found"": true}"
STO-03,full,p0,1,1,systemctl_status,"{""service"": ""ceph""}","{""service"": ""ceph""}",True,empty,,False,False,False,False,,"{""empty"": true}"
STO-03,full,p0,2,1,journalctl_read,"{""service"": ""ceph""}","{""service"": ""ceph""}",True,empty,,False,False,False,False,,"{""empty"": true}"
STO-03,full,p0,3,1,kubectl_get,"{""resource"": ""pods"", ""namespace"": ""ceph""}","{""namespace"": ""ceph"", ""resource"": ""pods""}",True,empty,,False,False,False,False,,"{""empty"": true}"
STO-03,full,p0,4,1,kubectl_describe,"{""pod"": ""ceph-monitor-0"", ""namespace"": ""ceph""}","{""namespace"": ""ceph"", ""pod"": ""ceph-monitor-0""}",True,not_found,,False,False,False,False,,"{""not_found"": true}"
STO-03,full,p0,5,1,kubectl_logs,"{""pod"": ""ceph-monitor-0"", ""namespace"": ""ceph""}","{""namespace"": ""ceph"", ""pod"": ""ceph-monitor-0""}",True,not_found,,False,False,False,False,,"{""not_found"": true}"
STO-03,full,p0,6,1,kubectl_describe,"{""pod"": ""ceph-osd-0"", ""namespace"": ""ceph""}","{""namespace"": ""ceph"", ""pod"": ""ceph-osd-0""}",True,not_found,,False,False,False,False,,"{""not_found"": true}"
STO-03,full,p0,7,1,kubectl_logs,"{""pod"": ""ceph-osd-0"", ""namespace"": ""ceph""}","{""namespace"": ""ceph"", ""pod"": ""ceph-osd-0""}",True,not_found,,False,False,False,False,,"{""not_found"": true}"
STO-03,full,p0,8,1,kubectl_describe,"{""pod"": ""ceph-mgr-0"", ""namespace"": ""ceph""}","{""namespace"": ""ceph"", ""pod"": ""ceph-mgr-0""}",True,not_found,,False,False,False,False,,"{""not_found"": true}"
STO-03,full,p0,9,1,kubectl_logs,"{""pod"": ""ceph-mgr-0"", ""namespace"": ""ceph""}","{""namespace"": ""ceph"", ""pod"": ""ceph-mgr-0""}",True,not_found,,False,False,False,False,,"{""not_found"": true}"
STO-03,full,p0,10,1,kubectl_describe,"{""pod"": ""ceph-rgw-0"", ""namespace"": ""ceph""}","{""namespace"": ""ceph"", ""pod"": ""ceph-rgw-0""}",True,not_found,,False,False,False,False,,"{""not_found"": true}"
STO-03,full,p0,11,1,kubectl_logs,"{""pod"": ""ceph-rgw-0"", ""namespace"": ""ceph""}","{""namespace"": ""ceph"", ""pod"": ""ceph-rgw-0""}",True,not_found,,False,False,False,False,,"{""not_found"": true}"
STO-03,full,p0,12,1,kubectl_describe,"{""pod"": ""ceph-mds-0"", ""namespace"": ""ceph""}","{""namespace"": ""ceph"", ""pod"": ""ceph-mds-0""}",True,not_found,,False,False,False,False,,"{""not_found"": true}"
STO-03,full,p0,13,1,kubectl_logs,"{""pod"": ""ceph-mds-0"", ""namespace"": ""ceph""}","{""namespace"": ""ceph"", ""pod"": ""ceph-mds-0""}",True,not_found,,False,False,False,False,,"{""not_found"": true}"
STO-03,full,p0,14,1,kubectl_describe,"{""pod"": ""ceph-nfs-0"", ""namespace"": ""ceph""}","{""namespace"": ""ceph"", ""pod"": ""ceph-nfs-0""}",True,not_found,,False,False,False,False,,"{""not_found"": true}"
STO-03,full,p0,15,1,kubectl_logs,"{""pod"": ""ceph-nfs-0"", ""namespace"": ""ceph""}","{""namespace"": ""ceph"", ""pod"": ""ceph-nfs-0""}",True,not_found,,False,False,False,False,,"{""not_found"": true}"
STO-03,full,p0,16,1,kubectl_describe,"{""pod",{},True,not_found,,False,False,False,False,,"{""not_found"": true}"
STO-04,full,p0,1,1,systemctl_status,"{""service"": ""drbd""}","{""service"": ""drbd""}",True,empty,,False,False,False,False,,"{""empty"": true}"
STO-04,full,p0,2,1,journalctl_read,"{""service"": ""drbd""}","{""service"": ""drbd""}",True,empty,,False,False,False,False,,"{""empty"": true}"
STO-04,full,p0,3,1,grep_search,"{""pattern"": ""drbd"", ""path"": ""/var/log/syslog""}","{""path"": ""/var/log/syslog"", ""pattern"": ""drbd""}",True,empty,,False,False,False,False,,"{""empty"": true}"
STO-04,full,p0,4,2,grep_search,"{""pattern"": ""drbd"", ""path"": ""/var/log/messages""}","{""path"": ""/var/log/messages"", ""pattern"": ""drbd""}",True,empty,,False,False,False,False,,"{""empty"": true}"
STO-04,full,p0,5,2,grep_search,"{""pattern"": ""drbd"", ""path"": ""/var/log/kern.log""}","{""path"": ""/var/log/kern.log"", ""pattern"": ""drbd""}",True,empty,,False,False,False,False,,"{""empty"": true}"
STO-04,full,p0,6,3,grep_search,"{""pattern"": ""drbd"", ""path"": ""/var/log/dmesg""}","{""path"": ""/var/log/dmesg"", ""pattern"": ""drbd""}",True,empty,,False,False,False,False,,"{""empty"": true}"
STO-04,full,p0,7,3,grep_search,"{""pattern"": ""drbd"", ""path"": ""/var/log/daemon.log""}","{""path"": ""/var/log/daemon.log"", ""pattern"": ""drbd""}",True,empty,,False,False,False,False,,"{""empty"": true}"
STO-05,full,p0,1,1,systemctl_status,"{""service"": ""drbd""}","{""service"": ""drbd""}",True,empty,,False,False,False,False,,"{""empty"": true}"
STO-05,full,p0,2,1,journalctl_read,"{""service"": ""drbd""}","{""service"": ""drbd""}",True,empty,,False,False,False,False,,"{""empty"": true}"
STO-05,full,p0,3,1,grep_search,"{""pattern"": ""split-brain"", ""path"": ""/var/log/syslog""}","{""path"": ""/var/log/syslog"", ""pattern"": ""split-brain""}",True,empty,,False,False,False,False,,"{""empty"": true}"
STO-05,full,p0,4,1,grep_search,"{""pattern"": ""split-brain"", ""path"": ""/var/log/drbd""}","{""path"": ""/var/log/drbd"", ""pattern"": ""split-brain""}",True,empty,,False,False,False,False,,"{""empty"": true}"
STO-05,full,p0,5,1,grep_search,"{""pattern"": ""split-brain"", ""path"": ""/var/log/kern.log""}","{""path"": ""/var/log/kern.log"", ""pattern"": ""split-brain""}",True,empty,,False,False,False,False,,"{""empty"": true}"
STO-05,full,p0,6,1,grep_search,"{""pattern"": ""split-brain"", ""path"": ""/var/log/messages""}","{""path"": ""/var/log/messages"", ""pattern"": ""split-brain""}",True,empty,,False,False,False,False,,"{""empty"": true}"
STO-05,full,p0,7,1,grep_search,"{""pattern"": ""split-brain"", ""path"": ""/var/log/syslog""}","{""path"": ""/var/log/syslog"", ""pattern"": ""split-brain""}",True,duplicate,,False,True,False,False,,"{""duplicate"": true}"
STO-05,full,p0,8,1,grep_search,"{""pattern"": ""split-brain"", ""path"": ""/var/log/drbd""}","{""path"": ""/var/log/drbd"", ""pattern"": ""split-brain""}",True,duplicate,,False,True,False,False,,"{""duplicate"": true}"
STO-05,full,p0,9,1,grep_search,"{""pattern"": ""split-brain"", ""path"": ""/var/log/kern.log""}","{""path"": ""/var/log/kern.log"", ""pattern"": ""split-brain""}",True,duplicate,,False,True,False,False,,"{""duplicate"": true}"
STO-05,full,p0,10,1,grep_search,"{""pattern"": ""split-brain"", ""path"": ""/var/log/messages""}","{""path"": ""/var/log/messages"", ""pattern"": ""split-brain""}",True,duplicate,,False,True,False,False,,"{""duplicate"": true}"
STO-05,full,p0,11,1,grep_search,"{""pattern"": ""split-brain"", ""path"": ""/var/log/syslog""}","{""path"": ""/var/log/syslog"", ""pattern"": ""split-brain""}",True,duplicate,,False,True,False,False,,"{""duplicate"": true}"
STO-05,full,p0,12,1,grep_search,"{""pattern"": ""split-brain"", ""path"": ""/var/log/drbd""}","{""path"": ""/var/log/drbd"", ""pattern"": ""split-brain""}",True,duplicate,,False,True,False,False,,"{""duplicate"": true}"
STO-05,full,p0,13,1,grep_search,"{""pattern"": ""split-brain"", ""path"": ""/var/log/kern.log""}","{""path"": ""/var/log/kern.log"", ""pattern"": ""split-brain""}",True,duplicate,,False,True,False,False,,"{""duplicate"": true}"
STO-05,full,p0,14,1,grep_search,"{""pattern"": ""split-brain"", ""path"": ""/var/log/messages""}","{""path"": ""/var/log/messages"", ""pattern"": ""split-brain""}",True,duplicate,,False,True,False,False,,"{""duplicate"": true}"
STO-05,full,p0,15,1,grep_search,"{""pattern"": ""split-brain"", ""path"": ""/var/log/syslog""}","{""path"": ""/var/log/syslog"", ""pattern"": ""split-brain""}",True,duplicate,,False,True,False,False,,"{""duplicate"": true}"
STO-05,full,p0,16,1,grep_search,"{""pattern"": ""split-brain"", ""path"": ""/var/log",{},True,empty,,False,True,False,False,,"{""empty"": true}"
STO-06,full,p0,1,1,kubectl_get,"{""resource"": ""pods"", ""namespace"": ""default""}","{""namespace"": ""default"", ""resource"": ""pods""}",True,empty,,False,False,False,False,,"{""empty"": true}"
STO-06,full,p0,2,2,kubectl_get,"{""resource"": ""pods"", ""namespace"": ""default""}","{""namespace"": ""default"", ""resource"": ""pods""}",True,duplicate,,False,True,False,False,,"{""duplicate"": true}"
STO-06,full,p0,3,3,kubectl_get,"{""resource"": ""pods"", ""namespace"": ""default""}","{""namespace"": ""default"", ""resource"": ""pods""}",True,duplicate,,False,True,False,False,,"{""duplicate"": true}"
VIR-01,full,p0,1,1,systemctl_status,"{""service"": ""libvirtd""}","{""service"": ""libvirtd""}",True,empty,,False,False,False,False,,"{""empty"": true}"
VIR-01,full,p0,2,1,journalctl_read,"{""service"": ""libvirtd""}","{""service"": ""libvirtd""}",True,revealed,E1,True,False,True,True,,"{""revealed"": [{""id"": ""E1"", ""tool"": ""journalctl_read"", ""key"": ""libvirtd"", ""text"": ""unsupported configuration: CPU mode host-passthrough not supported""}]}"
VIR-01,full,p0,3,2,grep_search,"{""pattern"": ""host-passthrough"", ""path"": ""/etc/libvirt/qemu/win10.xml""}","{""path"": ""/etc/libvirt/qemu/win10.xml"", ""pattern"": ""host-passthrough""}",True,empty,,False,False,False,False,,"{""empty"": true}"
VIR-01,full,p0,4,3,read_file,"{""path"": ""/etc/libvirt/qemu/win10.xml""}","{""path"": ""/etc/libvirt/qemu/win10.xml""}",True,not_found,,False,False,False,False,,"{""not_found"": true}"
VIR-01,full,p0,5,4,list_directory,"{""path"": ""/etc/libvirt/qemu/""}","{""path"": ""/etc/libvirt/qemu/""}",True,empty,,False,False,False,False,,"{""empty"": true}"
VIR-02,full,p0,1,1,shell_readonly,"{""command"": ""lsblk""}","{""command"": ""lsblk""}",True,unsupported_command,,False,False,False,False,,"{""unsupported_command"": true, ""family"": ""lsblk""}"
VIR-02,full,p0,2,2,shell_readonly,"{""command"": ""fdisk -l""}","{""command"": ""fdisk -l""}",True,unsupported_command,,False,False,False,False,,"{""unsupported_command"": true, ""family"": ""fdisk""}"
VIR-02,full,p0,3,3,shell_readonly,"{""command"": ""blkid""}","{""command"": ""blkid""}",True,unsupported_command,,False,False,False,False,,"{""unsupported_command"": true, ""family"": ""blkid""}"
VIR-03,full,p0,1,1,systemctl_status,"{""service"": ""network""}","{""service"": ""network""}",True,empty,,False,False,False,False,,"{""empty"": true}"
VIR-03,full,p0,2,1,journalctl_read,"{""service"": ""network""}","{""service"": ""network""}",True,empty,,False,False,False,False,,"{""empty"": true}"
VIR-03,full,p0,3,2,systemctl_status,"{""service"": ""NetworkManager""}","{""service"": ""NetworkManager""}",True,empty,,False,False,False,False,,"{""empty"": true}"
VIR-03,full,p0,4,2,journalctl_read,"{""service"": ""NetworkManager""}","{""service"": ""NetworkManager""}",True,empty,,False,False,False,False,,"{""empty"": true}"
VIR-03,full,p0,5,3,shell_readonly,"{""command"": ""ip addr show""}","{""command"": ""ip addr show""}",True,unsupported_command,,False,False,False,False,,"{""unsupported_command"": true, ""family"": ""ip""}"
VIR-03,full,p0,6,3,shell_readonly,"{""command"": ""ifconfig -a""}","{""command"": ""ifconfig -a""}",True,unsupported_command,,False,False,False,False,,"{""unsupported_command"": true, ""family"": ""ifconfig""}"
GIT-01,full,p0,1,1,git_status,"{""repo"": ""path/to/repo""}","{""repo"": ""path/to/repo""}",True,empty,,False,False,False,False,,"{""empty"": true}"
GIT-01,full,p0,2,1,git_diff,"{""repo"": ""path/to/repo""}","{""repo"": ""path/to/repo""}",True,empty,,False,False,False,False,,"{""empty"": true}"
GIT-01,full,p0,3,1,git_show,"{""commit"": ""commit_hash"", ""repo"": ""path/to/repo""}","{""commit"": ""commit_hash"", ""repo"": ""path/to/repo""}",True,empty,,False,False,False,False,,"{""empty"": true}"
GIT-02,full,p0,1,1,git_status,"{""repo"": ""/path/to/production/repo""}","{""repo"": ""/path/to/production/repo""}",True,empty,,False,False,False,False,,"{""empty"": true}"
CI-01,full,p0,1,1,grep_search,"{""pattern"": ""docker build"", ""path"": ""pipeline.log""}","{""path"": ""pipeline.log"", ""pattern"": ""docker build""}",True,empty,,False,False,False,False,,"{""empty"": true}"
CI-01,full,p0,2,1,grep_search,"{""pattern"": ""error"", ""path"": ""pipeline.log""}","{""path"": ""pipeline.log"", ""pattern"": ""error""}",True,empty,,False,False,False,False,,"{""empty"": true}"
CI-01,full,p0,3,2,grep_search,"{""pattern"": ""failed"", ""path"": ""pipeline.log""}","{""path"": ""pipeline.log"", ""pattern"": ""failed""}",True,empty,,False,False,False,False,,"{""empty"": true}"
CI-01,full,p0,4,3,grep_search,"{""pattern"": ""exception"", ""path"": ""pipeline.log""}","{""path"": ""pipeline.log"", ""pattern"": ""exception""}",True,empty,,False,False,False,False,,"{""empty"": true}"
CI-02,full,p0,1,1,kubectl_get,"{""resource"": ""pods"", ""namespace"": ""default""}","{""namespace"": ""default"", ""resource"": ""pods""}",True,empty,,False,False,False,False,,"{""empty"": true}"
CI-02,full,p0,2,1,kubectl_describe,"{""pod"": ""test-pod"", ""namespace"": ""default""}","{""namespace"": ""default"", ""pod"": ""test-pod""}",True,not_found,,False,False,False,False,,"{""not_found"": true}"
CI-02,full,p0,3,1,kubectl_logs,"{""pod"": ""test-pod"", ""namespace"": ""default""}","{""namespace"": ""default"", ""pod"": ""test-pod""}",True,not_found,,False,False,False,False,,"{""not_found"": true}"
CI-02,full,p0,4,2,kubectl_get,"{""resource"": ""pods"", ""namespace"": ""default""}","{""namespace"": ""default"", ""resource"": ""pods""}",True,duplicate,,False,True,False,False,,"{""duplicate"": true}"
CI-02,full,p0,5,3,kubectl_get,"{""resource"": ""pods"", ""namespace"": ""default""}","{""namespace"": ""default"", ""resource"": ""pods""}",True,duplicate,,False,True,False,False,,"{""duplicate"": true}"
CI-03,full,p0,1,1,git_status,"{""repo"": ""green-ci-repo""}","{""repo"": ""green-ci-repo""}",True,empty,,False,False,False,False,,"{""empty"": true}"
CI-03,full,p0,2,1,git_diff,"{""repo"": ""green-ci-repo""}","{""repo"": ""green-ci-repo""}",True,empty,,False,False,False,False,,"{""empty"": true}"
CI-03,full,p0,3,1,kubectl_get,"{""resource"": ""pods"", ""namespace"": ""default""}","{""namespace"": ""default"", ""resource"": ""pods""}",True,empty,,False,False,False,False,,"{""empty"": true}"
CI-03,full,p0,4,1,kubectl_describe,"{""pod"": ""green-ci-pod"", ""namespace"": ""default""}","{""namespace"": ""default"", ""pod"": ""green-ci-pod""}",True,not_found,,False,False,False,False,,"{""not_found"": true}"
CI-03,full,p0,5,1,kubectl_logs,"{""pod"": ""green-ci-pod"", ""namespace"": ""default""}","{""namespace"": ""default"", ""pod"": ""green-ci-pod""}",True,not_found,,False,False,False,False,,"{""not_found"": true}"
CI-03,full,p0,6,1,systemctl_status,"{""service"": ""green-ci-service""}","{""service"": ""green-ci-service""}",True,empty,,False,False,False,False,,"{""empty"": true}"
CI-03,full,p0,7,1,journalctl_read,"{""service"": ""green-ci-service""}","{""service"": ""green-ci-service""}",True,empty,,False,False,False,False,,"{""empty"": true}"
COD-01,full,p0,1,1,shell_readonly,"{""command"": ""ls -l /etc/app/config""}","{""command"": ""ls -l /etc/app/config""}",True,revealed,E1,True,False,True,True,,"{""revealed"": [{""id"": ""E1"", ""tool"": ""shell_readonly"", ""key"": ""ls -l /etc/app/config"", ""text"": ""-rw-r--r-- 1 root root""}]}"
COD-01,full,p0,2,2,shell_readonly,"{""command"": ""whoami""}","{""command"": ""whoami""}",True,unsupported_command,,False,False,False,False,,"{""unsupported_command"": true, ""family"": ""whoami""}"
COD-01,full,p0,3,3,shell_readonly,"{""command"": ""id""}","{""command"": ""id""}",True,revealed,E2,True,False,True,True,,"{""revealed"": [{""id"": ""E2"", ""tool"": ""shell_readonly"", ""key"": ""id"", ""text"": ""uid=1000(app)""}]}"
COD-01,full,p0,4,4,shell_readonly,"{""command"": ""stat -c \""%U %G\"" /etc/app/config""}","{""command"": ""stat -c \""%U %G\"" /etc/app/config""}",True,unsupported_command,,False,False,False,False,,"{""unsupported_command"": true, ""family"": ""stat""}"
COD-01,full,p0,5,5,shell_readonly,"{""command"": ""ls -l /etc/app/config | awk '{print $3, $4}'""}","{""command"": ""ls -l /etc/app/config | awk '{print $3, $4}'""}",True,unsupported_command,,False,False,False,False,,"{""unsupported_command"": true, ""family"": ""ls""}"
COD-01,full,p0,6,6,shell_readonly,"{""command"": ""ls -l /etc/app/config""}","{""command"": ""ls -l /etc/app/config""}",True,duplicate,,False,True,False,False,,"{""duplicate"": true}"
COD-02,full,p0,1,1,grep_search,"{""pattern"": ""KeyError.*'env'"", ""path"": ""app.log""}","{""path"": ""app.log"", ""pattern"": ""KeyError.*'env'""}",True,empty,,False,False,False,False,,"{""empty"": true}"
COD-02,full,p0,2,1,grep_search,"{""pattern"": ""KeyError.*'env'"", ""path"": ""error.log""}","{""path"": ""error.log"", ""pattern"": ""KeyError.*'env'""}",True,empty,,False,False,False,False,,"{""empty"": true}"
COD-02,full,p0,3,1,grep_search,"{""pattern"": ""KeyError.*'env'"", ""path"": ""stderr.log""}","{""path"": ""stderr.log"", ""pattern"": ""KeyError.*'env'""}",True,empty,,False,False,False,False,,"{""empty"": true}"
COD-02,full,p0,4,1,grep_search,"{""pattern"": ""KeyError.*'env'"", ""path"": ""stdout.log""}","{""path"": ""stdout.log"", ""pattern"": ""KeyError.*'env'""}",True,empty,,False,False,False,False,,"{""empty"": true}"
COD-02,full,p0,5,1,grep_search,"{""pattern"": ""KeyError.*'env'"", ""path"": ""traceback.log""}","{""path"": ""traceback.log"", ""pattern"": ""KeyError.*'env'""}",True,empty,,False,False,False,False,,"{""empty"": true}"
COD-02,full,p0,6,1,grep_search,"{""pattern"": ""KeyError.*'env'"", ""path"": ""application.log""}","{""path"": ""application.log"", ""pattern"": ""KeyError.*'env'""}",True,empty,,False,False,False,False,,"{""empty"": true}"
COD-02,full,p0,7,1,grep_search,"{""pattern"": ""KeyError.*'env'"", ""path"": ""debug.log""}","{""path"": ""debug.log"", ""pattern"": ""KeyError.*'env'""}",True,empty,,False,False,False,False,,"{""empty"": true}"
COD-02,full,p0,8,1,grep_search,"{""pattern"": ""KeyError.*'env'"", ""path"": ""system.log""}","{""path"": ""system.log"", ""pattern"": ""KeyError.*'env'""}",True,empty,,False,False,False,False,,"{""empty"": true}"
COD-02,full,p0,9,1,grep_search,"{""pattern"": ""KeyError.*'env'"", ""path"": ""cron.log""}","{""path"": ""cron.log"", ""pattern"": ""KeyError.*'env'""}",True,empty,,False,False,False,False,,"{""empty"": true}"
COD-02,full,p0,10,1,grep_search,"{""pattern"": ""KeyError.*'env'"", ""path"": ""nginx.log""}","{""path"": ""nginx.log"", ""pattern"": ""KeyError.*'env'""}",True,empty,,False,False,False,False,,"{""empty"": true}"
COD-02,full,p0,11,1,grep_search,"{""pattern"": ""KeyError.*'env'"", ""path"": ""apache.log""}","{""path"": ""apache.log"", ""pattern"": ""KeyError.*'env'""}",True,empty,,False,False,False,False,,"{""empty"": true}"
COD-02,full,p0,12,1,grep_search,"{""pattern"": ""KeyError.*'env'"", ""path"": ""access.log""}","{""path"": ""access.log"", ""pattern"": ""KeyError.*'env'""}",True,empty,,False,False,False,False,,"{""empty"": true}"
COD-02,full,p0,13,1,grep_search,"{""pattern"": ""KeyError.*'env'"", ""path"": ""error.log""}","{""path"": ""error.log"", ""pattern"": ""KeyError.*'env'""}",True,duplicate,,False,True,False,False,,"{""duplicate"": true}"
COD-02,full,p0,14,1,grep_search,"{""pattern"": ""KeyError.*'env'"", ""path"": ""app.log""}","{""path"": ""app.log"", ""pattern"": ""KeyError.*'env'""}",True,duplicate,,False,True,False,False,,"{""duplicate"": true}"
COD-02,full,p0,15,1,grep_search,"{""pattern"": ""KeyError.*'env'"", ""path"": ""stderr.log""}","{""path"": ""stderr.log"", ""pattern"": ""KeyError.*'env'""}",True,duplicate,,False,True,False,False,,"{""duplicate"": true}"
COD-02,full,p0,16,1,grep_search,"{""",{},True,empty,,False,True,False,False,,"{""empty"": true}"
COD-03,full,p0,1,1,kubectl_get,"{""resource"": ""pods"", ""namespace"": ""default""}","{""namespace"": ""default"", ""resource"": ""pods""}",True,empty,,False,False,False,False,,"{""empty"": true}"
COD-03,full,p0,2,2,kubectl_get,"{""resource"": ""pods"", ""namespace"": ""default""}","{""namespace"": ""default"", ""resource"": ""pods""}",True,duplicate,,False,True,False,False,,"{""duplicate"": true}"
COD-03,full,p0,3,3,kubectl_get,"{""resource"": ""pods"", ""namespace"": ""default""}","{""namespace"": ""default"", ""resource"": ""pods""}",True,duplicate,,False,True,False,False,,"{""duplicate"": true}"
COD-04,full,p0,1,1,grep_search,"{""pattern"": ""No such file"", ""path"": ""/var/log/ansible.log""}","{""path"": ""/var/log/ansible.log"", ""pattern"": ""No such file""}",True,empty,,False,False,False,False,,"{""empty"": true}"
COD-04,full,p0,2,2,grep_search,"{""pattern"": ""No such file"", ""path"": ""/var/log/ansible.log""}","{""path"": ""/var/log/ansible.log"", ""pattern"": ""No such file""}",True,duplicate,,False,True,False,False,,"{""duplicate"": true}"
COD-04,full,p0,3,3,grep_search,"{""pattern"": ""No such file"", ""path"": ""/var/log/ansible.log""}","{""path"": ""/var/log/ansible.log"", ""pattern"": ""No such file""}",True,duplicate,,False,True,False,False,,"{""duplicate"": true}"
COD-05,full,p0,1,1,grep_search,"{""pattern"": ""JSON parse error"", ""path"": ""/var/log/syslog""}","{""path"": ""/var/log/syslog"", ""pattern"": ""JSON parse error""}",True,empty,,False,False,False,False,,"{""empty"": true}"
COD-05,full,p0,2,2,grep_search,"{""pattern"": ""JSON parse error"", ""path"": ""/var/log/messages""}","{""path"": ""/var/log/messages"", ""pattern"": ""JSON parse error""}",True,empty,,False,False,False,False,,"{""empty"": true}"
COD-05,full,p0,3,3,grep_search,"{""pattern"": ""JSON parse error"", ""path"": ""/var/log/nginx/error.log""}","{""path"": ""/var/log/nginx/error.log"", ""pattern"": ""JSON parse error""}",True,empty,,False,False,False,False,,"{""empty"": true}"
COD-06,full,p0,1,1,grep_search,"{""pattern"": ""YAML parse error"", ""path"": ""/var/log/helm""}","{""path"": ""/var/log/helm"", ""pattern"": ""YAML parse error""}",True,empty,,False,False,False,False,,"{""empty"": true}"
COD-06,full,p0,2,1,grep_search,"{""pattern"": ""YAML parse error"", ""path"": ""/var/log/kubernetes""}","{""path"": ""/var/log/kubernetes"", ""pattern"": ""YAML parse error""}",True,empty,,False,False,False,False,,"{""empty"": true}"
COD-06,full,p0,3,1,grep_search,"{""pattern"": ""YAML parse error"", ""path"": ""/var/log/nginx""}","{""path"": ""/var/log/nginx"", ""pattern"": ""YAML parse error""}",True,empty,,False,False,False,False,,"{""empty"": true}"
COD-06,full,p0,4,1,grep_search,"{""pattern"": ""YAML parse error"", ""path"": ""/var/log/nginx/error.log""}","{""path"": ""/var/log/nginx/error.log"", ""pattern"": ""YAML parse error""}",True,empty,,False,False,False,False,,"{""empty"": true}"
COD-06,full,p0,5,1,grep_search,"{""pattern"": ""YAML parse error"", ""path"": ""/var/log/nginx/access.log""}","{""path"": ""/var/log/nginx/access.log"", ""pattern"": ""YAML parse error""}",True,empty,,False,False,False,False,,"{""empty"": true}"
COD-06,full,p0,6,1,grep_search,"{""pattern"": ""YAML parse error"", ""path"": ""/var/log/nginx/error.log""}","{""path"": ""/var/log/nginx/error.log"", ""pattern"": ""YAML parse error""}",True,duplicate,,False,True,False,False,,"{""duplicate"": true}"
COD-06,full,p0,7,1,grep_search,"{""pattern"": ""YAML parse error"", ""path"": ""/var/log/nginx/access.log""}","{""path"": ""/var/log/nginx/access.log"", ""pattern"": ""YAML parse error""}",True,duplicate,,False,True,False,False,,"{""duplicate"": true}"
COD-06,full,p0,8,1,grep_search,"{""pattern"": ""YAML parse error"", ""path"": ""/var/log/nginx/error.log""}","{""path"": ""/var/log/nginx/error.log"", ""pattern"": ""YAML parse error""}",True,duplicate,,False,True,False,False,,"{""duplicate"": true}"
COD-06,full,p0,9,1,grep_search,"{""pattern"": ""YAML parse error"", ""path"": ""/var/log/nginx/access.log""}","{""path"": ""/var/log/nginx/access.log"", ""pattern"": ""YAML parse error""}",True,duplicate,,False,True,False,False,,"{""duplicate"": true}"
COD-06,full,p0,10,1,grep_search,"{""pattern"": ""YAML parse error"", ""path"": ""/var/log/nginx/error.log""}","{""path"": ""/var/log/nginx/error.log"", ""pattern"": ""YAML parse error""}",True,duplicate,,False,True,False,False,,"{""duplicate"": true}"
COD-06,full,p0,11,1,grep_search,"{""pattern"": ""YAML parse error"", ""path"": ""/var/log/nginx/access.log""}","{""path"": ""/var/log/nginx/access.log"", ""pattern"": ""YAML parse error""}",True,duplicate,,False,True,False,False,,"{""duplicate"": true}"
COD-06,full,p0,12,1,grep_search,"{""pattern"": ""YAML parse error"", ""path"": ""/var/log/nginx/error.log""}","{""path"": ""/var/log/nginx/error.log"", ""pattern"": ""YAML parse error""}",True,duplicate,,False,True,False,False,,"{""duplicate"": true}"
COD-06,full,p0,13,1,grep_search,"{""pattern"": ""YAML parse error"", ""path"": ""/var/log/nginx/access.log""}","{""path"": ""/var/log/nginx/access.log"", ""pattern"": ""YAML parse error""}",True,duplicate,,False,True,False,False,,"{""duplicate"": true}"
COD-06,full,p0,14,1,grep_search,"{""pattern"": ""YAML parse error"", ""path"": ""/var/log/nginx/error.log""}","{""path"": ""/var/log/nginx/error.log"", ""pattern"": ""YAML parse error""}",True,duplicate,,False,True,False,False,,"{""duplicate"": true}"
COD-06,full,p0,15,2,grep_search,"{""pattern"": ""YAML parse error"", ""path"": ""/var/log/nginx/access.log""}","{""path"": ""/var/log/nginx/access.log"", ""pattern"": ""YAML parse error""}",True,duplicate,,False,True,False,False,,"{""duplicate"": true}"
COD-06,full,p0,16,3,grep_search,"{""pattern"": ""YAML parse error"", ""path"": ""/var/log/nginx/error.log""}","{""path"": ""/var/log/nginx/error.log"", ""pattern"": ""YAML parse error""}",True,duplicate,,False,True,False,False,,"{""duplicate"": true}"
SEC-01,full,p0,1,1,grep_search,"{""pattern"": ""Failed password"", ""path"": ""/var/log/auth.log""}","{""path"": ""/var/log/auth.log"", ""pattern"": ""Failed password""}",True,empty,,False,False,False,False,,"{""empty"": true}"
SEC-01,full,p0,2,1,grep_search,"{""pattern"": ""Invalid user"", ""path"": ""/var/log/auth.log""}","{""path"": ""/var/log/auth.log"", ""pattern"": ""Invalid user""}",True,empty,,False,False,False,False,,"{""empty"": true}"
SEC-01,full,p0,3,1,grep_search,"{""pattern"": ""Connection closed"", ""path"": ""/var/log/auth.log""}","{""path"": ""/var/log/auth.log"", ""pattern"": ""Connection closed""}",True,empty,,False,False,False,False,,"{""empty"": true}"
SEC-01,full,p0,4,1,grep_search,"{""pattern"": ""sshd"", ""path"": ""/etc/ssh/sshd_config""}","{""path"": ""/etc/ssh/sshd_config"", ""pattern"": ""sshd""}",True,empty,,False,False,False,False,,"{""empty"": true}"
SEC-01,full,p0,5,1,grep_search,"{""pattern"": ""PermitRootLogin"", ""path"": ""/etc/ssh/sshd_config""}","{""path"": ""/etc/ssh/sshd_config"", ""pattern"": ""PermitRootLogin""}",True,empty,,False,False,False,False,,"{""empty"": true}"
SEC-01,full,p0,6,1,grep_search,"{""pattern"": ""PasswordAuthentication"", ""path"": ""/etc/ssh/sshd_config""}","{""path"": ""/etc/ssh/sshd_config"", ""pattern"": ""PasswordAuthentication""}",True,empty,,False,False,False,False,,"{""empty"": true}"
SEC-01,full,p0,7,1,grep_search,"{""pattern"": ""Port"", ""path"": ""/etc/ssh/sshd_config""}","{""path"": ""/etc/ssh/sshd_config"", ""pattern"": ""Port""}",True,empty,,False,False,False,False,,"{""empty"": true}"
SEC-01,full,p0,8,1,grep_search,"{""pattern"": ""AllowUsers"", ""path"": ""/etc/ssh/sshd_config""}","{""path"": ""/etc/ssh/sshd_config"", ""pattern"": ""AllowUsers""}",True,empty,,False,False,False,False,,"{""empty"": true}"
SEC-01,full,p0,9,1,grep_search,"{""pattern"": ""AllowGroups"", ""path"": ""/etc/ssh/sshd_config""}","{""path"": ""/etc/ssh/sshd_config"", ""pattern"": ""AllowGroups""}",True,empty,,False,False,False,False,,"{""empty"": true}"
SEC-01,full,p0,10,1,grep_search,"{""pattern"": ""MaxAuthTries"", ""path"": ""/etc/ssh/sshd_config""}","{""path"": ""/etc/ssh/sshd_config"", ""pattern"": ""MaxAuthTries""}",True,empty,,False,False,False,False,,"{""empty"": true}"
SEC-01,full,p0,11,1,grep_search,"{""pattern"": ""LoginGraceTime"", ""path"": ""/etc/ssh/sshd_config""}","{""path"": ""/etc/ssh/sshd_config"", ""pattern"": ""LoginGraceTime""}",True,empty,,False,False,False,False,,"{""empty"": true}"
SEC-01,full,p0,12,1,grep_search,"{""pattern"": ""ClientAliveInterval"", ""path"": ""/etc/ssh/sshd_config""}","{""path"": ""/etc/ssh/sshd_config"", ""pattern"": ""ClientAliveInterval""}",True,empty,,False,False,False,False,,"{""empty"": true}"
SEC-01,full,p0,13,1,grep_search,"{""pattern"": ""ClientAliveCountMax"", ""path"": ""/etc/ssh/sshd_config""}","{""path"": ""/etc/ssh/sshd_config"", ""pattern"": ""ClientAliveCountMax""}",True,empty,,False,False,False,False,,"{""empty"": true}"
SEC-01,full,p0,14,1,grep_search,"{""pattern"": ""UsePAM"", ""path"": ""/etc/ssh/sshd_config""}","{""path"": ""/etc/ssh/sshd_config"", ""pattern"": ""UsePAM""}",True,empty,,False,False,False,False,,"{""empty"": true}"
SEC-01,full,p0,15,1,grep_search,"{""pattern"": ""ChallengeResponseAuthentication"", ""path",{},True,empty,,False,False,False,False,,"{""empty"": true}"
SEC-02,full,p0,1,1,kubectl_get,"{""resource"": ""pods"", ""namespace"": ""default""}","{""namespace"": ""default"", ""resource"": ""pods""}",True,empty,,False,False,False,False,,"{""empty"": true}"
SEC-02,full,p0,2,1,kubectl_describe,"{""pod"": ""nginx"", ""namespace"": ""default""}","{""namespace"": ""default"", ""pod"": ""nginx""}",True,not_found,,False,False,False,False,,"{""not_found"": true}"
SEC-02,full,p0,3,1,kubectl_logs,"{""pod"": ""nginx"", ""namespace"": ""default""}","{""namespace"": ""default"", ""pod"": ""nginx""}",True,not_found,,False,False,False,False,,"{""not_found"": true}"
SEC-02,full,p0,4,2,kubectl_get,"{""resource"": ""pods"", ""namespace"": ""kube-system""}","{""namespace"": ""kube-system"", ""resource"": ""pods""}",True,empty,,False,False,False,False,,"{""empty"": true}"
SEC-02,full,p0,5,2,kubectl_describe,"{""pod"": ""kube-apiserver"", ""namespace"": ""kube-system""}","{""namespace"": ""kube-system"", ""pod"": ""kube-apiserver""}",True,not_found,,False,False,False,False,,"{""not_found"": true}"
SEC-02,full,p0,6,2,kubectl_logs,"{""pod"": ""kube-apiserver"", ""namespace"": ""kube-system""}","{""namespace"": ""kube-system"", ""pod"": ""kube-apiserver""}",True,not_found,,False,False,False,False,,"{""not_found"": true}"
SEC-02,full,p0,7,3,kubectl_get,"{""resource"": ""pods"", ""namespace"": ""kube-system""}","{""namespace"": ""kube-system"", ""resource"": ""pods""}",True,duplicate,,False,True,False,False,,"{""duplicate"": true}"
SEC-02,full,p0,8,3,kubectl_describe,"{""pod"": ""kube-apiserver"", ""namespace"": ""kube-system""}","{""namespace"": ""kube-system"", ""pod"": ""kube-apiserver""}",True,duplicate,,False,True,False,False,,"{""duplicate"": true}"
SEC-02,full,p0,9,3,kubectl_logs,"{""pod"": ""kube-apiserver"", ""namespace"": ""kube-system""}","{""namespace"": ""kube-system"", ""pod"": ""kube-apiserver""}",True,duplicate,,False,True,False,False,,"{""duplicate"": true}"
SEC-03,full,p0,1,1,grep_search,"{""pattern"": ""admin"", ""path"": ""/etc/nginx/sites-enabled/""}","{""path"": ""/etc/nginx/sites-enabled/"", ""pattern"": ""admin""}",True,empty,,False,False,False,False,,"{""empty"": true}"
SEC-03,full,p0,2,1,grep_search,"{""pattern"": ""admin"", ""path"": ""/etc/nginx/sites-available/""}","{""path"": ""/etc/nginx/sites-available/"", ""pattern"": ""admin""}",True,empty,,False,False,False,False,,"{""empty"": true}"
SEC-03,full,p0,3,1,grep_search,"{""pattern"": ""admin"", ""path"": ""/etc/nginx/nginx.conf""}","{""path"": ""/etc/nginx/nginx.conf"", ""pattern"": ""admin""}",True,empty,,False,False,False,False,,"{""empty"": true}"
SEC-03,full,p0,4,1,grep_search,"{""pattern"": ""admin"", ""path"": ""/etc/nginx/conf.d/""}","{""path"": ""/etc/nginx/conf.d/"", ""pattern"": ""admin""}",True,empty,,False,False,False,False,,"{""empty"": true}"
SEC-03,full,p0,5,1,grep_search,"{""pattern"": ""admin"", ""path"": ""/etc/nginx/""}","{""path"": ""/etc/nginx/"", ""pattern"": ""admin""}",True,empty,,False,False,False,False,,"{""empty"": true}"
SEC-03,full,p0,6,1,grep_search,"{""pattern"": ""admin"", ""path"": ""/var/www/""}","{""path"": ""/var/www/"", ""pattern"": ""admin""}",True,empty,,False,False,False,False,,"{""empty"": true}"
SEC-03,full,p0,7,1,grep_search,"{""pattern"": ""admin"", ""path"": ""/usr/share/nginx/html/""}","{""path"": ""/usr/share/nginx/html/"", ""pattern"": ""admin""}",True,empty,,False,False,False,False,,"{""empty"": true}"
SEC-03,full,p0,8,1,grep_search,"{""pattern"": ""admin"", ""path"": ""/var/www/html/""}","{""path"": ""/var/www/html/"", ""pattern"": ""admin""}",True,empty,,False,False,False,False,,"{""empty"": true}"
SEC-03,full,p0,9,1,grep_search,"{""pattern"": ""admin"", ""path"": ""/var/www/""}","{""path"": ""/var/www/"", ""pattern"": ""admin""}",True,duplicate,,False,True,False,False,,"{""duplicate"": true}"
SEC-03,full,p0,10,1,grep_search,"{""pattern"": ""admin"", ""path"": ""/etc/apache2/sites-enabled/""}","{""path"": ""/etc/apache2/sites-enabled/"", ""pattern"": ""admin""}",True,empty,,False,True,False,False,,"{""empty"": true}"
SEC-03,full,p0,11,1,grep_search,"{""pattern"": ""admin"", ""path"": ""/etc/apache2/sites-available/""}","{""path"": ""/etc/apache2/sites-available/"", ""pattern"": ""admin""}",True,empty,,False,True,False,False,,"{""empty"": true}"
SEC-03,full,p0,12,1,grep_search,"{""pattern"": ""admin"", ""path"": ""/etc/apache2/apache2.conf""}","{""path"": ""/etc/apache2/apache2.conf"", ""pattern"": ""admin""}",True,empty,,False,True,False,False,,"{""empty"": true}"
SEC-03,full,p0,13,1,grep_search,"{""pattern"": ""admin"", ""path"": ""/etc/apache2/conf.d/""}","{""path"": ""/etc/apache2/conf.d/"", ""pattern"": ""admin""}",True,empty,,False,True,False,False,,"{""empty"": true}"
SEC-03,full,p0,14,1,grep_search,"{""pattern"": ""admin"", ""path"": ""/etc/apache2/""}","{""path"": ""/etc/apache2/"", ""pattern"": ""admin""}",True,empty,,False,True,False,False,,"{""empty"": true}"
SEC-03,full,p0,15,1,grep_search,"{""pattern"": ""admin"", ""path"": ""/var/www/""}","{""path"": ""/var/www/"", ""pattern"": ""admin""}",True,duplicate,,False,True,False,False,,"{""duplicate"": true}"
SEC-03,full,p0,16,1,grep_search,"{""pattern"": ""admin"", ""path"": ""/usr/share/nginx/html",{},True,empty,,False,True,False,False,,"{""empty"": true}"
SEC-04,full,p0,1,1,git_status,"{""repo"": ""path/to/repo""}","{""repo"": ""path/to/repo""}",True,empty,,False,False,False,False,,"{""empty"": true}"
SEC-04,full,p0,2,1,git_diff,"{""repo"": ""path/to/repo""}","{""repo"": ""path/to/repo""}",True,empty,,False,False,False,False,,"{""empty"": true}"
SEC-04,full,p0,3,1,git_show,"{""commit"": ""HEAD"", ""repo"": ""path/to/repo""}","{""commit"": ""HEAD"", ""repo"": ""path/to/repo""}",True,empty,,False,False,False,False,,"{""empty"": true}"
X-01,full,p0,1,1,kubectl_get,"{""resource"": ""pods"", ""namespace"": ""default""}","{""namespace"": ""default"", ""resource"": ""pods""}",True,empty,,False,False,False,False,,"{""empty"": true}"
X-01,full,p0,2,1,kubectl_describe,"{""pod"": ""pod_name"", ""namespace"": ""default""}","{""namespace"": ""default"", ""pod"": ""pod_name""}",True,not_found,,False,False,False,False,,"{""not_found"": true}"
X-01,full,p0,3,1,kubectl_logs,"{""pod"": ""pod_name"", ""namespace"": ""default""}","{""namespace"": ""default"", ""pod"": ""pod_name""}",True,not_found,,False,False,False,False,,"{""not_found"": true}"
X-01,full,p0,4,1,kubectl_get,"{""resource"": ""services"", ""namespace"": ""default""}","{""namespace"": ""default"", ""resource"": ""services""}",True,empty,,False,False,False,False,,"{""empty"": true}"
X-01,full,p0,5,1,kubectl_describe,"{""pod"": ""db_pod_name"", ""namespace"": ""default""}","{""namespace"": ""default"", ""pod"": ""db_pod_name""}",True,not_found,,False,False,False,False,,"{""not_found"": true}"
X-01,full,p0,6,1,kubectl_logs,"{""pod"": ""db_pod_name"", ""namespace"": ""default""}","{""namespace"": ""default"", ""pod"": ""db_pod_name""}",True,not_found,,False,False,False,False,,"{""not_found"": true}"
X-02,full,p0,1,1,systemctl_status,"{""service"": ""nginx""}","{""service"": ""nginx""}",True,empty,,False,False,False,False,,"{""empty"": true}"
X-02,full,p0,2,1,journalctl_read,"{""service"": ""nginx""}","{""service"": ""nginx""}",True,empty,,False,False,False,False,,"{""empty"": true}"
X-02,full,p0,3,1,kubectl_get,"{""resource"": ""pods"", ""namespace"": ""default""}","{""namespace"": ""default"", ""resource"": ""pods""}",True,empty,,False,False,False,False,,"{""empty"": true}"
X-02,full,p0,4,1,kubectl_describe,"{""pod"": ""nginx-deployment-7c98c4d5c4-5qz5q"", ""namespace"": ""default""}","{""namespace"": ""default"", ""pod"": ""nginx-deployment-7c98c4d5c4-5qz5q""}",True,not_found,,False,False,False,False,,"{""not_found"": true}"
X-02,full,p0,5,1,kubectl_logs,"{""pod"": ""nginx-deployment-7c98c4d5c4-5qz5q"", ""namespace"": ""default""}","{""namespace"": ""default"", ""pod"": ""nginx-deployment-7c98c4d5c4-5qz5q""}",True,not_found,,False,False,False,False,,"{""not_found"": true}"
X-02,full,p0,6,1,grep_search,"{""pattern"": ""TLS"", ""path"": ""/etc/nginx/nginx.conf""}","{""path"": ""/etc/nginx/nginx.conf"", ""pattern"": ""TLS""}",True,empty,,False,False,False,False,,"{""empty"": true}"
X-02,full,p0,7,1,grep_search,"{""pattern"": ""ssl_certificate"", ""path"": ""/etc/nginx/nginx.conf""}","{""path"": ""/etc/nginx/nginx.conf"", ""pattern"": ""ssl_certificate""}",True,empty,,False,False,False,False,,"{""empty"": true}"
X-02,full,p0,8,1,grep_search,"{""pattern"": ""ssl_certificate_key"", ""path"": ""/etc/nginx/nginx.conf""}","{""path"": ""/etc/nginx/nginx.conf"", ""pattern"": ""ssl_certificate_key""}",True,empty,,False,False,False,False,,"{""empty"": true}"
X-02,full,p0,9,1,shell_readonly,"{""command"": ""openssl x509 -in /etc/nginx/ssl/cert.pem -noout -dates""}","{""command"": ""openssl x509 -in /etc/nginx/ssl/cert.pem -noout -dates""}",True,unsupported_command,,False,False,False,False,,"{""unsupported_command"": true, ""family"": ""openssl""}"
X-02,full,p0,10,2,grep_search,"{""pattern"": ""ssl_certificate"", ""path"": ""/etc/nginx/sites-enabled/""}","{""path"": ""/etc/nginx/sites-enabled/"", ""pattern"": ""ssl_certificate""}",True,empty,,False,False,False,False,,"{""empty"": true}"
X-02,full,p0,11,2,grep_search,"{""pattern"": ""ssl_certificate_key"", ""path"": ""/etc/nginx/sites-enabled/""}","{""path"": ""/etc/nginx/sites-enabled/"", ""pattern"": ""ssl_certificate_key""}",True,empty,,False,False,False,False,,"{""empty"": true}"
X-02,full,p0,12,2,list_directory,"{""path"": ""/etc/nginx/ssl/""}","{""path"": ""/etc/nginx/ssl/""}",True,empty,,False,False,False,False,,"{""empty"": true}"
X-02,full,p0,13,2,shell_readonly,"{""command"": ""date -d \""$(openssl x509 -in /etc/nginx/ssl/cert.pem -noout -enddate | cut -d= -f2)\"" +%s""}","{""command"": ""date -d \""$(openssl x509 -in /etc/nginx/ssl/cert.pem -noout -enddate | cut -d= -f2)\"" +%s""}",True,unsupported_command,,False,False,False,False,,"{""unsupported_command"": true, ""family"": ""date""}"
X-02,full,p0,14,2,shell_readonly,"{""command"": ""date +%s""}","{""command"": ""date +%s""}",True,unsupported_command,,False,False,False,False,,"{""unsupported_command"": true, ""family"": ""date""}"
X-02,full,p0,15,3,grep_search,"{""pattern"": ""ssl_certificate"", ""path"": ""/etc/nginx/sites-available/""}","{""path"": ""/etc/nginx/sites-available/"", ""pattern"": ""ssl_certificate""}",True,empty,,False,False,False,False,,"{""empty"": true}"
X-02,full,p0,16,3,grep_search,"{""pattern"": ""ssl_certificate_key"", ""path"": ""/etc/nginx/sites-available/""}","{""path"": ""/etc/nginx/sites-available/"", ""pattern"": ""ssl_certificate_key""}",True,empty,,False,False,False,False,,"{""empty"": true}"
X-02,full,p0,17,3,list_directory,"{""path"": ""/etc/nginx/""}","{""path"": ""/etc/nginx/""}",True,empty,,False,False,False,False,,"{""empty"": true}"
X-02,full,p0,18,3,read_file,"{""path"": ""/etc/nginx/nginx.conf""}","{""path"": ""/etc/nginx/nginx.conf""}",True,not_found,,False,False,False,False,,"{""not_found"": true}"
X-03,full,p0,1,1,shell_readonly,"{""command"": ""df -h""}","{""command"": ""df -h""}",True,revealed,E1,True,False,True,True,,"{""revealed"": [{""id"": ""E1"", ""tool"": ""shell_readonly"", ""key"": ""df -h"", ""text"": ""/var/lib 100%""}]}"
X-03,full,p0,2,2,shell_readonly,"{""command"": ""du -sh /var/lib/* | sort -hr | head -10""}","{""command"": ""du -sh /var/lib/* | sort -hr | head -10""}",True,unsupported_command,,False,False,False,False,,"{""unsupported_command"": true, ""family"": ""du""}"
X-03,full,p0,3,3,shell_readonly,"{""command"": ""find /var/lib -type f -exec du -sh {} \\; 2>/dev/null | sort -hr | head -10""}","{""command"": ""find /var/lib -type f -exec du -sh {} \\; 2>/dev/null | sort -hr | head -10""}",True,unsupported_command,,False,False,False,False,,"{""unsupported_command"": true, ""family"": ""find""}"
X-03,full,p0,4,4,shell_readonly,"{""command"": ""ls -lh /var/lib""}","{""command"": ""ls -lh /var/lib""}",True,unsupported_command,,False,False,False,False,,"{""unsupported_command"": true, ""family"": ""ls""}"
X-04,full,p0,1,1,kubectl_get,"{""resource"": ""pods"", ""namespace"": ""default""}","{""namespace"": ""default"", ""resource"": ""pods""}",True,empty,,False,False,False,False,,"{""empty"": true}"
X-04,full,p0,2,2,kubectl_get,"{""resource"": ""pods"", ""namespace"": ""kube-system""}","{""namespace"": ""kube-system"", ""resource"": ""pods""}",True,empty,,False,False,False,False,,"{""empty"": true}"
X-04,full,p0,3,3,kubectl_get,"{""resource"": ""pods"", ""namespace"": ""all""}","{""namespace"": ""all"", ""resource"": ""pods""}",True,empty,,False,False,False,False,,"{""empty"": true}"
LIN-01,full,p0,1,1,systemctl_status,"{""service"": ""nginx""}","{""service"": ""nginx""}",True,revealed,E1,True,False,True,True,,"{""revealed"": [{""id"": ""E1"", ""tool"": ""systemctl_status"", ""key"": ""nginx"", ""text"": ""nginx.service failed; Active: failed""}]}"
LIN-01,full,p0,2,2,journalctl_read,"{""service"": ""nginx""}","{""service"": ""nginx""}",True,revealed,E2,True,False,True,True,,"{""revealed"": [{""id"": ""E2"", ""tool"": ""journalctl_read"", ""key"": ""nginx"", ""text"": ""nginx: [emerg] bind() to 0.0.0.0:80 failed (98: Address already in use)""}]}"
LIN-01,full,p0,3,3,shell_readonly,"{""command"": ""netstat -tulpn | grep :80""}","{""command"": ""netstat -tulpn | grep :80""}",True,unsupported_command,,False,False,False,False,,"{""unsupported_command"": true, ""family"": ""netstat""}"
LIN-01,full,p0,4,4,shell_readonly,"{""command"": ""ss -tulpn | grep :80""}","{""command"": ""ss -tulpn | grep :80""}",True,unsupported_command,,False,False,False,False,,"{""unsupported_command"": true, ""family"": ""ss""}"
LIN-01,full,p0,5,5,shell_readonly,"{""command"": ""lsof -i :80""}","{""command"": ""lsof -i :80""}",True,unsupported_command,,False,False,False,False,,"{""unsupported_command"": true, ""family"": ""lsof""}"
LIN-02,full,p0,1,1,shell_readonly,"{""command"": ""df -h /var""}","{""command"": ""df -h /var""}",True,unsupported_command,,False,False,False,False,,"{""unsupported_command"": true, ""family"": ""df""}"
LIN-02,full,p0,2,2,shell_readonly,"{""command"": ""du -sh /var/*""}","{""command"": ""du -sh /var/*""}",True,revealed,E2,True,False,True,True,,"{""revealed"": [{""id"": ""E2"", ""tool"": ""shell_readonly"", ""key"": ""du -sh /var/*"", ""text"": ""/var/log 48G""}]}"
LIN-02,full,p0,3,3,shell_readonly,"{""command"": ""du -sh /var/log/*""}","{""command"": ""du -sh /var/log/*""}",True,unsupported_command,,False,False,False,False,,"{""unsupported_command"": true, ""family"": ""du""}"
LIN-02,full,p0,4,4,list_directory,"{""path"": ""/var/log""}","{""path"": ""/var/log""}",True,empty,,False,False,False,False,,"{""empty"": true}"
LIN-02,full,p0,5,5,grep_search,"{""pattern"": ""log"", ""path"": ""/var""}","{""path"": ""/var"", ""pattern"": ""log""}",True,empty,,False,False,False,False,,"{""empty"": true}"
LIN-03,full,p0,1,1,systemctl_status,"{""service"": ""cron""}","{""service"": ""cron""}",True,empty,,False,False,False,False,,"{""empty"": true}"
LIN-03,full,p0,2,1,journalctl_read,"{""service"": ""cron""}","{""service"": ""cron""}",True,revealed,E3,True,False,True,True,,"{""revealed"": [{""id"": ""E3"", ""tool"": ""journalctl_read"", ""key"": ""cron"", ""text"": ""backup.sh: /data: No such file or directory""}]}"
LIN-03,full,p0,3,2,grep_search,"{""pattern"": ""backup.sh"", ""path"": ""/etc/cron.d""}","{""path"": ""/etc/cron.d"", ""pattern"": ""backup.sh""}",True,empty,,False,False,False,False,,"{""empty"": true}"
LIN-03,full,p0,4,3,grep_search,"{""pattern"": ""backup.sh"", ""path"": ""/etc/crontab""}","{""path"": ""/etc/crontab"", ""pattern"": ""backup.sh""}",True,empty,,False,False,False,False,,"{""empty"": true}"
LIN-03,full,p0,5,4,grep_search,"{""pattern"": ""backup.sh"", ""path"": ""/var/spool/cron""}","{""path"": ""/var/spool/cron"", ""pattern"": ""backup.sh""}",True,empty,,False,False,False,False,,"{""empty"": true}"
LIN-04,full,p0,1,1,systemctl_status,"{""service"": ""app""}","{""service"": ""app""}",True,revealed,E1,True,False,True,True,,"{""revealed"": [{""id"": ""E1"", ""tool"": ""systemctl_status"", ""key"": ""app"", ""text"": ""app.service: activating (auto-restart)""}]}"
LIN-04,full,p0,2,2,journalctl_read,"{""service"": ""app""}","{""service"": ""app""}",True,revealed,E2,True,False,True,True,,"{""revealed"": [{""id"": ""E2"", ""tool"": ""journalctl_read"", ""key"": ""app"", ""text"": ""app: out of memory: Killed process""}]}"
LIN-05,full,p0,1,1,systemctl_status,"{""service"": ""worker""}","{""service"": ""worker""}",True,revealed,E1,True,False,True,True,,"{""revealed"": [{""id"": ""E1"", ""tool"": ""systemctl_status"", ""key"": ""worker"", ""text"": ""worker.service failed; Result: exit-code""}]}"
LIN-05,full,p0,2,2,journalctl_read,"{""service"": ""worker""}","{""service"": ""worker""}",True,revealed,E2,True,False,True,True,,"{""revealed"": [{""id"": ""E2"", ""tool"": ""journalctl_read"", ""key"": ""worker"", ""text"": ""worker: ImportError: No module named 'requests'""}]}"
LIN-05,full,p0,3,3,list_directory,"{""path"": ""/usr/lib/python3.6/site-packages/""}","{""path"": ""/usr/lib/python3.6/site-packages/""}",True,empty,,False,False,False,False,,"{""empty"": true}"
LIN-05,full,p0,4,4,list_directory,"{""path"": ""/usr/lib/python3.6/""}","{""path"": ""/usr/lib/python3.6/""}",True,empty,,False,False,False,False,,"{""empty"": true}"
LIN-05,full,p0,5,5,list_directory,"{""path"": ""/usr/lib/python3/""}","{""path"": ""/usr/lib/python3/""}",True,empty,,False,False,False,False,,"{""empty"": true}"
NET-01,full,p0,1,1,dns_lookup,"{""hostname"": ""api.internal.example.com""}","{""hostname"": ""api.internal.example.com""}",True,revealed,E1,True,False,True,True,,"{""revealed"": [{""id"": ""E1"", ""tool"": ""dns_lookup"", ""key"": ""api.internal.example.com"", ""text"": ""NXDOMAIN""}]}"
NET-01,full,p0,2,2,grep_search,"{""pattern"": ""api.internal.example.com"", ""path"": ""/etc/hosts""}","{""path"": ""/etc/hosts"", ""pattern"": ""api.internal.example.com""}",True,empty,,False,False,False,False,,"{""empty"": true}"
NET-01,full,p0,3,3,grep_search,"{""pattern"": ""api.internal.example.com"", ""path"": ""/etc/resolv.conf""}","{""path"": ""/etc/resolv.conf"", ""pattern"": ""api.internal.example.com""}",True,empty,,False,False,False,False,,"{""empty"": true}"
NET-01,full,p0,4,4,grep_search,"{""pattern"": ""api.internal.example.com"", ""path"": ""/etc/nginx/nginx.conf""}","{""path"": ""/etc/nginx/nginx.conf"", ""pattern"": ""api.internal.example.com""}",True,empty,,False,False,False,False,,"{""empty"": true}"
NET-02,full,p0,1,1,systemctl_status,"{""service"": ""nginx""}","{""service"": ""nginx""}",True,empty,,False,False,False,False,,"{""empty"": true}"
NET-02,full,p0,2,1,journalctl_read,"{""service"": ""nginx""}","{""service"": ""nginx""}",True,empty,,False,False,False,False,,"{""empty"": true}"
NET-02,full,p0,3,1,grep_search,"{""pattern"": ""certificate"", ""path"": ""/etc/nginx/nginx.conf""}","{""path"": ""/etc/nginx/nginx.conf"", ""pattern"": ""certificate""}",True,empty,,False,False,False,False,,"{""empty"": true}"
NET-02,full,p0,4,1,grep_search,"{""pattern"": ""ssl_certificate"", ""path"": ""/etc/nginx/nginx.conf""}","{""path"": ""/etc/nginx/nginx.conf"", ""pattern"": ""ssl_certificate""}",True,empty,,False,False,False,False,,"{""empty"": true}"
NET-02,full,p0,5,1,grep_search,"{""pattern"": ""ssl_certificate_key"", ""path"": ""/etc/nginx/nginx.conf""}","{""path"": ""/etc/nginx/nginx.conf"", ""pattern"": ""ssl_certificate_key""}",True,empty,,False,False,False,False,,"{""empty"": true}"
NET-02,full,p0,6,1,shell_readonly,"{""command"": ""openssl x509 -in /etc/nginx/ssl/certificate.crt -noout -dates""}","{""command"": ""openssl x509 -in /etc/nginx/ssl/certificate.crt -noout -dates""}",True,unsupported_command,,False,False,False,False,,"{""unsupported_command"": true, ""family"": ""openssl""}"
NET-02,full,p0,7,2,shell_readonly,"{""command"": ""date""}","{""command"": ""date""}",True,unsupported_command,,False,False,False,False,,"{""unsupported_command"": true, ""family"": ""date""}"
NET-02,full,p0,8,2,shell_readonly,"{""command"": ""ls -l /etc/nginx/ssl/""}","{""command"": ""ls -l /etc/nginx/ssl/""}",True,unsupported_command,,False,False,False,False,,"{""unsupported_command"": true, ""family"": ""ls""}"
NET-02,full,p0,9,2,shell_readonly,"{""command"": ""openssl x509 -in /etc/nginx/ssl/certificate.crt -noout -text""}","{""command"": ""openssl x509 -in /etc/nginx/ssl/certificate.crt -noout -text""}",True,unsupported_command,,False,False,False,False,,"{""unsupported_command"": true, ""family"": ""openssl""}"
NET-02,full,p0,10,3,grep_search,"{""pattern"": ""ssl_certificate"", ""path"": ""/etc/nginx/nginx.conf""}","{""path"": ""/etc/nginx/nginx.conf"", ""pattern"": ""ssl_certificate""}",True,duplicate,,False,True,False,False,,"{""duplicate"": true}"
NET-02,full,p0,11,3,grep_search,"{""pattern"": ""ssl_certificate_key"", ""path"": ""/etc/nginx/nginx.conf""}","{""path"": ""/etc/nginx/nginx.conf"", ""pattern"": ""ssl_certificate_key""}",True,duplicate,,False,True,False,False,,"{""duplicate"": true}"
NET-02,full,p0,12,3,grep_search,"{""pattern"": ""ssl_certificate"", ""path"": ""/etc/nginx/sites-enabled/""}","{""path"": ""/etc/nginx/sites-enabled/"", ""pattern"": ""ssl_certificate""}",True,empty,,False,True,False,False,,"{""empty"": true}"
NET-02,full,p0,13,3,grep_search,"{""pattern"": ""ssl_certificate_key"", ""path"": ""/etc/nginx/sites-enabled/""}","{""path"": ""/etc/nginx/sites-enabled/"", ""pattern"": ""ssl_certificate_key""}",True,empty,,False,True,False,False,,"{""empty"": true}"
NET-03,full,p0,1,1,systemctl_status,"{""service"": ""nginx""}","{""service"": ""nginx""}",True,empty,,False,False,False,False,,"{""empty"": true}"
NET-03,full,p0,2,1,journalctl_read,"{""service"": ""nginx""}","{""service"": ""nginx""}",True,empty,,False,False,False,False,,"{""empty"": true}"
NET-03,full,p0,3,1,grep_search,"{""pattern"": ""timeout"", ""path"": ""/var/log/nginx/error.log""}","{""path"": ""/var/log/nginx/error.log"", ""pattern"": ""timeout""}",True,empty,,False,False,False,False,,"{""empty"": true}"
NET-03,full,p0,4,1,grep_search,"{""pattern"": ""SSL"", ""path"": ""/var/log/nginx/error.log""}","{""path"": ""/var/log/nginx/error.log"", ""pattern"": ""SSL""}",True,empty,,False,False,False,False,,"{""empty"": true}"
NET-03,full,p0,5,1,grep_search,"{""pattern"": ""TLS"", ""path"": ""/var/log/nginx/error.log""}","{""path"": ""/var/log/nginx/error.log"", ""pattern"": ""TLS""}",True,empty,,False,False,False,False,,"{""empty"": true}"
NET-03,full,p0,6,1,grep_search,"{""pattern"": ""handshake"", ""path"": ""/var/log/nginx/error.log""}","{""path"": ""/var/log/nginx/error.log"", ""pattern"": ""handshake""}",True,empty,,False,False,False,False,,"{""empty"": true}"
NET-03,full,p0,7,1,grep_search,"{""pattern"": ""connection"", ""path"": ""/var/log/nginx/error.log""}","{""path"": ""/var/log/nginx/error.log"", ""pattern"": ""connection""}",True,empty,,False,False,False,False,,"{""empty"": true}"
NET-03,full,p0,8,1,grep_search,"{""pattern"": ""upstream"", ""path"": ""/var/log/nginx/error.log""}","{""path"": ""/var/log/nginx/error.log"", ""pattern"": ""upstream""}",True,empty,,False,False,False,False,,"{""empty"": true}"
NET-03,full,p0,9,1,grep_search,"{""pattern"": ""proxy"", ""path"": ""/var/log/nginx/error.log""}","{""path"": ""/var/log/nginx/error.log"", ""pattern"": ""proxy""}",True,empty,,False,False,False,False,,"{""empty"": true}"
NET-03,full,p0,10,1,grep_search,"{""pattern"": ""timeout"", ""path"": ""/etc/nginx/nginx.conf""}","{""path"": ""/etc/nginx/nginx.conf"", ""pattern"": ""timeout""}",True,empty,,False,False,False,False,,"{""empty"": true}"
NET-03,full,p0,11,1,grep_search,"{""pattern"": ""proxy_read_timeout"", ""path"": ""/etc/nginx/nginx.conf""}","{""path"": ""/etc/nginx/nginx.conf"", ""pattern"": ""proxy_read_timeout""}",True,empty,,False,False,False,False,,"{""empty"": true}"
NET-03,full,p0,12,1,grep_search,"{""pattern"": ""proxy_connect_timeout"", ""path"": ""/etc/nginx/nginx.conf""}","{""path"": ""/etc/nginx/nginx.conf"", ""pattern"": ""proxy_connect_timeout""}",True,empty,,False,False,False,False,,"{""empty"": true}"
NET-03,full,p0,13,1,grep_search,"{""pattern"": ""ssl"", ""path"": ""/etc/nginx/nginx.conf""}","{""path"": ""/etc/nginx/nginx.conf"", ""pattern"": ""ssl""}",True,empty,,False,False,False,False,,"{""empty"": true}"
NET-03,full,p0,14,1,grep_search,"{""pattern"": ""ssl_protocols"", ""path"": ""/etc/nginx/nginx.conf""}","{""path"": ""/etc/nginx/nginx.conf"", ""pattern"": ""ssl_protocols""}",True,empty,,False,False,False,False,,"{""empty"": true}"
NET-03,full,p0,15,1,grep_search,"{""pattern"": ""ssl_ciphers"", ""path"": ""/etc/nginx/nginx.conf""}","{""path"": ""/etc/nginx/nginx.conf"", ""pattern"": ""ssl_ciphers""}",True,empty,,False,False,False,False,,"{""empty"": true}"
NET-03,full,p0,16,1,grep_search,"{""pattern"": ""ssl_pre",{},True,empty,,False,False,False,False,,"{""empty"": true}"
NET-04,full,p0,1,1,dns_lookup,"{""hostname"": ""db.internal""}","{""hostname"": ""db.internal""}",True,revealed,E1,True,False,True,True,,"{""revealed"": [{""id"": ""E1"", ""tool"": ""dns_lookup"", ""key"": ""db.internal"", ""text"": ""10.9.9.9 (expected 10.0.0.10)""}]}"
NET-04,full,p0,2,2,grep_search,"{""pattern"": ""db.internal"", ""path"": ""/etc/hosts""}","{""path"": ""/etc/hosts"", ""pattern"": ""db.internal""}",True,empty,,False,False,False,False,,"{""empty"": true}"
NET-04,full,p0,3,3,grep_search,"{""pattern"": ""db.internal"", ""path"": ""/etc/resolv.conf""}","{""path"": ""/etc/resolv.conf"", ""pattern"": ""db.internal""}",True,empty,,False,False,False,False,,"{""empty"": true}"
NET-04,full,p0,4,4,grep_search,"{""pattern"": ""db.internal"", ""path"": ""/etc/NetworkManager/dnsmasq.d/""}","{""path"": ""/etc/NetworkManager/dnsmasq.d/"", ""pattern"": ""db.internal""}",True,empty,,False,False,False,False,,"{""empty"": true}"
NET-05,full,p0,1,1,systemctl_status,"{""service"": ""nginx""}","{""service"": ""nginx""}",True,empty,,False,False,False,False,,"{""empty"": true}"
NET-05,full,p0,2,1,journalctl_read,"{""service"": ""nginx""}","{""service"": ""nginx""}",True,empty,,False,False,False,False,,"{""empty"": true}"
NET-05,full,p0,3,2,kubectl_get,"{""resource"": ""pods"", ""namespace"": ""default""}","{""namespace"": ""default"", ""resource"": ""pods""}",True,empty,,False,False,False,False,,"{""empty"": true}"
NET-05,full,p0,4,3,kubectl_describe,"{""pod"": ""nginx"", ""namespace"": ""default""}","{""namespace"": ""default"", ""pod"": ""nginx""}",True,not_found,,False,False,False,False,,"{""not_found"": true}"
K8S-01,full,p0,1,1,kubectl_describe,"{""pod"": ""web"", ""namespace"": ""prod""}","{""namespace"": ""prod"", ""pod"": ""web""}",True,revealed,E2,True,False,True,True,,"{""revealed"": [{""id"": ""E2"", ""tool"": ""kubectl_describe"", ""key"": ""web"", ""text"": ""Exit Code 1; Liveness HTTP 500""}]}"
K8S-01,full,p0,2,1,kubectl_logs,"{""pod"": ""web"", ""namespace"": ""prod""}","{""namespace"": ""prod"", ""pod"": ""web""}",True,revealed,E3,True,False,True,True,,"{""revealed"": [{""id"": ""E3"", ""tool"": ""kubectl_logs"", ""key"": ""web"", ""text"": ""panic: dial tcp 10.0.0.10:5432: connection refused""}]}"
K8S-01,full,p0,3,2,kubectl_get,"{""resource"": ""service"", ""namespace"": ""prod""}","{""namespace"": ""prod"", ""resource"": ""service""}",True,empty,,False,False,False,False,,"{""empty"": true}"
K8S-01,full,p0,4,3,kubectl_get,"{""resource"": ""service"", ""namespace"": ""prod""}","{""namespace"": ""prod"", ""resource"": ""service""}",True,duplicate,,False,True,False,False,,"{""duplicate"": true}"
K8S-01,full,p0,5,4,kubectl_get,"{""resource"": ""service"", ""namespace"": ""prod""}","{""namespace"": ""prod"", ""resource"": ""service""}",True,duplicate,,False,True,False,False,,"{""duplicate"": true}"
K8S-02,full,p0,1,1,kubectl_get,"{""resource"": ""pods"", ""namespace"": ""default""}","{""namespace"": ""default"", ""resource"": ""pods""}",True,revealed,E1,True,False,True,True,,"{""revealed"": [{""id"": ""E1"", ""tool"": ""kubectl_get"", ""key"": ""pods"", ""text"": ""api 0/1 Pending""}]}"
K8S-02,full,p0,2,2,kubectl_describe,"{""pod"": ""api"", ""namespace"": ""default""}","{""namespace"": ""default"", ""pod"": ""api""}",True,revealed,E2,True,False,True,True,,"{""revealed"": [{""id"": ""E2"", ""tool"": ""kubectl_describe"", ""key"": ""api"", ""text"": ""0/2 nodes available: insufficient cpu""}]}"
K8S-02,full,p0,3,3,kubectl_get,"{""resource"": ""nodes"", ""namespace"": ""default""}","{""namespace"": ""default"", ""resource"": ""nodes""}",True,empty,,False,False,False,False,,"{""empty"": true}"
K8S-02,full,p0,4,4,kubectl_get,"{""resource"": ""nodes""}","{""resource"": ""nodes""}",True,empty,,False,False,False,False,,"{""empty"": true}"
K8S-02,full,p0,5,5,kubectl_get,"{""resource"": ""nodes"", ""namespace"": ""kube-system""}","{""namespace"": ""kube-system"", ""resource"": ""nodes""}",True,empty,,False,False,False,False,,"{""empty"": true}"
K8S-03,full,p0,1,1,kubectl_get,"{""resource"": ""pods"", ""namespace"": ""default""}","{""namespace"": ""default"", ""resource"": ""pods""}",True,empty,,False,False,False,False,,"{""empty"": true}"
K8S-03,full,p0,2,2,kubectl_get,"{""resource"": ""pods"", ""namespace"": ""default""}","{""namespace"": ""default"", ""resource"": ""pods""}",True,duplicate,,False,True,False,False,,"{""duplicate"": true}"
K8S-03,full,p0,3,3,kubectl_get,"{""resource"": ""pods"", ""namespace"": ""default""}","{""namespace"": ""default"", ""resource"": ""pods""}",True,duplicate,,False,True,False,False,,"{""duplicate"": true}"
K8S-04,full,p0,1,1,kubectl_describe,"{""pod"": ""worker"", ""namespace"": ""default""}","{""namespace"": ""default"", ""pod"": ""worker""}",True,revealed,E1,True,False,True,True,,"{""revealed"": [{""id"": ""E1"", ""tool"": ""kubectl_describe"", ""key"": ""worker"", ""text"": ""State: OOMKilled; Exit 137""}]}"
K8S-04,full,p0,2,1,kubectl_logs,"{""pod"": ""worker"", ""namespace"": ""default""}","{""namespace"": ""default"", ""pod"": ""worker""}",True,not_found,,True,False,False,False,,"{""not_found"": true}"
K8S-04,full,p0,3,2,kubectl_describe,"{""pod"": ""worker"", ""namespace"": ""default""}","{""namespace"": ""default"", ""pod"": ""worker""}",True,duplicate,,False,True,False,False,,"{""duplicate"": true}"
K8S-04,full,p0,4,3,kubectl_logs,"{""pod"": ""worker"", ""namespace"": ""default""}","{""namespace"": ""default"", ""pod"": ""worker""}",True,duplicate,,False,True,False,False,,"{""duplicate"": true}"
K8S-04,full,p0,5,4,kubectl_get,"{""resource"": ""pods"", ""namespace"": ""default""}","{""namespace"": ""default"", ""resource"": ""pods""}",True,empty,,False,True,False,False,,"{""empty"": true}"
K8S-05,full,p0,1,1,kubectl_get,"{""resource"": ""endpoints"", ""namespace"": ""default""}","{""namespace"": ""default"", ""resource"": ""endpoints""}",True,empty,,False,False,False,False,,"{""empty"": true}"
K8S-05,full,p0,2,1,kubectl_get,"{""resource"": ""services"", ""namespace"": ""default""}","{""namespace"": ""default"", ""resource"": ""services""}",True,empty,,False,False,False,False,,"{""empty"": true}"
K8S-05,full,p0,3,2,kubectl_get,"{""resource"": ""endpoints"", ""namespace"": ""default""}","{""namespace"": ""default"", ""resource"": ""endpoints""}",True,duplicate,,False,True,False,False,,"{""duplicate"": true}"
K8S-05,full,p0,4,2,kubectl_get,"{""resource"": ""services"", ""namespace"": ""default""}","{""namespace"": ""default"", ""resource"": ""services""}",True,duplicate,,False,True,False,False,,"{""duplicate"": true}"
K8S-05,full,p0,5,3,kubectl_get,"{""resource"": ""endpoints"", ""namespace"": ""default""}","{""namespace"": ""default"", ""resource"": ""endpoints""}",True,duplicate,,False,True,False,False,,"{""duplicate"": true}"
K8S-05,full,p0,6,3,kubectl_get,"{""resource"": ""services"", ""namespace"": ""default""}","{""namespace"": ""default"", ""resource"": ""services""}",True,duplicate,,False,True,False,False,,"{""duplicate"": true}"
K8S-06,full,p0,1,1,kubectl_describe,"{""pod"": ""pod_name"", ""namespace"": ""namespace_name""}","{""namespace"": ""namespace_name"", ""pod"": ""pod_name""}",True,not_found,,False,False,False,False,,"{""not_found"": true}"
K8S-06,full,p0,2,1,kubectl_logs,"{""pod"": ""pod_name"", ""namespace"": ""namespace_name""}","{""namespace"": ""namespace_name"", ""pod"": ""pod_name""}",True,not_found,,False,False,False,False,,"{""not_found"": true}"
K8S-06,full,p0,3,2,kubectl_get,"{""resource"": ""pods"", ""namespace"": ""namespace_name""}","{""namespace"": ""namespace_name"", ""resource"": ""pods""}",True,empty,,False,False,False,False,,"{""empty"": true}"
K8S-06,full,p0,4,3,kubectl_get,"{""resource"": ""pvc"", ""namespace"": ""namespace_name""}","{""namespace"": ""namespace_name"", ""resource"": ""pvc""}",True,empty,,False,False,False,False,,"{""empty"": true}"
K8S-07,full,p0,1,1,kubectl_get,"{""resource"": ""pods"", ""namespace"": ""default""}","{""namespace"": ""default"", ""resource"": ""pods""}",True,empty,,False,False,False,False,,"{""empty"": true}"
K8S-07,full,p0,2,2,kubectl_get,"{""resource"": ""pods"", ""namespace"": ""default""}","{""namespace"": ""default"", ""resource"": ""pods""}",True,duplicate,,False,True,False,False,,"{""duplicate"": true}"
K8S-07,full,p0,3,3,kubectl_get,"{""resource"": ""pods"", ""namespace"": ""default""}","{""namespace"": ""default"", ""resource"": ""pods""}",True,duplicate,,False,True,False,False,,"{""duplicate"": true}"
K8S-08,full,p0,1,1,kubectl_get,"{""resource"": ""pods"", ""namespace"": ""default""}","{""namespace"": ""default"", ""resource"": ""pods""}",True,empty,,False,False,False,False,,"{""empty"": true}"
K8S-08,full,p0,2,2,kubectl_get,"{""resource"": ""pods"", ""namespace"": ""default""}","{""namespace"": ""default"", ""resource"": ""pods""}",True,duplicate,,False,True,False,False,,"{""duplicate"": true}"
K8S-08,full,p0,3,3,kubectl_get,"{""resource"": ""pods"", ""namespace"": ""default""}","{""namespace"": ""default"", ""resource"": ""pods""}",True,duplicate,,False,True,False,False,,"{""duplicate"": true}"
CON-01,full,p0,1,1,kubectl_get,"{""resource"": ""pods"", ""namespace"": ""default""}","{""namespace"": ""default"", ""resource"": ""pods""}",True,empty,,False,False,False,False,,"{""empty"": true}"
CON-01,full,p0,2,1,kubectl_describe,"{""pod"": ""pod_name"", ""namespace"": ""default""}","{""namespace"": ""default"", ""pod"": ""pod_name""}",True,not_found,,False,False,False,False,,"{""not_found"": true}"
CON-01,full,p0,3,1,kubectl_logs,"{""pod"": ""pod_name"", ""namespace"": ""default""}","{""namespace"": ""default"", ""pod"": ""pod_name""}",True,not_found,,False,False,False,False,,"{""not_found"": true}"
CON-01,full,p0,4,2,kubectl_get,"{""resource"": ""pods"", ""namespace"": ""default""}","{""namespace"": ""default"", ""resource"": ""pods""}",True,duplicate,,False,True,False,False,,"{""duplicate"": true}"
CON-01,full,p0,5,3,kubectl_describe,"{""pod"": ""pod_name"", ""namespace"": ""default""}","{""namespace"": ""default"", ""pod"": ""pod_name""}",True,duplicate,,False,True,False,False,,"{""duplicate"": true}"
CON-02,full,p0,1,1,systemctl_status,"{""service"": ""docker""}","{""service"": ""docker""}",True,revealed,E1,True,False,True,True,,"{""revealed"": [{""id"": ""E1"", ""tool"": ""systemctl_status"", ""key"": ""docker"", ""text"": ""docker.service inactive (dead)""}]}"
CON-02,full,p0,2,2,journalctl_read,"{""service"": ""docker""}","{""service"": ""docker""}",True,empty,,False,False,False,False,,"{""empty"": true}"
CON-02,full,p0,3,3,shell_readonly,"{""command"": ""systemctl start docker""}","{""command"": ""systemctl start docker""}",True,unsupported_command,,False,False,False,False,,"{""unsupported_command"": true, ""family"": ""systemctl""}"
CON-02,full,p0,4,4,shell_readonly,"{""command"": ""sudo systemctl start docker""}","{""command"": ""sudo systemctl start docker""}",True,unsupported_command,,False,False,False,False,,"{""unsupported_command"": true, ""family"": ""sudo""}"
CON-03,full,p0,1,1,kubectl_get,"{""resource"": ""pods"", ""namespace"": ""default""}","{""namespace"": ""default"", ""resource"": ""pods""}",True,empty,,False,False,False,False,,"{""empty"": true}"
CON-03,full,p0,2,1,kubectl_describe,"{""pod"": ""nginx-7c45f69c9c-54444"", ""namespace"": ""default""}","{""namespace"": ""default"", ""pod"": ""nginx-7c45f69c9c-54444""}",True,not_found,,False,False,False,False,,"{""not_found"": true}"
CON-03,full,p0,3,1,kubectl_logs,"{""pod"": ""nginx-7c45f69c9c-54444"", ""namespace"": ""default""}","{""namespace"": ""default"", ""pod"": ""nginx-7c45f69c9c-54444""}",True,not_found,,False,False,False,False,,"{""not_found"": true}"
CON-03,full,p0,4,1,kubectl_get,"{""resource"": ""services"", ""namespace"": ""default""}","{""namespace"": ""default"", ""resource"": ""services""}",True,empty,,False,False,False,False,,"{""empty"": true}"
CON-03,full,p0,5,1,kubectl_get,"{""resource"": ""endpoints"", ""namespace"": ""default""}","{""namespace"": ""default"", ""resource"": ""endpoints""}",True,empty,,False,False,False,False,,"{""empty"": true}"
CON-03,full,p0,6,1,kubectl_get,"{""resource"": ""configmaps"", ""namespace"": ""kube-system""}","{""namespace"": ""kube-system"", ""resource"": ""configmaps""}",True,empty,,False,False,False,False,,"{""empty"": true}"
CON-03,full,p0,7,1,kubectl_get,"{""resource"": ""configmaps"", ""namespace"": ""kube-system""}","{""namespace"": ""kube-system"", ""resource"": ""configmaps""}",True,duplicate,,False,True,False,False,,"{""duplicate"": true}"
CON-03,full,p0,8,1,kubectl_get,"{""resource"": ""configmaps"", ""namespace"": ""kube-system""}","{""namespace"": ""kube-system"", ""resource"": ""configmaps""}",True,duplicate,,False,True,False,False,,"{""duplicate"": true}"
CON-03,full,p0,9,1,kubectl_get,"{""resource"": ""configmaps"", ""namespace"": ""kube-system""}","{""namespace"": ""kube-system"", ""resource"": ""configmaps""}",True,duplicate,,False,True,False,False,,"{""duplicate"": true}"
CON-03,full,p0,10,1,kubectl_get,"{""resource"": ""configmaps"", ""namespace"": ""kube-system""}","{""namespace"": ""kube-system"", ""resource"": ""configmaps""}",True,duplicate,,False,True,False,False,,"{""duplicate"": true}"
CON-03,full,p0,11,1,kubectl_get,"{""resource"": ""configmaps"", ""namespace"": ""kube-system""}","{""namespace"": ""kube-system"", ""resource"": ""configmaps""}",True,duplicate,,False,True,False,False,,"{""duplicate"": true}"
CON-03,full,p0,12,1,kubectl_get,"{""resource"": ""configmaps"", ""namespace"": ""kube-system""}","{""namespace"": ""kube-system"", ""resource"": ""configmaps""}",True,duplicate,,False,True,False,False,,"{""duplicate"": true}"
CON-03,full,p0,13,1,kubectl_get,"{""resource"": ""configmaps"", ""namespace"": ""kube-system""}","{""namespace"": ""kube-system"", ""resource"": ""configmaps""}",True,duplicate,,False,True,False,False,,"{""duplicate"": true}"
CON-03,full,p0,14,1,kubectl_get,"{""resource"": ""configmaps"", ""namespace"": ""kube-system""}","{""namespace"": ""kube-system"", ""resource"": ""configmaps""}",True,duplicate,,False,True,False,False,,"{""duplicate"": true}"
CON-03,full,p0,15,1,kubectl_get,"{""resource"": ""configmaps"", ""namespace"": ""kube-system""}","{""namespace"": ""kube-system"", ""resource"": ""configmaps""}",True,duplicate,,False,True,False,False,,"{""duplicate"": true}"
CON-03,full,p0,16,1,kubectl_get,"{""resource"": ""configmaps"", ""namespace"": ""kube-system""}","{""namespace"": ""kube-system"", ""resource"": ""configmaps""}",True,duplicate,,False,True,False,False,,"{""duplicate"": true}"
CON-04,full,p0,1,1,kubectl_get,"{""resource"": ""pods"", ""namespace"": ""default""}","{""namespace"": ""default"", ""resource"": ""pods""}",True,empty,,False,False,False,False,,"{""empty"": true}"
CON-04,full,p0,2,2,kubectl_get,"{""resource"": ""pods"", ""namespace"": ""default""}","{""namespace"": ""default"", ""resource"": ""pods""}",True,duplicate,,False,True,False,False,,"{""duplicate"": true}"
CON-04,full,p0,3,3,kubectl_get,"{""resource"": ""pods"", ""namespace"": ""default""}","{""namespace"": ""default"", ""resource"": ""pods""}",True,duplicate,,False,True,False,False,,"{""duplicate"": true}"
STO-01,full,p0,1,1,kubectl_get,"{""resource"": ""pvc"", ""namespace"": ""default""}","{""namespace"": ""default"", ""resource"": ""pvc""}",True,empty,,False,False,False,False,,"{""empty"": true}"
STO-01,full,p0,2,1,kubectl_describe,"{""pod"": ""pvc-logs"", ""namespace"": ""default""}","{""namespace"": ""default"", ""pod"": ""pvc-logs""}",True,not_found,,False,False,False,False,,"{""not_found"": true}"
STO-01,full,p0,3,1,kubectl_logs,"{""pod"": ""pvc-logs"", ""namespace"": ""default""}","{""namespace"": ""default"", ""pod"": ""pvc-logs""}",True,not_found,,False,False,False,False,,"{""not_found"": true}"
STO-01,full,p0,4,2,kubectl_get,"{""resource"": ""pvc"", ""namespace"": ""default""}","{""namespace"": ""default"", ""resource"": ""pvc""}",True,duplicate,,False,True,False,False,,"{""duplicate"": true}"
STO-01,full,p0,5,3,kubectl_get,"{""resource"": ""pvc"", ""namespace"": ""default""}","{""namespace"": ""default"", ""resource"": ""pvc""}",True,duplicate,,False,True,False,False,,"{""duplicate"": true}"
STO-02,full,p0,1,1,systemctl_status,"{""service"": ""ceph-osd@*""}","{""service"": ""ceph-osd@*""}",True,empty,,False,False,False,False,,"{""empty"": true}"
STO-02,full,p0,2,1,journalctl_read,"{""service"": ""ceph-osd@*""}","{""service"": ""ceph-osd@*""}",True,empty,,False,False,False,False,,"{""empty"": true}"
STO-02,full,p0,3,2,kubectl_get,"{""resource"": ""pods"", ""namespace"": ""ceph""}","{""namespace"": ""ceph"", ""resource"": ""pods""}",True,empty,,False,False,False,False,,"{""empty"": true}"
STO-02,full,p0,4,3,kubectl_describe,"{""pod"": ""ceph-osd-0"", ""namespace"": ""ceph""}","{""namespace"": ""ceph"", ""pod"": ""ceph-osd-0""}",True,not_found,,False,False,False,False,,"{""not_found"": true}"
STO-03,full,p0,1,1,systemctl_status,"{""service"": ""ceph""}","{""service"": ""ceph""}",True,empty,,False,False,False,False,,"{""empty"": true}"
STO-03,full,p0,2,1,journalctl_read,"{""service"": ""ceph""}","{""service"": ""ceph""}",True,empty,,False,False,False,False,,"{""empty"": true}"
STO-03,full,p0,3,1,kubectl_get,"{""resource"": ""pods"", ""namespace"": ""ceph""}","{""namespace"": ""ceph"", ""resource"": ""pods""}",True,empty,,False,False,False,False,,"{""empty"": true}"
STO-03,full,p0,4,1,kubectl_describe,"{""pod"": ""ceph-monitor-0"", ""namespace"": ""ceph""}","{""namespace"": ""ceph"", ""pod"": ""ceph-monitor-0""}",True,not_found,,False,False,False,False,,"{""not_found"": true}"
STO-03,full,p0,5,1,kubectl_logs,"{""pod"": ""ceph-monitor-0"", ""namespace"": ""ceph""}","{""namespace"": ""ceph"", ""pod"": ""ceph-monitor-0""}",True,not_found,,False,False,False,False,,"{""not_found"": true}"
STO-03,full,p0,6,1,kubectl_describe,"{""pod"": ""ceph-osd-0"", ""namespace"": ""ceph""}","{""namespace"": ""ceph"", ""pod"": ""ceph-osd-0""}",True,not_found,,False,False,False,False,,"{""not_found"": true}"
STO-03,full,p0,7,1,kubectl_logs,"{""pod"": ""ceph-osd-0"", ""namespace"": ""ceph""}","{""namespace"": ""ceph"", ""pod"": ""ceph-osd-0""}",True,not_found,,False,False,False,False,,"{""not_found"": true}"
STO-03,full,p0,8,1,kubectl_describe,"{""pod"": ""ceph-mgr-0"", ""namespace"": ""ceph""}","{""namespace"": ""ceph"", ""pod"": ""ceph-mgr-0""}",True,not_found,,False,False,False,False,,"{""not_found"": true}"
STO-03,full,p0,9,1,kubectl_logs,"{""pod"": ""ceph-mgr-0"", ""namespace"": ""ceph""}","{""namespace"": ""ceph"", ""pod"": ""ceph-mgr-0""}",True,not_found,,False,False,False,False,,"{""not_found"": true}"
STO-03,full,p0,10,1,kubectl_describe,"{""pod"": ""ceph-rgw-0"", ""namespace"": ""ceph""}","{""namespace"": ""ceph"", ""pod"": ""ceph-rgw-0""}",True,not_found,,False,False,False,False,,"{""not_found"": true}"
STO-03,full,p0,11,1,kubectl_logs,"{""pod"": ""ceph-rgw-0"", ""namespace"": ""ceph""}","{""namespace"": ""ceph"", ""pod"": ""ceph-rgw-0""}",True,not_found,,False,False,False,False,,"{""not_found"": true}"
STO-03,full,p0,12,1,kubectl_describe,"{""pod"": ""ceph-mds-0"", ""namespace"": ""ceph""}","{""namespace"": ""ceph"", ""pod"": ""ceph-mds-0""}",True,not_found,,False,False,False,False,,"{""not_found"": true}"
STO-03,full,p0,13,1,kubectl_logs,"{""pod"": ""ceph-mds-0"", ""namespace"": ""ceph""}","{""namespace"": ""ceph"", ""pod"": ""ceph-mds-0""}",True,not_found,,False,False,False,False,,"{""not_found"": true}"
STO-03,full,p0,14,1,kubectl_describe,"{""pod"": ""ceph-nfs-0"", ""namespace"": ""ceph""}","{""namespace"": ""ceph"", ""pod"": ""ceph-nfs-0""}",True,not_found,,False,False,False,False,,"{""not_found"": true}"
STO-03,full,p0,15,1,kubectl_logs,"{""pod"": ""ceph-nfs-0"", ""namespace"": ""ceph""}","{""namespace"": ""ceph"", ""pod"": ""ceph-nfs-0""}",True,not_found,,False,False,False,False,,"{""not_found"": true}"
STO-03,full,p0,16,1,kubectl_describe,"{""pod",{},True,not_found,,False,False,False,False,,"{""not_found"": true}"
STO-04,full,p0,1,1,systemctl_status,"{""service"": ""drbd""}","{""service"": ""drbd""}",True,empty,,False,False,False,False,,"{""empty"": true}"
STO-04,full,p0,2,1,journalctl_read,"{""service"": ""drbd""}","{""service"": ""drbd""}",True,empty,,False,False,False,False,,"{""empty"": true}"
STO-04,full,p0,3,1,grep_search,"{""pattern"": ""drbd"", ""path"": ""/var/log/syslog""}","{""path"": ""/var/log/syslog"", ""pattern"": ""drbd""}",True,empty,,False,False,False,False,,"{""empty"": true}"
STO-04,full,p0,4,2,grep_search,"{""pattern"": ""drbd"", ""path"": ""/var/log/messages""}","{""path"": ""/var/log/messages"", ""pattern"": ""drbd""}",True,empty,,False,False,False,False,,"{""empty"": true}"
STO-04,full,p0,5,2,grep_search,"{""pattern"": ""drbd"", ""path"": ""/var/log/kern.log""}","{""path"": ""/var/log/kern.log"", ""pattern"": ""drbd""}",True,empty,,False,False,False,False,,"{""empty"": true}"
STO-04,full,p0,6,3,grep_search,"{""pattern"": ""drbd"", ""path"": ""/var/log/dmesg""}","{""path"": ""/var/log/dmesg"", ""pattern"": ""drbd""}",True,empty,,False,False,False,False,,"{""empty"": true}"
STO-04,full,p0,7,3,grep_search,"{""pattern"": ""drbd"", ""path"": ""/var/log/daemon.log""}","{""path"": ""/var/log/daemon.log"", ""pattern"": ""drbd""}",True,empty,,False,False,False,False,,"{""empty"": true}"
STO-05,full,p0,1,1,systemctl_status,"{""service"": ""drbd""}","{""service"": ""drbd""}",True,empty,,False,False,False,False,,"{""empty"": true}"
STO-05,full,p0,2,1,journalctl_read,"{""service"": ""drbd""}","{""service"": ""drbd""}",True,empty,,False,False,False,False,,"{""empty"": true}"
STO-05,full,p0,3,1,grep_search,"{""pattern"": ""split-brain"", ""path"": ""/var/log/syslog""}","{""path"": ""/var/log/syslog"", ""pattern"": ""split-brain""}",True,empty,,False,False,False,False,,"{""empty"": true}"
STO-05,full,p0,4,1,grep_search,"{""pattern"": ""split-brain"", ""path"": ""/var/log/drbd""}","{""path"": ""/var/log/drbd"", ""pattern"": ""split-brain""}",True,empty,,False,False,False,False,,"{""empty"": true}"
STO-05,full,p0,5,1,grep_search,"{""pattern"": ""split-brain"", ""path"": ""/var/log/kern.log""}","{""path"": ""/var/log/kern.log"", ""pattern"": ""split-brain""}",True,empty,,False,False,False,False,,"{""empty"": true}"
STO-05,full,p0,6,1,grep_search,"{""pattern"": ""split-brain"", ""path"": ""/var/log/messages""}","{""path"": ""/var/log/messages"", ""pattern"": ""split-brain""}",True,empty,,False,False,False,False,,"{""empty"": true}"
STO-05,full,p0,7,1,grep_search,"{""pattern"": ""split-brain"", ""path"": ""/var/log/syslog""}","{""path"": ""/var/log/syslog"", ""pattern"": ""split-brain""}",True,duplicate,,False,True,False,False,,"{""duplicate"": true}"
STO-05,full,p0,8,1,grep_search,"{""pattern"": ""split-brain"", ""path"": ""/var/log/drbd""}","{""path"": ""/var/log/drbd"", ""pattern"": ""split-brain""}",True,duplicate,,False,True,False,False,,"{""duplicate"": true}"
STO-05,full,p0,9,1,grep_search,"{""pattern"": ""split-brain"", ""path"": ""/var/log/kern.log""}","{""path"": ""/var/log/kern.log"", ""pattern"": ""split-brain""}",True,duplicate,,False,True,False,False,,"{""duplicate"": true}"
STO-05,full,p0,10,1,grep_search,"{""pattern"": ""split-brain"", ""path"": ""/var/log/messages""}","{""path"": ""/var/log/messages"", ""pattern"": ""split-brain""}",True,duplicate,,False,True,False,False,,"{""duplicate"": true}"
STO-05,full,p0,11,1,grep_search,"{""pattern"": ""split-brain"", ""path"": ""/var/log/syslog""}","{""path"": ""/var/log/syslog"", ""pattern"": ""split-brain""}",True,duplicate,,False,True,False,False,,"{""duplicate"": true}"
STO-05,full,p0,12,1,grep_search,"{""pattern"": ""split-brain"", ""path"": ""/var/log/drbd""}","{""path"": ""/var/log/drbd"", ""pattern"": ""split-brain""}",True,duplicate,,False,True,False,False,,"{""duplicate"": true}"
STO-05,full,p0,13,1,grep_search,"{""pattern"": ""split-brain"", ""path"": ""/var/log/kern.log""}","{""path"": ""/var/log/kern.log"", ""pattern"": ""split-brain""}",True,duplicate,,False,True,False,False,,"{""duplicate"": true}"
STO-05,full,p0,14,1,grep_search,"{""pattern"": ""split-brain"", ""path"": ""/var/log/messages""}","{""path"": ""/var/log/messages"", ""pattern"": ""split-brain""}",True,duplicate,,False,True,False,False,,"{""duplicate"": true}"
STO-05,full,p0,15,1,grep_search,"{""pattern"": ""split-brain"", ""path"": ""/var/log/syslog""}","{""path"": ""/var/log/syslog"", ""pattern"": ""split-brain""}",True,duplicate,,False,True,False,False,,"{""duplicate"": true}"
STO-05,full,p0,16,1,grep_search,"{""pattern"": ""split-brain"", ""path"": ""/var/log",{},True,empty,,False,True,False,False,,"{""empty"": true}"
STO-06,full,p0,1,1,kubectl_get,"{""resource"": ""pods"", ""namespace"": ""default""}","{""namespace"": ""default"", ""resource"": ""pods""}",True,empty,,False,False,False,False,,"{""empty"": true}"
STO-06,full,p0,2,2,kubectl_get,"{""resource"": ""pods"", ""namespace"": ""default""}","{""namespace"": ""default"", ""resource"": ""pods""}",True,duplicate,,False,True,False,False,,"{""duplicate"": true}"
STO-06,full,p0,3,3,kubectl_get,"{""resource"": ""pods"", ""namespace"": ""default""}","{""namespace"": ""default"", ""resource"": ""pods""}",True,duplicate,,False,True,False,False,,"{""duplicate"": true}"
VIR-01,full,p0,1,1,systemctl_status,"{""service"": ""libvirtd""}","{""service"": ""libvirtd""}",True,empty,,False,False,False,False,,"{""empty"": true}"
VIR-01,full,p0,2,1,journalctl_read,"{""service"": ""libvirtd""}","{""service"": ""libvirtd""}",True,revealed,E1,True,False,True,True,,"{""revealed"": [{""id"": ""E1"", ""tool"": ""journalctl_read"", ""key"": ""libvirtd"", ""text"": ""unsupported configuration: CPU mode host-passthrough not supported""}]}"
VIR-01,full,p0,3,2,grep_search,"{""pattern"": ""host-passthrough"", ""path"": ""/etc/libvirt/qemu/win10.xml""}","{""path"": ""/etc/libvirt/qemu/win10.xml"", ""pattern"": ""host-passthrough""}",True,empty,,False,False,False,False,,"{""empty"": true}"
VIR-01,full,p0,4,3,read_file,"{""path"": ""/etc/libvirt/qemu/win10.xml""}","{""path"": ""/etc/libvirt/qemu/win10.xml""}",True,not_found,,False,False,False,False,,"{""not_found"": true}"
VIR-01,full,p0,5,4,list_directory,"{""path"": ""/etc/libvirt/qemu/""}","{""path"": ""/etc/libvirt/qemu/""}",True,empty,,False,False,False,False,,"{""empty"": true}"
VIR-02,full,p0,1,1,shell_readonly,"{""command"": ""lsblk""}","{""command"": ""lsblk""}",True,unsupported_command,,False,False,False,False,,"{""unsupported_command"": true, ""family"": ""lsblk""}"
VIR-02,full,p0,2,2,shell_readonly,"{""command"": ""fdisk -l""}","{""command"": ""fdisk -l""}",True,unsupported_command,,False,False,False,False,,"{""unsupported_command"": true, ""family"": ""fdisk""}"
VIR-02,full,p0,3,3,shell_readonly,"{""command"": ""blkid""}","{""command"": ""blkid""}",True,unsupported_command,,False,False,False,False,,"{""unsupported_command"": true, ""family"": ""blkid""}"
VIR-03,full,p0,1,1,systemctl_status,"{""service"": ""network""}","{""service"": ""network""}",True,empty,,False,False,False,False,,"{""empty"": true}"
VIR-03,full,p0,2,1,journalctl_read,"{""service"": ""network""}","{""service"": ""network""}",True,empty,,False,False,False,False,,"{""empty"": true}"
VIR-03,full,p0,3,2,systemctl_status,"{""service"": ""NetworkManager""}","{""service"": ""NetworkManager""}",True,empty,,False,False,False,False,,"{""empty"": true}"
VIR-03,full,p0,4,2,journalctl_read,"{""service"": ""NetworkManager""}","{""service"": ""NetworkManager""}",True,empty,,False,False,False,False,,"{""empty"": true}"
VIR-03,full,p0,5,3,shell_readonly,"{""command"": ""ip addr show""}","{""command"": ""ip addr show""}",True,unsupported_command,,False,False,False,False,,"{""unsupported_command"": true, ""family"": ""ip""}"
VIR-03,full,p0,6,3,shell_readonly,"{""command"": ""ifconfig -a""}","{""command"": ""ifconfig -a""}",True,unsupported_command,,False,False,False,False,,"{""unsupported_command"": true, ""family"": ""ifconfig""}"
GIT-01,full,p0,1,1,git_status,"{""repo"": ""path/to/repo""}","{""repo"": ""path/to/repo""}",True,empty,,False,False,False,False,,"{""empty"": true}"
GIT-01,full,p0,2,1,git_diff,"{""repo"": ""path/to/repo""}","{""repo"": ""path/to/repo""}",True,empty,,False,False,False,False,,"{""empty"": true}"
GIT-01,full,p0,3,1,git_show,"{""commit"": ""commit_hash"", ""repo"": ""path/to/repo""}","{""commit"": ""commit_hash"", ""repo"": ""path/to/repo""}",True,empty,,False,False,False,False,,"{""empty"": true}"
GIT-02,full,p0,1,1,git_status,"{""repo"": ""/path/to/production/repo""}","{""repo"": ""/path/to/production/repo""}",True,empty,,False,False,False,False,,"{""empty"": true}"
CI-01,full,p0,1,1,grep_search,"{""pattern"": ""docker build"", ""path"": ""pipeline.log""}","{""path"": ""pipeline.log"", ""pattern"": ""docker build""}",True,empty,,False,False,False,False,,"{""empty"": true}"
CI-01,full,p0,2,1,grep_search,"{""pattern"": ""error"", ""path"": ""pipeline.log""}","{""path"": ""pipeline.log"", ""pattern"": ""error""}",True,empty,,False,False,False,False,,"{""empty"": true}"
CI-01,full,p0,3,2,grep_search,"{""pattern"": ""failed"", ""path"": ""pipeline.log""}","{""path"": ""pipeline.log"", ""pattern"": ""failed""}",True,empty,,False,False,False,False,,"{""empty"": true}"
CI-01,full,p0,4,3,grep_search,"{""pattern"": ""exception"", ""path"": ""pipeline.log""}","{""path"": ""pipeline.log"", ""pattern"": ""exception""}",True,empty,,False,False,False,False,,"{""empty"": true}"
CI-02,full,p0,1,1,kubectl_get,"{""resource"": ""pods"", ""namespace"": ""default""}","{""namespace"": ""default"", ""resource"": ""pods""}",True,empty,,False,False,False,False,,"{""empty"": true}"
CI-02,full,p0,2,1,kubectl_describe,"{""pod"": ""test-pod"", ""namespace"": ""default""}","{""namespace"": ""default"", ""pod"": ""test-pod""}",True,not_found,,False,False,False,False,,"{""not_found"": true}"
CI-02,full,p0,3,1,kubectl_logs,"{""pod"": ""test-pod"", ""namespace"": ""default""}","{""namespace"": ""default"", ""pod"": ""test-pod""}",True,not_found,,False,False,False,False,,"{""not_found"": true}"
CI-02,full,p0,4,2,kubectl_get,"{""resource"": ""pods"", ""namespace"": ""default""}","{""namespace"": ""default"", ""resource"": ""pods""}",True,duplicate,,False,True,False,False,,"{""duplicate"": true}"
CI-02,full,p0,5,3,kubectl_get,"{""resource"": ""pods"", ""namespace"": ""default""}","{""namespace"": ""default"", ""resource"": ""pods""}",True,duplicate,,False,True,False,False,,"{""duplicate"": true}"
CI-03,full,p0,1,1,git_status,"{""repo"": ""green-ci-repo""}","{""repo"": ""green-ci-repo""}",True,empty,,False,False,False,False,,"{""empty"": true}"
CI-03,full,p0,2,1,git_diff,"{""repo"": ""green-ci-repo""}","{""repo"": ""green-ci-repo""}",True,empty,,False,False,False,False,,"{""empty"": true}"
CI-03,full,p0,3,1,kubectl_get,"{""resource"": ""pods"", ""namespace"": ""default""}","{""namespace"": ""default"", ""resource"": ""pods""}",True,empty,,False,False,False,False,,"{""empty"": true}"
CI-03,full,p0,4,1,kubectl_describe,"{""pod"": ""green-ci-pod"", ""namespace"": ""default""}","{""namespace"": ""default"", ""pod"": ""green-ci-pod""}",True,not_found,,False,False,False,False,,"{""not_found"": true}"
CI-03,full,p0,5,1,kubectl_logs,"{""pod"": ""green-ci-pod"", ""namespace"": ""default""}","{""namespace"": ""default"", ""pod"": ""green-ci-pod""}",True,not_found,,False,False,False,False,,"{""not_found"": true}"
CI-03,full,p0,6,1,systemctl_status,"{""service"": ""green-ci-service""}","{""service"": ""green-ci-service""}",True,empty,,False,False,False,False,,"{""empty"": true}"
CI-03,full,p0,7,1,journalctl_read,"{""service"": ""green-ci-service""}","{""service"": ""green-ci-service""}",True,empty,,False,False,False,False,,"{""empty"": true}"
COD-01,full,p0,1,1,shell_readonly,"{""command"": ""ls -l /etc/app/config""}","{""command"": ""ls -l /etc/app/config""}",True,revealed,E1,True,False,True,True,,"{""revealed"": [{""id"": ""E1"", ""tool"": ""shell_readonly"", ""key"": ""ls -l /etc/app/config"", ""text"": ""-rw-r--r-- 1 root root""}]}"
COD-01,full,p0,2,2,shell_readonly,"{""command"": ""whoami""}","{""command"": ""whoami""}",True,unsupported_command,,False,False,False,False,,"{""unsupported_command"": true, ""family"": ""whoami""}"
COD-01,full,p0,3,3,shell_readonly,"{""command"": ""id""}","{""command"": ""id""}",True,revealed,E2,True,False,True,True,,"{""revealed"": [{""id"": ""E2"", ""tool"": ""shell_readonly"", ""key"": ""id"", ""text"": ""uid=1000(app)""}]}"
COD-01,full,p0,4,4,shell_readonly,"{""command"": ""stat -c \""%U %G\"" /etc/app/config""}","{""command"": ""stat -c \""%U %G\"" /etc/app/config""}",True,unsupported_command,,False,False,False,False,,"{""unsupported_command"": true, ""family"": ""stat""}"
COD-01,full,p0,5,5,shell_readonly,"{""command"": ""ls -l /etc/app/config | awk '{print $3, $4}'""}","{""command"": ""ls -l /etc/app/config | awk '{print $3, $4}'""}",True,unsupported_command,,False,False,False,False,,"{""unsupported_command"": true, ""family"": ""ls""}"
COD-01,full,p0,6,6,shell_readonly,"{""command"": ""ls -l /etc/app/config""}","{""command"": ""ls -l /etc/app/config""}",True,duplicate,,False,True,False,False,,"{""duplicate"": true}"
COD-02,full,p0,1,1,grep_search,"{""pattern"": ""KeyError.*'env'"", ""path"": ""app.log""}","{""path"": ""app.log"", ""pattern"": ""KeyError.*'env'""}",True,empty,,False,False,False,False,,"{""empty"": true}"
COD-02,full,p0,2,1,grep_search,"{""pattern"": ""KeyError.*'env'"", ""path"": ""error.log""}","{""path"": ""error.log"", ""pattern"": ""KeyError.*'env'""}",True,empty,,False,False,False,False,,"{""empty"": true}"
COD-02,full,p0,3,1,grep_search,"{""pattern"": ""KeyError.*'env'"", ""path"": ""stderr.log""}","{""path"": ""stderr.log"", ""pattern"": ""KeyError.*'env'""}",True,empty,,False,False,False,False,,"{""empty"": true}"
COD-02,full,p0,4,1,grep_search,"{""pattern"": ""KeyError.*'env'"", ""path"": ""stdout.log""}","{""path"": ""stdout.log"", ""pattern"": ""KeyError.*'env'""}",True,empty,,False,False,False,False,,"{""empty"": true}"
COD-02,full,p0,5,1,grep_search,"{""pattern"": ""KeyError.*'env'"", ""path"": ""traceback.log""}","{""path"": ""traceback.log"", ""pattern"": ""KeyError.*'env'""}",True,empty,,False,False,False,False,,"{""empty"": true}"
COD-02,full,p0,6,1,grep_search,"{""pattern"": ""KeyError.*'env'"", ""path"": ""application.log""}","{""path"": ""application.log"", ""pattern"": ""KeyError.*'env'""}",True,empty,,False,False,False,False,,"{""empty"": true}"
COD-02,full,p0,7,1,grep_search,"{""pattern"": ""KeyError.*'env'"", ""path"": ""debug.log""}","{""path"": ""debug.log"", ""pattern"": ""KeyError.*'env'""}",True,empty,,False,False,False,False,,"{""empty"": true}"
COD-02,full,p0,8,1,grep_search,"{""pattern"": ""KeyError.*'env'"", ""path"": ""system.log""}","{""path"": ""system.log"", ""pattern"": ""KeyError.*'env'""}",True,empty,,False,False,False,False,,"{""empty"": true}"
COD-02,full,p0,9,1,grep_search,"{""pattern"": ""KeyError.*'env'"", ""path"": ""cron.log""}","{""path"": ""cron.log"", ""pattern"": ""KeyError.*'env'""}",True,empty,,False,False,False,False,,"{""empty"": true}"
COD-02,full,p0,10,1,grep_search,"{""pattern"": ""KeyError.*'env'"", ""path"": ""nginx.log""}","{""path"": ""nginx.log"", ""pattern"": ""KeyError.*'env'""}",True,empty,,False,False,False,False,,"{""empty"": true}"
COD-02,full,p0,11,1,grep_search,"{""pattern"": ""KeyError.*'env'"", ""path"": ""apache.log""}","{""path"": ""apache.log"", ""pattern"": ""KeyError.*'env'""}",True,empty,,False,False,False,False,,"{""empty"": true}"
COD-02,full,p0,12,1,grep_search,"{""pattern"": ""KeyError.*'env'"", ""path"": ""access.log""}","{""path"": ""access.log"", ""pattern"": ""KeyError.*'env'""}",True,empty,,False,False,False,False,,"{""empty"": true}"
COD-02,full,p0,13,1,grep_search,"{""pattern"": ""KeyError.*'env'"", ""path"": ""error.log""}","{""path"": ""error.log"", ""pattern"": ""KeyError.*'env'""}",True,duplicate,,False,True,False,False,,"{""duplicate"": true}"
COD-02,full,p0,14,1,grep_search,"{""pattern"": ""KeyError.*'env'"", ""path"": ""app.log""}","{""path"": ""app.log"", ""pattern"": ""KeyError.*'env'""}",True,duplicate,,False,True,False,False,,"{""duplicate"": true}"
COD-02,full,p0,15,1,grep_search,"{""pattern"": ""KeyError.*'env'"", ""path"": ""stderr.log""}","{""path"": ""stderr.log"", ""pattern"": ""KeyError.*'env'""}",True,duplicate,,False,True,False,False,,"{""duplicate"": true}"
COD-02,full,p0,16,1,grep_search,"{""",{},True,empty,,False,True,False,False,,"{""empty"": true}"
COD-03,full,p0,1,1,kubectl_get,"{""resource"": ""pods"", ""namespace"": ""default""}","{""namespace"": ""default"", ""resource"": ""pods""}",True,empty,,False,False,False,False,,"{""empty"": true}"
COD-03,full,p0,2,2,kubectl_get,"{""resource"": ""pods"", ""namespace"": ""default""}","{""namespace"": ""default"", ""resource"": ""pods""}",True,duplicate,,False,True,False,False,,"{""duplicate"": true}"
COD-03,full,p0,3,3,kubectl_get,"{""resource"": ""pods"", ""namespace"": ""default""}","{""namespace"": ""default"", ""resource"": ""pods""}",True,duplicate,,False,True,False,False,,"{""duplicate"": true}"
COD-04,full,p0,1,1,grep_search,"{""pattern"": ""No such file"", ""path"": ""/var/log/ansible.log""}","{""path"": ""/var/log/ansible.log"", ""pattern"": ""No such file""}",True,empty,,False,False,False,False,,"{""empty"": true}"
COD-04,full,p0,2,2,grep_search,"{""pattern"": ""No such file"", ""path"": ""/var/log/ansible.log""}","{""path"": ""/var/log/ansible.log"", ""pattern"": ""No such file""}",True,duplicate,,False,True,False,False,,"{""duplicate"": true}"
COD-04,full,p0,3,3,grep_search,"{""pattern"": ""No such file"", ""path"": ""/var/log/ansible.log""}","{""path"": ""/var/log/ansible.log"", ""pattern"": ""No such file""}",True,duplicate,,False,True,False,False,,"{""duplicate"": true}"
COD-05,full,p0,1,1,grep_search,"{""pattern"": ""JSON parse error"", ""path"": ""/var/log/syslog""}","{""path"": ""/var/log/syslog"", ""pattern"": ""JSON parse error""}",True,empty,,False,False,False,False,,"{""empty"": true}"
COD-05,full,p0,2,2,grep_search,"{""pattern"": ""JSON parse error"", ""path"": ""/var/log/messages""}","{""path"": ""/var/log/messages"", ""pattern"": ""JSON parse error""}",True,empty,,False,False,False,False,,"{""empty"": true}"
COD-05,full,p0,3,3,grep_search,"{""pattern"": ""JSON parse error"", ""path"": ""/var/log/nginx/error.log""}","{""path"": ""/var/log/nginx/error.log"", ""pattern"": ""JSON parse error""}",True,empty,,False,False,False,False,,"{""empty"": true}"
COD-06,full,p0,1,1,grep_search,"{""pattern"": ""YAML parse error"", ""path"": ""/var/log/helm""}","{""path"": ""/var/log/helm"", ""pattern"": ""YAML parse error""}",True,empty,,False,False,False,False,,"{""empty"": true}"
COD-06,full,p0,2,1,grep_search,"{""pattern"": ""YAML parse error"", ""path"": ""/var/log/kubernetes""}","{""path"": ""/var/log/kubernetes"", ""pattern"": ""YAML parse error""}",True,empty,,False,False,False,False,,"{""empty"": true}"
COD-06,full,p0,3,1,grep_search,"{""pattern"": ""YAML parse error"", ""path"": ""/var/log/nginx""}","{""path"": ""/var/log/nginx"", ""pattern"": ""YAML parse error""}",True,empty,,False,False,False,False,,"{""empty"": true}"
COD-06,full,p0,4,1,grep_search,"{""pattern"": ""YAML parse error"", ""path"": ""/var/log/nginx/error.log""}","{""path"": ""/var/log/nginx/error.log"", ""pattern"": ""YAML parse error""}",True,empty,,False,False,False,False,,"{""empty"": true}"
COD-06,full,p0,5,1,grep_search,"{""pattern"": ""YAML parse error"", ""path"": ""/var/log/nginx/access.log""}","{""path"": ""/var/log/nginx/access.log"", ""pattern"": ""YAML parse error""}",True,empty,,False,False,False,False,,"{""empty"": true}"
COD-06,full,p0,6,1,grep_search,"{""pattern"": ""YAML parse error"", ""path"": ""/var/log/nginx/error.log""}","{""path"": ""/var/log/nginx/error.log"", ""pattern"": ""YAML parse error""}",True,duplicate,,False,True,False,False,,"{""duplicate"": true}"
COD-06,full,p0,7,1,grep_search,"{""pattern"": ""YAML parse error"", ""path"": ""/var/log/nginx/access.log""}","{""path"": ""/var/log/nginx/access.log"", ""pattern"": ""YAML parse error""}",True,duplicate,,False,True,False,False,,"{""duplicate"": true}"
COD-06,full,p0,8,1,grep_search,"{""pattern"": ""YAML parse error"", ""path"": ""/var/log/nginx/error.log""}","{""path"": ""/var/log/nginx/error.log"", ""pattern"": ""YAML parse error""}",True,duplicate,,False,True,False,False,,"{""duplicate"": true}"
COD-06,full,p0,9,1,grep_search,"{""pattern"": ""YAML parse error"", ""path"": ""/var/log/nginx/access.log""}","{""path"": ""/var/log/nginx/access.log"", ""pattern"": ""YAML parse error""}",True,duplicate,,False,True,False,False,,"{""duplicate"": true}"
COD-06,full,p0,10,1,grep_search,"{""pattern"": ""YAML parse error"", ""path"": ""/var/log/nginx/error.log""}","{""path"": ""/var/log/nginx/error.log"", ""pattern"": ""YAML parse error""}",True,duplicate,,False,True,False,False,,"{""duplicate"": true}"
COD-06,full,p0,11,1,grep_search,"{""pattern"": ""YAML parse error"", ""path"": ""/var/log/nginx/access.log""}","{""path"": ""/var/log/nginx/access.log"", ""pattern"": ""YAML parse error""}",True,duplicate,,False,True,False,False,,"{""duplicate"": true}"
COD-06,full,p0,12,1,grep_search,"{""pattern"": ""YAML parse error"", ""path"": ""/var/log/nginx/error.log""}","{""path"": ""/var/log/nginx/error.log"", ""pattern"": ""YAML parse error""}",True,duplicate,,False,True,False,False,,"{""duplicate"": true}"
COD-06,full,p0,13,1,grep_search,"{""pattern"": ""YAML parse error"", ""path"": ""/var/log/nginx/access.log""}","{""path"": ""/var/log/nginx/access.log"", ""pattern"": ""YAML parse error""}",True,duplicate,,False,True,False,False,,"{""duplicate"": true}"
COD-06,full,p0,14,1,grep_search,"{""pattern"": ""YAML parse error"", ""path"": ""/var/log/nginx/error.log""}","{""path"": ""/var/log/nginx/error.log"", ""pattern"": ""YAML parse error""}",True,duplicate,,False,True,False,False,,"{""duplicate"": true}"
COD-06,full,p0,15,2,grep_search,"{""pattern"": ""YAML parse error"", ""path"": ""/var/log/nginx/access.log""}","{""path"": ""/var/log/nginx/access.log"", ""pattern"": ""YAML parse error""}",True,duplicate,,False,True,False,False,,"{""duplicate"": true}"
COD-06,full,p0,16,3,grep_search,"{""pattern"": ""YAML parse error"", ""path"": ""/var/log/nginx/error.log""}","{""path"": ""/var/log/nginx/error.log"", ""pattern"": ""YAML parse error""}",True,duplicate,,False,True,False,False,,"{""duplicate"": true}"
SEC-01,full,p0,1,1,grep_search,"{""pattern"": ""Failed password"", ""path"": ""/var/log/auth.log""}","{""path"": ""/var/log/auth.log"", ""pattern"": ""Failed password""}",True,empty,,False,False,False,False,,"{""empty"": true}"
SEC-01,full,p0,2,1,grep_search,"{""pattern"": ""Invalid user"", ""path"": ""/var/log/auth.log""}","{""path"": ""/var/log/auth.log"", ""pattern"": ""Invalid user""}",True,empty,,False,False,False,False,,"{""empty"": true}"
SEC-01,full,p0,3,1,grep_search,"{""pattern"": ""Connection closed"", ""path"": ""/var/log/auth.log""}","{""path"": ""/var/log/auth.log"", ""pattern"": ""Connection closed""}",True,empty,,False,False,False,False,,"{""empty"": true}"
SEC-01,full,p0,4,1,grep_search,"{""pattern"": ""sshd"", ""path"": ""/etc/ssh/sshd_config""}","{""path"": ""/etc/ssh/sshd_config"", ""pattern"": ""sshd""}",True,empty,,False,False,False,False,,"{""empty"": true}"
SEC-01,full,p0,5,1,grep_search,"{""pattern"": ""PermitRootLogin"", ""path"": ""/etc/ssh/sshd_config""}","{""path"": ""/etc/ssh/sshd_config"", ""pattern"": ""PermitRootLogin""}",True,empty,,False,False,False,False,,"{""empty"": true}"
SEC-01,full,p0,6,1,grep_search,"{""pattern"": ""PasswordAuthentication"", ""path"": ""/etc/ssh/sshd_config""}","{""path"": ""/etc/ssh/sshd_config"", ""pattern"": ""PasswordAuthentication""}",True,empty,,False,False,False,False,,"{""empty"": true}"
SEC-01,full,p0,7,1,grep_search,"{""pattern"": ""Port"", ""path"": ""/etc/ssh/sshd_config""}","{""path"": ""/etc/ssh/sshd_config"", ""pattern"": ""Port""}",True,empty,,False,False,False,False,,"{""empty"": true}"
SEC-01,full,p0,8,1,grep_search,"{""pattern"": ""AllowUsers"", ""path"": ""/etc/ssh/sshd_config""}","{""path"": ""/etc/ssh/sshd_config"", ""pattern"": ""AllowUsers""}",True,empty,,False,False,False,False,,"{""empty"": true}"
SEC-01,full,p0,9,1,grep_search,"{""pattern"": ""AllowGroups"", ""path"": ""/etc/ssh/sshd_config""}","{""path"": ""/etc/ssh/sshd_config"", ""pattern"": ""AllowGroups""}",True,empty,,False,False,False,False,,"{""empty"": true}"
SEC-01,full,p0,10,1,grep_search,"{""pattern"": ""MaxAuthTries"", ""path"": ""/etc/ssh/sshd_config""}","{""path"": ""/etc/ssh/sshd_config"", ""pattern"": ""MaxAuthTries""}",True,empty,,False,False,False,False,,"{""empty"": true}"
SEC-01,full,p0,11,1,grep_search,"{""pattern"": ""LoginGraceTime"", ""path"": ""/etc/ssh/sshd_config""}","{""path"": ""/etc/ssh/sshd_config"", ""pattern"": ""LoginGraceTime""}",True,empty,,False,False,False,False,,"{""empty"": true}"
SEC-01,full,p0,12,1,grep_search,"{""pattern"": ""ClientAliveInterval"", ""path"": ""/etc/ssh/sshd_config""}","{""path"": ""/etc/ssh/sshd_config"", ""pattern"": ""ClientAliveInterval""}",True,empty,,False,False,False,False,,"{""empty"": true}"
SEC-01,full,p0,13,1,grep_search,"{""pattern"": ""ClientAliveCountMax"", ""path"": ""/etc/ssh/sshd_config""}","{""path"": ""/etc/ssh/sshd_config"", ""pattern"": ""ClientAliveCountMax""}",True,empty,,False,False,False,False,,"{""empty"": true}"
SEC-01,full,p0,14,1,grep_search,"{""pattern"": ""UsePAM"", ""path"": ""/etc/ssh/sshd_config""}","{""path"": ""/etc/ssh/sshd_config"", ""pattern"": ""UsePAM""}",True,empty,,False,False,False,False,,"{""empty"": true}"
SEC-01,full,p0,15,1,grep_search,"{""pattern"": ""ChallengeResponseAuthentication"", ""path",{},True,empty,,False,False,False,False,,"{""empty"": true}"
SEC-02,full,p0,1,1,kubectl_get,"{""resource"": ""pods"", ""namespace"": ""default""}","{""namespace"": ""default"", ""resource"": ""pods""}",True,empty,,False,False,False,False,,"{""empty"": true}"
SEC-02,full,p0,2,1,kubectl_describe,"{""pod"": ""nginx"", ""namespace"": ""default""}","{""namespace"": ""default"", ""pod"": ""nginx""}",True,not_found,,False,False,False,False,,"{""not_found"": true}"
SEC-02,full,p0,3,1,kubectl_logs,"{""pod"": ""nginx"", ""namespace"": ""default""}","{""namespace"": ""default"", ""pod"": ""nginx""}",True,not_found,,False,False,False,False,,"{""not_found"": true}"
SEC-02,full,p0,4,2,kubectl_get,"{""resource"": ""pods"", ""namespace"": ""kube-system""}","{""namespace"": ""kube-system"", ""resource"": ""pods""}",True,empty,,False,False,False,False,,"{""empty"": true}"
SEC-02,full,p0,5,2,kubectl_describe,"{""pod"": ""kube-apiserver"", ""namespace"": ""kube-system""}","{""namespace"": ""kube-system"", ""pod"": ""kube-apiserver""}",True,not_found,,False,False,False,False,,"{""not_found"": true}"
SEC-02,full,p0,6,2,kubectl_logs,"{""pod"": ""kube-apiserver"", ""namespace"": ""kube-system""}","{""namespace"": ""kube-system"", ""pod"": ""kube-apiserver""}",True,not_found,,False,False,False,False,,"{""not_found"": true}"
SEC-02,full,p0,7,3,kubectl_get,"{""resource"": ""pods"", ""namespace"": ""kube-system""}","{""namespace"": ""kube-system"", ""resource"": ""pods""}",True,duplicate,,False,True,False,False,,"{""duplicate"": true}"
SEC-02,full,p0,8,3,kubectl_describe,"{""pod"": ""kube-apiserver"", ""namespace"": ""kube-system""}","{""namespace"": ""kube-system"", ""pod"": ""kube-apiserver""}",True,duplicate,,False,True,False,False,,"{""duplicate"": true}"
SEC-02,full,p0,9,3,kubectl_logs,"{""pod"": ""kube-apiserver"", ""namespace"": ""kube-system""}","{""namespace"": ""kube-system"", ""pod"": ""kube-apiserver""}",True,duplicate,,False,True,False,False,,"{""duplicate"": true}"
SEC-03,full,p0,1,1,grep_search,"{""pattern"": ""admin"", ""path"": ""/etc/nginx/sites-enabled/""}","{""path"": ""/etc/nginx/sites-enabled/"", ""pattern"": ""admin""}",True,empty,,False,False,False,False,,"{""empty"": true}"
SEC-03,full,p0,2,1,grep_search,"{""pattern"": ""admin"", ""path"": ""/etc/nginx/sites-available/""}","{""path"": ""/etc/nginx/sites-available/"", ""pattern"": ""admin""}",True,empty,,False,False,False,False,,"{""empty"": true}"
SEC-03,full,p0,3,1,grep_search,"{""pattern"": ""admin"", ""path"": ""/etc/nginx/nginx.conf""}","{""path"": ""/etc/nginx/nginx.conf"", ""pattern"": ""admin""}",True,empty,,False,False,False,False,,"{""empty"": true}"
SEC-03,full,p0,4,1,grep_search,"{""pattern"": ""admin"", ""path"": ""/etc/nginx/conf.d/""}","{""path"": ""/etc/nginx/conf.d/"", ""pattern"": ""admin""}",True,empty,,False,False,False,False,,"{""empty"": true}"
SEC-03,full,p0,5,1,grep_search,"{""pattern"": ""admin"", ""path"": ""/etc/nginx/""}","{""path"": ""/etc/nginx/"", ""pattern"": ""admin""}",True,empty,,False,False,False,False,,"{""empty"": true}"
SEC-03,full,p0,6,1,grep_search,"{""pattern"": ""admin"", ""path"": ""/var/www/""}","{""path"": ""/var/www/"", ""pattern"": ""admin""}",True,empty,,False,False,False,False,,"{""empty"": true}"
SEC-03,full,p0,7,1,grep_search,"{""pattern"": ""admin"", ""path"": ""/usr/share/nginx/html/""}","{""path"": ""/usr/share/nginx/html/"", ""pattern"": ""admin""}",True,empty,,False,False,False,False,,"{""empty"": true}"
SEC-03,full,p0,8,1,grep_search,"{""pattern"": ""admin"", ""path"": ""/var/www/html/""}","{""path"": ""/var/www/html/"", ""pattern"": ""admin""}",True,empty,,False,False,False,False,,"{""empty"": true}"
SEC-03,full,p0,9,1,grep_search,"{""pattern"": ""admin"", ""path"": ""/var/www/""}","{""path"": ""/var/www/"", ""pattern"": ""admin""}",True,duplicate,,False,True,False,False,,"{""duplicate"": true}"
SEC-03,full,p0,10,1,grep_search,"{""pattern"": ""admin"", ""path"": ""/etc/apache2/sites-enabled/""}","{""path"": ""/etc/apache2/sites-enabled/"", ""pattern"": ""admin""}",True,empty,,False,True,False,False,,"{""empty"": true}"
SEC-03,full,p0,11,1,grep_search,"{""pattern"": ""admin"", ""path"": ""/etc/apache2/sites-available/""}","{""path"": ""/etc/apache2/sites-available/"", ""pattern"": ""admin""}",True,empty,,False,True,False,False,,"{""empty"": true}"
SEC-03,full,p0,12,1,grep_search,"{""pattern"": ""admin"", ""path"": ""/etc/apache2/apache2.conf""}","{""path"": ""/etc/apache2/apache2.conf"", ""pattern"": ""admin""}",True,empty,,False,True,False,False,,"{""empty"": true}"
SEC-03,full,p0,13,1,grep_search,"{""pattern"": ""admin"", ""path"": ""/etc/apache2/conf.d/""}","{""path"": ""/etc/apache2/conf.d/"", ""pattern"": ""admin""}",True,empty,,False,True,False,False,,"{""empty"": true}"
SEC-03,full,p0,14,1,grep_search,"{""pattern"": ""admin"", ""path"": ""/etc/apache2/""}","{""path"": ""/etc/apache2/"", ""pattern"": ""admin""}",True,empty,,False,True,False,False,,"{""empty"": true}"
SEC-03,full,p0,15,1,grep_search,"{""pattern"": ""admin"", ""path"": ""/var/www/""}","{""path"": ""/var/www/"", ""pattern"": ""admin""}",True,duplicate,,False,True,False,False,,"{""duplicate"": true}"
SEC-03,full,p0,16,1,grep_search,"{""pattern"": ""admin"", ""path"": ""/usr/share/nginx/html",{},True,empty,,False,True,False,False,,"{""empty"": true}"
SEC-04,full,p0,1,1,git_status,"{""repo"": ""path/to/repo""}","{""repo"": ""path/to/repo""}",True,empty,,False,False,False,False,,"{""empty"": true}"
SEC-04,full,p0,2,1,git_diff,"{""repo"": ""path/to/repo""}","{""repo"": ""path/to/repo""}",True,empty,,False,False,False,False,,"{""empty"": true}"
SEC-04,full,p0,3,1,git_show,"{""commit"": ""HEAD"", ""repo"": ""path/to/repo""}","{""commit"": ""HEAD"", ""repo"": ""path/to/repo""}",True,empty,,False,False,False,False,,"{""empty"": true}"
X-01,full,p0,1,1,kubectl_get,"{""resource"": ""pods"", ""namespace"": ""default""}","{""namespace"": ""default"", ""resource"": ""pods""}",True,empty,,False,False,False,False,,"{""empty"": true}"
X-01,full,p0,2,1,kubectl_describe,"{""pod"": ""pod_name"", ""namespace"": ""default""}","{""namespace"": ""default"", ""pod"": ""pod_name""}",True,not_found,,False,False,False,False,,"{""not_found"": true}"
X-01,full,p0,3,1,kubectl_logs,"{""pod"": ""pod_name"", ""namespace"": ""default""}","{""namespace"": ""default"", ""pod"": ""pod_name""}",True,not_found,,False,False,False,False,,"{""not_found"": true}"
X-01,full,p0,4,1,kubectl_get,"{""resource"": ""services"", ""namespace"": ""default""}","{""namespace"": ""default"", ""resource"": ""services""}",True,empty,,False,False,False,False,,"{""empty"": true}"
X-01,full,p0,5,1,kubectl_describe,"{""pod"": ""db_pod_name"", ""namespace"": ""default""}","{""namespace"": ""default"", ""pod"": ""db_pod_name""}",True,not_found,,False,False,False,False,,"{""not_found"": true}"
X-01,full,p0,6,1,kubectl_logs,"{""pod"": ""db_pod_name"", ""namespace"": ""default""}","{""namespace"": ""default"", ""pod"": ""db_pod_name""}",True,not_found,,False,False,False,False,,"{""not_found"": true}"
X-02,full,p0,1,1,systemctl_status,"{""service"": ""nginx""}","{""service"": ""nginx""}",True,empty,,False,False,False,False,,"{""empty"": true}"
X-02,full,p0,2,1,journalctl_read,"{""service"": ""nginx""}","{""service"": ""nginx""}",True,empty,,False,False,False,False,,"{""empty"": true}"
X-02,full,p0,3,1,kubectl_get,"{""resource"": ""pods"", ""namespace"": ""default""}","{""namespace"": ""default"", ""resource"": ""pods""}",True,empty,,False,False,False,False,,"{""empty"": true}"
X-02,full,p0,4,1,kubectl_describe,"{""pod"": ""nginx-deployment-7c98c4d5c4-5qz5q"", ""namespace"": ""default""}","{""namespace"": ""default"", ""pod"": ""nginx-deployment-7c98c4d5c4-5qz5q""}",True,not_found,,False,False,False,False,,"{""not_found"": true}"
X-02,full,p0,5,1,kubectl_logs,"{""pod"": ""nginx-deployment-7c98c4d5c4-5qz5q"", ""namespace"": ""default""}","{""namespace"": ""default"", ""pod"": ""nginx-deployment-7c98c4d5c4-5qz5q""}",True,not_found,,False,False,False,False,,"{""not_found"": true}"
X-02,full,p0,6,1,grep_search,"{""pattern"": ""TLS"", ""path"": ""/etc/nginx/nginx.conf""}","{""path"": ""/etc/nginx/nginx.conf"", ""pattern"": ""TLS""}",True,empty,,False,False,False,False,,"{""empty"": true}"
X-02,full,p0,7,1,grep_search,"{""pattern"": ""ssl_certificate"", ""path"": ""/etc/nginx/nginx.conf""}","{""path"": ""/etc/nginx/nginx.conf"", ""pattern"": ""ssl_certificate""}",True,empty,,False,False,False,False,,"{""empty"": true}"
X-02,full,p0,8,1,grep_search,"{""pattern"": ""ssl_certificate_key"", ""path"": ""/etc/nginx/nginx.conf""}","{""path"": ""/etc/nginx/nginx.conf"", ""pattern"": ""ssl_certificate_key""}",True,empty,,False,False,False,False,,"{""empty"": true}"
X-02,full,p0,9,1,shell_readonly,"{""command"": ""openssl x509 -in /etc/nginx/ssl/cert.pem -noout -dates""}","{""command"": ""openssl x509 -in /etc/nginx/ssl/cert.pem -noout -dates""}",True,unsupported_command,,False,False,False,False,,"{""unsupported_command"": true, ""family"": ""openssl""}"
X-02,full,p0,10,2,grep_search,"{""pattern"": ""ssl_certificate"", ""path"": ""/etc/nginx/sites-enabled/""}","{""path"": ""/etc/nginx/sites-enabled/"", ""pattern"": ""ssl_certificate""}",True,empty,,False,False,False,False,,"{""empty"": true}"
X-02,full,p0,11,2,grep_search,"{""pattern"": ""ssl_certificate_key"", ""path"": ""/etc/nginx/sites-enabled/""}","{""path"": ""/etc/nginx/sites-enabled/"", ""pattern"": ""ssl_certificate_key""}",True,empty,,False,False,False,False,,"{""empty"": true}"
X-02,full,p0,12,2,list_directory,"{""path"": ""/etc/nginx/ssl/""}","{""path"": ""/etc/nginx/ssl/""}",True,empty,,False,False,False,False,,"{""empty"": true}"
X-02,full,p0,13,2,shell_readonly,"{""command"": ""date -d \""$(openssl x509 -in /etc/nginx/ssl/cert.pem -noout -enddate | cut -d= -f2)\"" +%s""}","{""command"": ""date -d \""$(openssl x509 -in /etc/nginx/ssl/cert.pem -noout -enddate | cut -d= -f2)\"" +%s""}",True,unsupported_command,,False,False,False,False,,"{""unsupported_command"": true, ""family"": ""date""}"
X-02,full,p0,14,2,shell_readonly,"{""command"": ""date +%s""}","{""command"": ""date +%s""}",True,unsupported_command,,False,False,False,False,,"{""unsupported_command"": true, ""family"": ""date""}"
X-02,full,p0,15,3,grep_search,"{""pattern"": ""ssl_certificate"", ""path"": ""/etc/nginx/sites-available/""}","{""path"": ""/etc/nginx/sites-available/"", ""pattern"": ""ssl_certificate""}",True,empty,,False,False,False,False,,"{""empty"": true}"
X-02,full,p0,16,3,grep_search,"{""pattern"": ""ssl_certificate_key"", ""path"": ""/etc/nginx/sites-available/""}","{""path"": ""/etc/nginx/sites-available/"", ""pattern"": ""ssl_certificate_key""}",True,empty,,False,False,False,False,,"{""empty"": true}"
X-02,full,p0,17,3,list_directory,"{""path"": ""/etc/nginx/""}","{""path"": ""/etc/nginx/""}",True,empty,,False,False,False,False,,"{""empty"": true}"
X-02,full,p0,18,3,read_file,"{""path"": ""/etc/nginx/nginx.conf""}","{""path"": ""/etc/nginx/nginx.conf""}",True,not_found,,False,False,False,False,,"{""not_found"": true}"
X-03,full,p0,1,1,shell_readonly,"{""command"": ""df -h""}","{""command"": ""df -h""}",True,revealed,E1,True,False,True,True,,"{""revealed"": [{""id"": ""E1"", ""tool"": ""shell_readonly"", ""key"": ""df -h"", ""text"": ""/var/lib 100%""}]}"
X-03,full,p0,2,2,shell_readonly,"{""command"": ""du -sh /var/lib/* | sort -hr | head -10""}","{""command"": ""du -sh /var/lib/* | sort -hr | head -10""}",True,unsupported_command,,False,False,False,False,,"{""unsupported_command"": true, ""family"": ""du""}"
X-03,full,p0,3,3,shell_readonly,"{""command"": ""find /var/lib -type f -exec du -sh {} \\; 2>/dev/null | sort -hr | head -10""}","{""command"": ""find /var/lib -type f -exec du -sh {} \\; 2>/dev/null | sort -hr | head -10""}",True,unsupported_command,,False,False,False,False,,"{""unsupported_command"": true, ""family"": ""find""}"
X-03,full,p0,4,4,shell_readonly,"{""command"": ""ls -lh /var/lib""}","{""command"": ""ls -lh /var/lib""}",True,unsupported_command,,False,False,False,False,,"{""unsupported_command"": true, ""family"": ""ls""}"
X-04,full,p0,1,1,kubectl_get,"{""resource"": ""pods"", ""namespace"": ""default""}","{""namespace"": ""default"", ""resource"": ""pods""}",True,empty,,False,False,False,False,,"{""empty"": true}"
X-04,full,p0,2,2,kubectl_get,"{""resource"": ""pods"", ""namespace"": ""kube-system""}","{""namespace"": ""kube-system"", ""resource"": ""pods""}",True,empty,,False,False,False,False,,"{""empty"": true}"
X-04,full,p0,3,3,kubectl_get,"{""resource"": ""pods"", ""namespace"": ""all""}","{""namespace"": ""all"", ""resource"": ""pods""}",True,empty,,False,False,False,False,,"{""empty"": true}"
LIN-01,routed,p0,1,1,systemctl_status,"{""service"": ""nginx""}","{""service"": ""nginx""}",True,revealed,E1,True,False,True,True,,"{""revealed"": [{""id"": ""E1"", ""tool"": ""systemctl_status"", ""key"": ""nginx"", ""text"": ""nginx.service failed; Active: failed""}]}"
LIN-01,routed,p0,2,2,journalctl_read,"{""service"": ""nginx""}","{""service"": ""nginx""}",True,revealed,E2,True,False,True,True,,"{""revealed"": [{""id"": ""E2"", ""tool"": ""journalctl_read"", ""key"": ""nginx"", ""text"": ""nginx: [emerg] bind() to 0.0.0.0:80 failed (98: Address already in use)""}]}"
LIN-01,routed,p0,3,3,shell_readonly,"{""command"": ""netstat -tulpn | grep :80""}","{""command"": ""netstat -tulpn | grep :80""}",True,unsupported_command,,False,False,False,False,,"{""unsupported_command"": true, ""family"": ""netstat""}"
LIN-01,routed,p0,4,4,shell_readonly,"{""command"": ""ss -tulpn | grep :80""}","{""command"": ""ss -tulpn | grep :80""}",True,unsupported_command,,False,False,False,False,,"{""unsupported_command"": true, ""family"": ""ss""}"
LIN-01,routed,p0,5,5,shell_readonly,"{""command"": ""lsof -i :80""}","{""command"": ""lsof -i :80""}",True,unsupported_command,,False,False,False,False,,"{""unsupported_command"": true, ""family"": ""lsof""}"
LIN-02,routed,p0,1,1,shell_readonly,"{""command"": ""df -h /var""}","{""command"": ""df -h /var""}",True,unsupported_command,,False,False,False,False,,"{""unsupported_command"": true, ""family"": ""df""}"
LIN-02,routed,p0,2,2,shell_readonly,"{""command"": ""du -sh /var/* 2>/dev/null | sort -hr | head -10""}","{""command"": ""du -sh /var/* 2>/dev/null | sort -hr | head -10""}",True,unsupported_command,,False,False,False,False,,"{""unsupported_command"": true, ""family"": ""du""}"
LIN-02,routed,p0,3,3,shell_readonly,"{""command"": ""ls -lh /var | head -20""}","{""command"": ""ls -lh /var | head -20""}",True,unsupported_command,,False,False,False,False,,"{""unsupported_command"": true, ""family"": ""ls""}"
LIN-03,routed,p0,1,1,systemctl_status,"{""service"": ""cron""}","{""service"": ""cron""}",True,empty,,False,False,False,False,,"{""empty"": true}"
LIN-03,routed,p0,2,1,journalctl_read,"{""service"": ""cron""}","{""service"": ""cron""}",True,revealed,E3,True,False,True,True,,"{""revealed"": [{""id"": ""E3"", ""tool"": ""journalctl_read"", ""key"": ""cron"", ""text"": ""backup.sh: /data: No such file or directory""}]}"
LIN-04,routed,p0,1,1,systemctl_status,"{""service"": ""app""}","{""service"": ""app""}",True,revealed,E1,True,False,True,True,,"{""revealed"": [{""id"": ""E1"", ""tool"": ""systemctl_status"", ""key"": ""app"", ""text"": ""app.service: activating (auto-restart)""}]}"
LIN-04,routed,p0,2,2,journalctl_read,"{""service"": ""app""}","{""service"": ""app""}",True,revealed,E2,True,False,True,True,,"{""revealed"": [{""id"": ""E2"", ""tool"": ""journalctl_read"", ""key"": ""app"", ""text"": ""app: out of memory: Killed process""}]}"
LIN-05,routed,p0,1,1,systemctl_status,"{""service"": ""systemd-worker""}","{""service"": ""systemd-worker""}",True,empty,,False,False,False,False,,"{""empty"": true}"
LIN-05,routed,p0,2,1,journalctl_read,"{""service"": ""systemd-worker""}","{""service"": ""systemd-worker""}",True,empty,,False,False,False,False,,"{""empty"": true}"
NET-01,routed,p0,1,1,dns_lookup,"{""hostname"": ""api.internal.example.com""}","{""hostname"": ""api.internal.example.com""}",True,revealed,E1,True,False,True,True,,"{""revealed"": [{""id"": ""E1"", ""tool"": ""dns_lookup"", ""key"": ""api.internal.example.com"", ""text"": ""NXDOMAIN""}]}"
NET-02,routed,p0,1,1,http_get,"{""url"": ""https://example.com""}","{""url"": ""https://example.com""}",True,not_found,,False,False,False,False,,"{""not_found"": true}"
NET-02,routed,p0,2,2,dns_lookup,"{""hostname"": ""example.com""}","{""hostname"": ""example.com""}",True,not_found,,False,False,False,False,,"{""not_found"": true}"
NET-03,routed,p0,1,1,http_get,"{""url"": ""https://example.com""}","{""url"": ""https://example.com""}",True,not_found,,False,False,False,False,,"{""not_found"": true}"
NET-03,routed,p0,2,1,dns_lookup,"{""hostname"": ""example.com""}","{""hostname"": ""example.com""}",True,not_found,,False,False,False,False,,"{""not_found"": true}"
NET-04,routed,p0,1,1,dns_lookup,"{""hostname"": ""db.internal""}","{""hostname"": ""db.internal""}",True,revealed,E1,True,False,True,True,,"{""revealed"": [{""id"": ""E1"", ""tool"": ""dns_lookup"", ""key"": ""db.internal"", ""text"": ""10.9.9.9 (expected 10.0.0.10)""}]}"
NET-05,routed,p0,1,1,http_get,"{""url"": ""http://example.com""}","{""url"": ""http://example.com""}",True,not_found,,False,False,False,False,,"{""not_found"": true}"
NET-05,routed,p0,2,2,dns_lookup,"{""hostname"": ""example.com""}","{""hostname"": ""example.com""}",True,not_found,,False,False,False,False,,"{""not_found"": true}"
K8S-01,routed,p0,1,1,kubectl_describe,"{""pod"": ""web"", ""namespace"": ""prod""}","{""namespace"": ""prod"", ""pod"": ""web""}",True,revealed,E2,True,False,True,True,,"{""revealed"": [{""id"": ""E2"", ""tool"": ""kubectl_describe"", ""key"": ""web"", ""text"": ""Exit Code 1; Liveness HTTP 500""}]}"
K8S-01,routed,p0,2,2,kubectl_logs,"{""pod"": ""web"", ""namespace"": ""prod""}","{""namespace"": ""prod"", ""pod"": ""web""}",True,revealed,E3,True,False,True,True,,"{""revealed"": [{""id"": ""E3"", ""tool"": ""kubectl_logs"", ""key"": ""web"", ""text"": ""panic: dial tcp 10.0.0.10:5432: connection refused""}]}"
K8S-01,routed,p0,3,3,kubectl_get,"{""resource"": ""pod"", ""namespace"": ""prod""}","{""namespace"": ""prod"", ""resource"": ""pod""}",True,revealed,E1,True,False,True,True,,"{""revealed"": [{""id"": ""E1"", ""tool"": ""kubectl_get"", ""key"": ""pods"", ""text"": ""web 0/1 CrashLoopBackOff""}]}"
K8S-02,routed,p0,1,1,kubectl_get,"{""resource"": ""pods"", ""namespace"": ""default""}","{""namespace"": ""default"", ""resource"": ""pods""}",True,revealed,E1,True,False,True,True,,"{""revealed"": [{""id"": ""E1"", ""tool"": ""kubectl_get"", ""key"": ""pods"", ""text"": ""api 0/1 Pending""}]}"
K8S-02,routed,p0,2,2,kubectl_describe,"{""pod"": ""api"", ""namespace"": ""default""}","{""namespace"": ""default"", ""pod"": ""api""}",True,revealed,E2,True,False,True,True,,"{""revealed"": [{""id"": ""E2"", ""tool"": ""kubectl_describe"", ""key"": ""api"", ""text"": ""0/2 nodes available: insufficient cpu""}]}"
K8S-02,routed,p0,3,3,kubectl_get,"{""resource"": ""nodes"", ""namespace"": ""default""}","{""namespace"": ""default"", ""resource"": ""nodes""}",True,empty,,False,False,False,False,,"{""empty"": true}"
K8S-03,routed,p0,1,1,kubectl_get,"{""resource"": ""pods"", ""namespace"": ""default""}","{""namespace"": ""default"", ""resource"": ""pods""}",True,empty,,False,False,False,False,,"{""empty"": true}"
K8S-03,routed,p0,2,2,kubectl_get,"{""resource"": ""pods"", ""namespace"": ""default""}","{""namespace"": ""default"", ""resource"": ""pods""}",True,duplicate,,False,True,False,False,,"{""duplicate"": true}"
K8S-03,routed,p0,3,3,kubectl_get,"{""resource"": ""pods"", ""namespace"": ""default""}","{""namespace"": ""default"", ""resource"": ""pods""}",True,duplicate,,False,True,False,False,,"{""duplicate"": true}"
K8S-04,routed,p0,1,1,kubectl_get,"{""resource"": ""pods"", ""namespace"": ""default""}","{""namespace"": ""default"", ""resource"": ""pods""}",True,empty,,False,False,False,False,,"{""empty"": true}"
K8S-04,routed,p0,2,2,kubectl_get,"{""resource"": ""pods"", ""namespace"": ""default""}","{""namespace"": ""default"", ""resource"": ""pods""}",True,duplicate,,False,True,False,False,,"{""duplicate"": true}"
K8S-04,routed,p0,3,3,kubectl_describe,"{""pod"": ""worker"", ""namespace"": ""default""}","{""namespace"": ""default"", ""pod"": ""worker""}",True,revealed,E1,True,True,True,True,,"{""revealed"": [{""id"": ""E1"", ""tool"": ""kubectl_describe"", ""key"": ""worker"", ""text"": ""State: OOMKilled; Exit 137""}]}"
K8S-04,routed,p0,4,4,kubectl_logs,"{""pod"": ""worker"", ""namespace"": ""default""}","{""namespace"": ""default"", ""pod"": ""worker""}",True,not_found,,False,True,False,False,,"{""not_found"": true}"
K8S-04,routed,p0,5,5,kubectl_logs,"{""pod"": ""worker"", ""namespace"": ""default""}","{""namespace"": ""default"", ""pod"": ""worker""}",True,duplicate,,False,True,False,False,,"{""duplicate"": true}"
K8S-04,routed,p0,6,6,kubectl_get,"{""resource"": ""pods"", ""namespace"": ""default""}","{""namespace"": ""default"", ""resource"": ""pods""}",True,duplicate,,False,True,False,False,,"{""duplicate"": true}"
K8S-05,routed,p0,1,1,systemctl_status,"{""service"": ""backend""}","{""service"": ""backend""}",True,empty,,False,False,False,False,,"{""empty"": true}"
K8S-05,routed,p0,2,1,journalctl_read,"{""service"": ""backend""}","{""service"": ""backend""}",True,empty,,False,False,False,False,,"{""empty"": true}"
K8S-05,routed,p0,3,2,shell_readonly,"{""command"": ""systemctl list-unit-files | grep backend""}","{""command"": ""systemctl list-unit-files | grep backend""}",True,unsupported_command,,False,False,False,False,,"{""unsupported_command"": true, ""family"": ""systemctl""}"
K8S-05,routed,p0,4,3,shell_readonly,"{""command"": ""ls -l /etc/systemd/system/ | grep backend""}","{""command"": ""ls -l /etc/systemd/system/ | grep backend""}",True,unsupported_command,,False,False,False,False,,"{""unsupported_command"": true, ""family"": ""ls""}"
K8S-06,routed,p0,1,1,kubectl_get,"{""resource"": ""pod"", ""namespace"": ""default""}","{""namespace"": ""default"", ""resource"": ""pod""}",True,empty,,False,False,False,False,,"{""empty"": true}"
K8S-06,routed,p0,2,2,kubectl_get,"{""resource"": ""pod"", ""namespace"": ""default""}","{""namespace"": ""default"", ""resource"": ""pod""}",True,duplicate,,False,True,False,False,,"{""duplicate"": true}"
K8S-06,routed,p0,3,3,kubectl_get,"{""resource"": ""pod"", ""namespace"": ""default""}","{""namespace"": ""default"", ""resource"": ""pod""}",True,duplicate,,False,True,False,False,,"{""duplicate"": true}"
K8S-07,routed,p0,1,1,kubectl_get,"{""resource"": ""pods"", ""namespace"": ""default""}","{""namespace"": ""default"", ""resource"": ""pods""}",True,empty,,False,False,False,False,,"{""empty"": true}"
K8S-07,routed,p0,2,2,kubectl_get,"{""resource"": ""pods"", ""namespace"": ""default""}","{""namespace"": ""default"", ""resource"": ""pods""}",True,duplicate,,False,True,False,False,,"{""duplicate"": true}"
K8S-07,routed,p0,3,3,kubectl_get,"{""resource"": ""pods"", ""namespace"": ""default""}","{""namespace"": ""default"", ""resource"": ""pods""}",True,duplicate,,False,True,False,False,,"{""duplicate"": true}"
K8S-08,routed,p0,1,1,kubectl_get,"{""resource"": ""pods"", ""namespace"": ""default""}","{""namespace"": ""default"", ""resource"": ""pods""}",True,empty,,False,False,False,False,,"{""empty"": true}"
K8S-08,routed,p0,2,2,kubectl_get,"{""resource"": ""pods"", ""namespace"": ""kube-system""}","{""namespace"": ""kube-system"", ""resource"": ""pods""}",True,empty,,False,False,False,False,,"{""empty"": true}"
K8S-08,routed,p0,3,3,kubectl_get,"{""resource"": ""pods"", ""namespace"": ""all""}","{""namespace"": ""all"", ""resource"": ""pods""}",True,empty,,False,False,False,False,,"{""empty"": true}"
CON-01,routed,p0,1,1,kubectl_get,"{""resource"": ""pods"", ""namespace"": ""default""}","{""namespace"": ""default"", ""resource"": ""pods""}",True,empty,,False,False,False,False,,"{""empty"": true}"
CON-01,routed,p0,2,2,kubectl_get,"{""resource"": ""pods"", ""namespace"": ""default""}","{""namespace"": ""default"", ""resource"": ""pods""}",True,duplicate,,False,True,False,False,,"{""duplicate"": true}"
CON-01,routed,p0,3,3,kubectl_get,"{""resource"": ""pods"", ""namespace"": ""default""}","{""namespace"": ""default"", ""resource"": ""pods""}",True,duplicate,,False,True,False,False,,"{""duplicate"": true}"
CON-02,routed,p0,1,1,systemctl_status,"{""service"": ""docker""}","{""service"": ""docker""}",True,revealed,E1,True,False,True,True,,"{""revealed"": [{""id"": ""E1"", ""tool"": ""systemctl_status"", ""key"": ""docker"", ""text"": ""docker.service inactive (dead)""}]}"
CON-02,routed,p0,2,2,journalctl_read,"{""service"": ""docker""}","{""service"": ""docker""}",True,empty,,False,False,False,False,,"{""empty"": true}"
CON-02,routed,p0,3,3,shell_readonly,"{""command"": ""systemctl start docker""}","{""command"": ""systemctl start docker""}",True,unsupported_command,,False,False,False,False,,"{""unsupported_command"": true, ""family"": ""systemctl""}"
CON-02,routed,p0,4,4,shell_readonly,"{""command"": ""sudo systemctl start docker""}","{""command"": ""sudo systemctl start docker""}",True,unsupported_command,,False,False,False,False,,"{""unsupported_command"": true, ""family"": ""sudo""}"
CON-03,routed,p0,1,1,kubectl_get,"{""resource"": ""pods"", ""namespace"": ""default""}","{""namespace"": ""default"", ""resource"": ""pods""}",True,empty,,False,False,False,False,,"{""empty"": true}"
CON-03,routed,p0,2,2,kubectl_get,"{""resource"": ""pods"", ""namespace"": ""kube-system""}","{""namespace"": ""kube-system"", ""resource"": ""pods""}",True,empty,,False,False,False,False,,"{""empty"": true}"
CON-03,routed,p0,3,3,kubectl_get,"{""resource"": ""pods"", ""namespace"": ""default""}","{""namespace"": ""default"", ""resource"": ""pods""}",True,duplicate,,False,True,False,False,,"{""duplicate"": true}"
CON-04,routed,p0,1,1,kubectl_get,"{""resource"": ""pods"", ""namespace"": ""default""}","{""namespace"": ""default"", ""resource"": ""pods""}",True,empty,,False,False,False,False,,"{""empty"": true}"
CON-04,routed,p0,2,2,kubectl_get,"{""resource"": ""pods"", ""namespace"": ""default""}","{""namespace"": ""default"", ""resource"": ""pods""}",True,duplicate,,False,True,False,False,,"{""duplicate"": true}"
CON-04,routed,p0,3,3,kubectl_get,"{""resource"": ""pods"", ""namespace"": ""default""}","{""namespace"": ""default"", ""resource"": ""pods""}",True,duplicate,,False,True,False,False,,"{""duplicate"": true}"
STO-01,routed,p0,1,1,kubectl_get,"{""resource"": ""pvc"", ""namespace"": ""default""}","{""namespace"": ""default"", ""resource"": ""pvc""}",True,empty,,False,False,False,False,,"{""empty"": true}"
STO-01,routed,p0,2,1,kubectl_describe,"{""pod"": ""pvc-logs"", ""namespace"": ""default""}","{""namespace"": ""default"", ""pod"": ""pvc-logs""}",True,not_found,,False,False,False,False,,"{""not_found"": true}"
STO-01,routed,p0,3,1,kubectl_logs,"{""pod"": ""pvc-logs"", ""namespace"": ""default""}","{""namespace"": ""default"", ""pod"": ""pvc-logs""}",True,not_found,,False,False,False,False,,"{""not_found"": true}"
STO-02,routed,p0,1,1,systemctl_status,"{""service"": ""ceph-osd@*""}","{""service"": ""ceph-osd@*""}",True,empty,,False,False,False,False,,"{""empty"": true}"
STO-02,routed,p0,2,1,journalctl_read,"{""service"": ""ceph-osd@*""}","{""service"": ""ceph-osd@*""}",True,empty,,False,False,False,False,,"{""empty"": true}"
STO-02,routed,p0,3,2,shell_readonly,"{""command"": ""ceph osd tree""}","{""command"": ""ceph osd tree""}",True,revealed,E2,True,False,True,True,,"{""revealed"": [{""id"": ""E2"", ""tool"": ""shell_readonly"", ""key"": ""ceph osd tree"", ""text"": ""osd.3 down (host node7)""}]}"
STO-02,routed,p0,4,3,systemctl_status,"{""service"": ""ceph-osd@3""}","{""service"": ""ceph-osd@3""}",True,empty,,False,False,False,False,,"{""empty"": true}"
STO-02,routed,p0,5,4,journalctl_read,"{""service"": ""ceph-osd@3""}","{""service"": ""ceph-osd@3""}",True,empty,,False,False,False,False,,"{""empty"": true}"
STO-02,routed,p0,6,5,shell_readonly,"{""command"": ""ceph osd dump | grep osd.3""}","{""command"": ""ceph osd dump | grep osd.3""}",True,unsupported_command,,False,False,False,False,,"{""unsupported_command"": true, ""family"": ""ceph""}"
STO-03,routed,p0,1,1,systemctl_status,"{""service"": ""ceph-mon.target""}","{""service"": ""ceph-mon.target""}",True,empty,,False,False,False,False,,"{""empty"": true}"
STO-03,routed,p0,2,1,systemctl_status,"{""service"": ""ceph-osd.target""}","{""service"": ""ceph-osd.target""}",True,empty,,False,False,False,False,,"{""empty"": true}"
STO-03,routed,p0,3,1,journalctl_read,"{""service"": ""ceph-mon.target""}","{""service"": ""ceph-mon.target""}",True,empty,,False,False,False,False,,"{""empty"": true}"
STO-03,routed,p0,4,1,journalctl_read,"{""service"": ""ceph-osd.target""}","{""service"": ""ceph-osd.target""}",True,empty,,False,False,False,False,,"{""empty"": true}"
STO-03,routed,p0,5,1,shell_readonly,"{""command"": ""ceph -s""}","{""command"": ""ceph -s""}",True,unsupported_command,,False,False,False,False,,"{""unsupported_command"": true, ""family"": ""ceph""}"
STO-03,routed,p0,6,1,shell_readonly,"{""command"": ""ceph health detail""}","{""command"": ""ceph health detail""}",True,unsupported_command,,False,False,False,False,,"{""unsupported_command"": true, ""family"": ""ceph""}"
STO-03,routed,p0,7,1,shell_readonly,"{""command"": ""ceph osd tree""}","{""command"": ""ceph osd tree""}",True,unsupported_command,,False,False,False,False,,"{""unsupported_command"": true, ""family"": ""ceph""}"
STO-03,routed,p0,8,1,shell_readonly,"{""command"": ""ceph pg dump | grep undersized""}","{""command"": ""ceph pg dump | grep undersized""}",True,unsupported_command,,False,False,False,False,,"{""unsupported_command"": true, ""family"": ""ceph""}"
STO-03,routed,p0,9,1,shell_readonly,"{""command"": ""ceph osd dump | grep -E \""(osd|crush)\""""}","{""command"": ""ceph osd dump | grep -E \""(osd|crush)\""""}",True,unsupported_command,,False,False,False,False,,"{""unsupported_command"": true, ""family"": ""ceph""}"
STO-03,routed,p0,10,1,shell_readonly,"{""command"": ""ceph osd pool get <pool_name> size""}","{""command"": ""ceph osd pool get <pool_name> size""}",True,unsupported_command,,False,False,False,False,,"{""unsupported_command"": true, ""family"": ""ceph""}"
STO-03,routed,p0,11,1,shell_readonly,"{""command"": ""ceph osd pool get <pool_name> min_size""}","{""command"": ""ceph osd pool get <pool_name> min_size""}",True,unsupported_command,,False,False,False,False,,"{""unsupported_command"": true, ""family"": ""ceph""}"
STO-03,routed,p0,12,1,shell_readonly,"{""command"": ""ceph osd pool get <pool_name> crush_ruleset""}","{""command"": ""ceph osd pool get <pool_name> crush_ruleset""}",True,unsupported_command,,False,False,False,False,,"{""unsupported_command"": true, ""family"": ""ceph""}"
STO-03,routed,p0,13,1,shell_readonly,"{""command"": ""ceph osd crush rule dump""}","{""command"": ""ceph osd crush rule dump""}",True,unsupported_command,,False,False,False,False,,"{""unsupported_command"": true, ""family"": ""ceph""}"
STO-03,routed,p0,14,1,shell_readonly,"{""command"": ""ceph osd crush tunables""}","{""command"": ""ceph osd crush tunables""}",True,unsupported_command,,False,False,False,False,,"{""unsupported_command"": true, ""family"": ""ceph""}"
STO-03,routed,p0,15,1,shell_readonly,"{""command"": ""ceph osd crush tunables show""}","{""command"": ""ceph osd crush tunables show""}",True,unsupported_command,,False,False,False,False,,"{""unsupported_command"": true, ""family"": ""ceph""}"
STO-03,routed,p0,16,1,shell_readonly,"{""command"": ""ceph osd crush tunables set <tunable_name>""}","{""command"": ""ceph osd crush tunables set <tunable_name>""}",True,unsupported_command,,False,False,False,False,,"{""unsupported_command"": true, ""family"": ""ceph""}"
STO-03,routed,p0,17,1,shell_readonly,"{""command"": ""ceph osd pool set <pool_name> size <new_size>""}","{""command"": ""ceph osd pool set <pool_name> size <new_size>""}",True,unsupported_command,,False,False,False,False,,"{""unsupported_command"": true, ""family"": ""ceph""}"
STO-03,routed,p0,18,1,shell_readonly,{,{},True,unsupported_command,,False,False,False,False,,"{""unsupported_command"": true, ""family"": """"}"
STO-04,routed,p0,1,1,systemctl_status,"{""service"": ""drbd""}","{""service"": ""drbd""}",True,empty,,False,False,False,False,,"{""empty"": true}"
STO-04,routed,p0,2,1,journalctl_read,"{""service"": ""drbd""}","{""service"": ""drbd""}",True,empty,,False,False,False,False,,"{""empty"": true}"
STO-04,routed,p0,3,2,shell_readonly,"{""command"": ""drbdadm status""}","{""command"": ""drbdadm status""}",True,unsupported_command,,False,False,False,False,,"{""unsupported_command"": true, ""family"": ""drbdadm""}"
STO-04,routed,p0,4,3,shell_readonly,"{""command"": ""drbd-overview""}","{""command"": ""drbd-overview""}",True,unsupported_command,,False,False,False,False,,"{""unsupported_command"": true, ""family"": ""drbd-overview""}"
STO-05,routed,p0,1,1,systemctl_status,"{""service"": ""drbd""}","{""service"": ""drbd""}",True,empty,,False,False,False,False,,"{""empty"": true}"
STO-05,routed,p0,2,1,journalctl_read,"{""service"": ""drbd""}","{""service"": ""drbd""}",True,empty,,False,False,False,False,,"{""empty"": true}"
STO-05,routed,p0,3,2,shell_readonly,"{""command"": ""drbdadm status""}","{""command"": ""drbdadm status""}",True,unsupported_command,,False,False,False,False,,"{""unsupported_command"": true, ""family"": ""drbdadm""}"
STO-05,routed,p0,4,3,shell_readonly,"{""command"": ""drbd-overview""}","{""command"": ""drbd-overview""}",True,unsupported_command,,False,False,False,False,,"{""unsupported_command"": true, ""family"": ""drbd-overview""}"
STO-06,routed,p0,1,1,kubectl_get,"{""resource"": ""pods"", ""namespace"": ""default""}","{""namespace"": ""default"", ""resource"": ""pods""}",True,empty,,False,False,False,False,,"{""empty"": true}"
STO-06,routed,p0,2,2,kubectl_get,"{""resource"": ""pods"", ""namespace"": ""kube-system""}","{""namespace"": ""kube-system"", ""resource"": ""pods""}",True,empty,,False,False,False,False,,"{""empty"": true}"
STO-06,routed,p0,3,3,kubectl_get,"{""resource"": ""pods"", ""namespace"": ""kube-public""}","{""namespace"": ""kube-public"", ""resource"": ""pods""}",True,empty,,False,False,False,False,,"{""empty"": true}"
VIR-01,routed,p0,1,1,systemctl_status,"{""service"": ""libvirtd""}","{""service"": ""libvirtd""}",True,empty,,False,False,False,False,,"{""empty"": true}"
VIR-01,routed,p0,2,1,journalctl_read,"{""service"": ""libvirtd""}","{""service"": ""libvirtd""}",True,revealed,E1,True,False,True,True,,"{""revealed"": [{""id"": ""E1"", ""tool"": ""journalctl_read"", ""key"": ""libvirtd"", ""text"": ""unsupported configuration: CPU mode host-passthrough not supported""}]}"
VIR-01,routed,p0,3,1,shell_readonly,"{""command"": ""virsh list --all""}","{""command"": ""virsh list --all""}",True,unsupported_command,,True,False,False,False,,"{""unsupported_command"": true, ""family"": ""virsh""}"
VIR-01,routed,p0,4,1,shell_readonly,"{""command"": ""virsh dominfo win10""}","{""command"": ""virsh dominfo win10""}",True,unsupported_command,,True,False,False,False,,"{""unsupported_command"": true, ""family"": ""virsh""}"
VIR-01,routed,p0,5,1,shell_readonly,"{""command"": ""virsh dumpxml win10""}","{""command"": ""virsh dumpxml win10""}",True,unsupported_command,,True,False,False,False,,"{""unsupported_command"": true, ""family"": ""virsh""}"
VIR-01,routed,p0,6,1,shell_readonly,"{""command"": ""ls -l /var/lib/libvirt/images/""}","{""command"": ""ls -l /var/lib/libvirt/images/""}",True,unsupported_command,,True,False,False,False,,"{""unsupported_command"": true, ""family"": ""ls""}"
VIR-01,routed,p0,7,1,shell_readonly,"{""command"": ""qemu-img check /var/lib/libvirt/images/win10.qcow2""}","{""command"": ""qemu-img check /var/lib/libvirt/images/win10.qcow2""}",True,unsupported_command,,True,False,False,False,,"{""unsupported_command"": true, ""family"": ""qemu-img""}"
VIR-01,routed,p0,8,1,shell_readonly,"{""command"": ""virsh start win10""}","{""command"": ""virsh start win10""}",True,unsupported_command,,True,False,False,False,,"{""unsupported_command"": true, ""family"": ""virsh""}"
VIR-01,routed,p0,9,1,journalctl_read,"{""service"": ""libvirtd""}","{""service"": ""libvirtd""}",True,duplicate,,True,True,False,False,,"{""duplicate"": true}"
VIR-01,routed,p0,10,1,shell_readonly,"{""command"": ""virsh console win10""}","{""command"": ""virsh console win10""}",True,unsupported_command,,True,True,False,False,,"{""unsupported_command"": true, ""family"": ""virsh""}"
VIR-01,routed,p0,11,1,shell_readonly,"{""command"": ""virsh qemu-monitor-command win10 \""info block\""""}","{""command"": ""virsh qemu-monitor-command win10 \""info block\""""}",True,unsupported_command,,True,True,False,False,,"{""unsupported_command"": true, ""family"": ""virsh""}"
VIR-01,routed,p0,12,1,shell_readonly,"{""command"": ""virsh qemu-monitor-command win10 \""info blockstats\""""}","{""command"": ""virsh qemu-monitor-command win10 \""info blockstats\""""}",True,unsupported_command,,True,True,False,False,,"{""unsupported_command"": true, ""family"": ""virsh""}"
VIR-01,routed,p0,13,1,shell_readonly,"{""command"": ""virsh qemu-monitor-command win10 \""info status\""""}","{""command"": ""virsh qemu-monitor-command win10 \""info status\""""}",True,unsupported_command,,True,True,False,False,,"{""unsupported_command"": true, ""family"": ""virsh""}"
VIR-01,routed,p0,14,1,shell_readonly,"{""command"": ""virsh qemu-monitor-command win10 \""info cpus\""""}","{""command"": ""virsh qemu-monitor-command win10 \""info cpus\""""}",True,unsupported_command,,True,True,False,False,,"{""unsupported_command"": true, ""family"": ""virsh""}"
VIR-01,routed,p0,15,1,shell_readonly,"{""command"": ""virsh qemu-monitor-command win10 \""info memory\""""}","{""command"": ""virsh qemu-monitor-command win10 \""info memory\""""}",True,unsupported_command,,True,True,False,False,,"{""unsupported_command"": true, ""family"": ""virsh""}"
VIR-01,routed,p0,16,1,shell_readonly,"{""command"": ""virsh qemu-monitor-command win10 \""info balloon\""""}","{""command"": ""virsh qemu-monitor-command win10 \""info balloon\""""}",True,unsupported_command,,True,True,False,False,,"{""unsupported_command"": true, ""family"": ""virsh""}"
VIR-01,routed,p0,17,1,shell_readonly,"{""command"": ""virsh qemu-mon",{},True,unsupported_command,,True,True,False,False,,"{""unsupported_command"": true, ""family"": """"}"
VIR-02,routed,p0,1,1,shell_readonly,"{""command"": ""lsblk""}","{""command"": ""lsblk""}",True,unsupported_command,,False,False,False,False,,"{""unsupported_command"": true, ""family"": ""lsblk""}"
VIR-02,routed,p0,2,2,shell_readonly,"{""command"": ""fdisk -l""}","{""command"": ""fdisk -l""}",True,unsupported_command,,False,False,False,False,,"{""unsupported_command"": true, ""family"": ""fdisk""}"
VIR-02,routed,p0,3,3,shell_readonly,"{""command"": ""cat /proc/partitions""}","{""command"": ""cat /proc/partitions""}",True,unsupported_command,,False,False,False,False,,"{""unsupported_command"": true, ""family"": ""cat""}"
VIR-03,routed,p0,1,1,systemctl_status,"{""service"": ""network""}","{""service"": ""network""}",True,empty,,False,False,False,False,,"{""empty"": true}"
VIR-03,routed,p0,2,1,journalctl_read,"{""service"": ""network""}","{""service"": ""network""}",True,empty,,False,False,False,False,,"{""empty"": true}"
VIR-03,routed,p0,3,2,shell_readonly,"{""command"": ""ip addr show""}","{""command"": ""ip addr show""}",True,unsupported_command,,False,False,False,False,,"{""unsupported_command"": true, ""family"": ""ip""}"
VIR-03,routed,p0,4,3,shell_readonly,"{""command"": ""ifconfig""}","{""command"": ""ifconfig""}",True,unsupported_command,,False,False,False,False,,"{""unsupported_command"": true, ""family"": ""ifconfig""}"
GIT-01,routed,p0,1,1,git_status,"{""repo"": ""deployment-repo""}","{""repo"": ""deployment-repo""}",True,empty,,False,False,False,False,,"{""empty"": true}"
GIT-01,routed,p0,2,1,git_diff,"{""repo"": ""deployment-repo""}","{""repo"": ""deployment-repo""}",True,empty,,False,False,False,False,,"{""empty"": true}"
GIT-01,routed,p0,3,1,git_show,"{""commit"": ""HEAD"", ""repo"": ""deployment-repo""}","{""commit"": ""HEAD"", ""repo"": ""deployment-repo""}",True,empty,,False,False,False,False,,"{""empty"": true}"
GIT-02,routed,p0,1,1,git_status,"{""repo"": ""production""}","{""repo"": ""production""}",True,empty,,False,False,False,False,,"{""empty"": true}"
CI-01,routed,p0,1,1,grep_search,"{""pattern"": ""docker build"", ""path"": ""pipeline.log""}","{""path"": ""pipeline.log"", ""pattern"": ""docker build""}",True,empty,,False,False,False,False,,"{""empty"": true}"
CI-01,routed,p0,2,1,grep_search,"{""pattern"": ""error"", ""path"": ""pipeline.log""}","{""path"": ""pipeline.log"", ""pattern"": ""error""}",True,empty,,False,False,False,False,,"{""empty"": true}"
CI-01,routed,p0,3,2,grep_search,"{""pattern"": ""failed"", ""path"": ""pipeline.log""}","{""path"": ""pipeline.log"", ""pattern"": ""failed""}",True,empty,,False,False,False,False,,"{""empty"": true}"
CI-01,routed,p0,4,3,grep_search,"{""pattern"": ""exception"", ""path"": ""pipeline.log""}","{""path"": ""pipeline.log"", ""pattern"": ""exception""}",True,empty,,False,False,False,False,,"{""empty"": true}"
CI-02,routed,p0,1,1,kubectl_get,"{""resource"": ""pods"", ""namespace"": ""default""}","{""namespace"": ""default"", ""resource"": ""pods""}",True,empty,,False,False,False,False,,"{""empty"": true}"
CI-02,routed,p0,2,1,kubectl_describe,"{""pod"": ""test-pod"", ""namespace"": ""default""}","{""namespace"": ""default"", ""pod"": ""test-pod""}",True,not_found,,False,False,False,False,,"{""not_found"": true}"
CI-02,routed,p0,3,1,kubectl_logs,"{""pod"": ""test-pod"", ""namespace"": ""default""}","{""namespace"": ""default"", ""pod"": ""test-pod""}",True,not_found,,False,False,False,False,,"{""not_found"": true}"
CI-02,routed,p0,4,2,kubectl_get,"{""resource"": ""pods"", ""namespace"": ""default""}","{""namespace"": ""default"", ""resource"": ""pods""}",True,duplicate,,False,True,False,False,,"{""duplicate"": true}"
CI-02,routed,p0,5,3,kubectl_get,"{""resource"": ""pods"", ""namespace"": ""default""}","{""namespace"": ""default"", ""resource"": ""pods""}",True,duplicate,,False,True,False,False,,"{""duplicate"": true}"
CI-03,routed,p0,1,1,git_status,"{""repo"": ""green-ci-repo""}","{""repo"": ""green-ci-repo""}",True,empty,,False,False,False,False,,"{""empty"": true}"
CI-03,routed,p0,2,1,git_diff,"{""repo"": ""green-ci-repo""}","{""repo"": ""green-ci-repo""}",True,empty,,False,False,False,False,,"{""empty"": true}"
CI-03,routed,p0,3,1,kubectl_get,"{""resource"": ""pods"", ""namespace"": ""default""}","{""namespace"": ""default"", ""resource"": ""pods""}",True,empty,,False,False,False,False,,"{""empty"": true}"
CI-03,routed,p0,4,1,kubectl_describe,"{""pod"": ""green-ci-pod"", ""namespace"": ""default""}","{""namespace"": ""default"", ""pod"": ""green-ci-pod""}",True,not_found,,False,False,False,False,,"{""not_found"": true}"
CI-03,routed,p0,5,1,kubectl_logs,"{""pod"": ""green-ci-pod"", ""namespace"": ""default""}","{""namespace"": ""default"", ""pod"": ""green-ci-pod""}",True,not_found,,False,False,False,False,,"{""not_found"": true}"
CI-03,routed,p0,6,1,systemctl_status,"{""service"": ""green-ci-service""}","{""service"": ""green-ci-service""}",True,empty,,False,False,False,False,,"{""empty"": true}"
CI-03,routed,p0,7,1,journalctl_read,"{""service"": ""green-ci-service""}","{""service"": ""green-ci-service""}",True,empty,,False,False,False,False,,"{""empty"": true}"
COD-01,routed,p0,1,1,read_file,"{""path"": ""/etc/app/config""}","{""path"": ""/etc/app/config""}",True,not_found,,False,False,False,False,,"{""not_found"": true}"
COD-01,routed,p0,2,1,list_directory,"{""path"": ""/etc/app""}","{""path"": ""/etc/app""}",True,empty,,False,False,False,False,,"{""empty"": true}"
COD-01,routed,p0,3,2,grep_search,"{""pattern"": ""config"", ""path"": ""/etc/app""}","{""path"": ""/etc/app"", ""pattern"": ""config""}",True,empty,,False,False,False,False,,"{""empty"": true}"
COD-01,routed,p0,4,3,grep_search,"{""pattern"": ""config"", ""path"": ""/etc""}","{""path"": ""/etc"", ""pattern"": ""config""}",True,empty,,False,False,False,False,,"{""empty"": true}"
COD-02,routed,p0,1,1,grep_search,"{""pattern"": ""KeyError.*'env'"", ""path"": ""app.log""}","{""path"": ""app.log"", ""pattern"": ""KeyError.*'env'""}",True,empty,,False,False,False,False,,"{""empty"": true}"
COD-02,routed,p0,2,1,grep_search,"{""pattern"": ""KeyError.*'env'"", ""path"": ""error.log""}","{""path"": ""error.log"", ""pattern"": ""KeyError.*'env'""}",True,empty,,False,False,False,False,,"{""empty"": true}"
COD-02,routed,p0,3,1,grep_search,"{""pattern"": ""KeyError.*'env'"", ""path"": ""stderr.log""}","{""path"": ""stderr.log"", ""pattern"": ""KeyError.*'env'""}",True,empty,,False,False,False,False,,"{""empty"": true}"
COD-02,routed,p0,4,1,grep_search,"{""pattern"": ""KeyError.*'env'"", ""path"": ""stdout.log""}","{""path"": ""stdout.log"", ""pattern"": ""KeyError.*'env'""}",True,empty,,False,False,False,False,,"{""empty"": true}"
COD-02,routed,p0,5,1,grep_search,"{""pattern"": ""KeyError.*'env'"", ""path"": ""traceback.log""}","{""path"": ""traceback.log"", ""pattern"": ""KeyError.*'env'""}",True,empty,,False,False,False,False,,"{""empty"": true}"
COD-02,routed,p0,6,1,grep_search,"{""pattern"": ""KeyError.*'env'"", ""path"": ""application.log""}","{""path"": ""application.log"", ""pattern"": ""KeyError.*'env'""}",True,empty,,False,False,False,False,,"{""empty"": true}"
COD-02,routed,p0,7,1,grep_search,"{""pattern"": ""KeyError.*'env'"", ""path"": ""debug.log""}","{""path"": ""debug.log"", ""pattern"": ""KeyError.*'env'""}",True,empty,,False,False,False,False,,"{""empty"": true}"
COD-02,routed,p0,8,1,grep_search,"{""pattern"": ""KeyError.*'env'"", ""path"": ""system.log""}","{""path"": ""system.log"", ""pattern"": ""KeyError.*'env'""}",True,empty,,False,False,False,False,,"{""empty"": true}"
COD-02,routed,p0,9,1,grep_search,"{""pattern"": ""KeyError.*'env'"", ""path"": ""cron.log""}","{""path"": ""cron.log"", ""pattern"": ""KeyError.*'env'""}",True,empty,,False,False,False,False,,"{""empty"": true}"
COD-02,routed,p0,10,1,grep_search,"{""pattern"": ""KeyError.*'env'"", ""path"": ""nginx.log""}","{""path"": ""nginx.log"", ""pattern"": ""KeyError.*'env'""}",True,empty,,False,False,False,False,,"{""empty"": true}"
COD-02,routed,p0,11,1,grep_search,"{""pattern"": ""KeyError.*'env'"", ""path"": ""apache.log""}","{""path"": ""apache.log"", ""pattern"": ""KeyError.*'env'""}",True,empty,,False,False,False,False,,"{""empty"": true}"
COD-02,routed,p0,12,1,grep_search,"{""pattern"": ""KeyError.*'env'"", ""path"": ""access.log""}","{""path"": ""access.log"", ""pattern"": ""KeyError.*'env'""}",True,empty,,False,False,False,False,,"{""empty"": true}"
COD-02,routed,p0,13,1,grep_search,"{""pattern"": ""KeyError.*'env'"", ""path"": ""error.log""}","{""path"": ""error.log"", ""pattern"": ""KeyError.*'env'""}",True,duplicate,,False,True,False,False,,"{""duplicate"": true}"
COD-02,routed,p0,14,1,grep_search,"{""pattern"": ""KeyError.*'env'"", ""path"": ""app.log""}","{""path"": ""app.log"", ""pattern"": ""KeyError.*'env'""}",True,duplicate,,False,True,False,False,,"{""duplicate"": true}"
COD-02,routed,p0,15,1,grep_search,"{""pattern"": ""KeyError.*'env'"", ""path"": ""stderr.log""}","{""path"": ""stderr.log"", ""pattern"": ""KeyError.*'env'""}",True,duplicate,,False,True,False,False,,"{""duplicate"": true}"
COD-02,routed,p0,16,1,grep_search,"{""",{},True,empty,,False,True,False,False,,"{""empty"": true}"
COD-03,routed,p0,1,1,grep_search,"{""pattern"": ""metadata.name"", ""path"": ""deployment.yaml""}","{""path"": ""deployment.yaml"", ""pattern"": ""metadata.name""}",True,empty,,False,False,False,False,,"{""empty"": true}"
COD-03,routed,p0,2,2,read_file,"{""path"": ""deployment.yaml""}","{""path"": ""deployment.yaml""}",True,not_found,,False,False,False,False,,"{""not_found"": true}"
COD-03,routed,p0,3,3,list_directory,"{""path"": "".""}","{""path"": "".""}",True,empty,,False,False,False,False,,"{""empty"": true}"
COD-04,routed,p0,1,1,grep_search,"{""pattern"": ""No such file"", ""path"": ""ansible.log""}","{""path"": ""ansible.log"", ""pattern"": ""No such file""}",True,empty,,False,False,False,False,,"{""empty"": true}"
COD-04,routed,p0,2,2,grep_search,"{""pattern"": ""No such file"", ""path"": ""ansible.log""}","{""path"": ""ansible.log"", ""pattern"": ""No such file""}",True,duplicate,,False,True,False,False,,"{""duplicate"": true}"
COD-04,routed,p0,3,3,grep_search,"{""pattern"": ""No such file"", ""path"": ""ansible.log""}","{""path"": ""ansible.log"", ""pattern"": ""No such file""}",True,duplicate,,False,True,False,False,,"{""duplicate"": true}"
COD-05,routed,p0,1,1,grep_search,"{""pattern"": ""JSON"", ""path"": ""/etc/config.json""}","{""path"": ""/etc/config.json"", ""pattern"": ""JSON""}",True,empty,,False,False,False,False,,"{""empty"": true}"
COD-05,routed,p0,2,2,read_file,"{""path"": ""/etc/config.json""}","{""path"": ""/etc/config.json""}",True,not_found,,False,False,False,False,,"{""not_found"": true}"
COD-05,routed,p0,3,3,list_directory,"{""path"": ""/etc/""}","{""path"": ""/etc/""}",True,empty,,False,False,False,False,,"{""empty"": true}"
COD-06,routed,p0,1,1,grep_search,"{""pattern"": ""parse error"", ""path"": ""values.yaml""}","{""path"": ""values.yaml"", ""pattern"": ""parse error""}",True,empty,,False,False,False,False,,"{""empty"": true}"
COD-06,routed,p0,2,2,read_file,"{""path"": ""values.yaml""}","{""path"": ""values.yaml""}",True,revealed,E1,True,False,True,True,,"{""revealed"": [{""id"": ""E1"", ""tool"": ""read_file"", ""key"": ""values.yaml"", ""text"": ""replicas: 3\n  - name: bad\n    image: x""}]}"
COD-06,routed,p0,3,3,grep_search,"{""pattern"": ""replicas"", ""path"": ""values.yaml""}","{""path"": ""values.yaml"", ""pattern"": ""replicas""}",True,empty,,False,False,False,False,,"{""empty"": true}"
COD-06,routed,p0,4,4,grep_search,"{""pattern"": ""image"", ""path"": ""values.yaml""}","{""path"": ""values.yaml"", ""pattern"": ""image""}",True,empty,,False,False,False,False,,"{""empty"": true}"
COD-06,routed,p0,5,5,grep_search,"{""pattern"": ""name"", ""path"": ""values.yaml""}","{""path"": ""values.yaml"", ""pattern"": ""name""}",True,empty,,False,False,False,False,,"{""empty"": true}"
SEC-01,routed,p0,1,1,grep_search,"{""pattern"": ""Failed password"", ""path"": ""/var/log/auth.log""}","{""path"": ""/var/log/auth.log"", ""pattern"": ""Failed password""}",True,empty,,False,False,False,False,,"{""empty"": true}"
SEC-01,routed,p0,2,1,grep_search,"{""pattern"": ""Invalid user"", ""path"": ""/var/log/auth.log""}","{""path"": ""/var/log/auth.log"", ""pattern"": ""Invalid user""}",True,empty,,False,False,False,False,,"{""empty"": true}"
SEC-01,routed,p0,3,1,grep_search,"{""pattern"": ""Connection closed"", ""path"": ""/var/log/auth.log""}","{""path"": ""/var/log/auth.log"", ""pattern"": ""Connection closed""}",True,empty,,False,False,False,False,,"{""empty"": true}"
SEC-01,routed,p0,4,1,grep_search,"{""pattern"": ""sshd"", ""path"": ""/etc/ssh/sshd_config""}","{""path"": ""/etc/ssh/sshd_config"", ""pattern"": ""sshd""}",True,empty,,False,False,False,False,,"{""empty"": true}"
SEC-01,routed,p0,5,1,grep_search,"{""pattern"": ""PermitRootLogin"", ""path"": ""/etc/ssh/sshd_config""}","{""path"": ""/etc/ssh/sshd_config"", ""pattern"": ""PermitRootLogin""}",True,empty,,False,False,False,False,,"{""empty"": true}"
SEC-01,routed,p0,6,1,grep_search,"{""pattern"": ""PasswordAuthentication"", ""path"": ""/etc/ssh/sshd_config""}","{""path"": ""/etc/ssh/sshd_config"", ""pattern"": ""PasswordAuthentication""}",True,empty,,False,False,False,False,,"{""empty"": true}"
SEC-01,routed,p0,7,1,grep_search,"{""pattern"": ""Port"", ""path"": ""/etc/ssh/sshd_config""}","{""path"": ""/etc/ssh/sshd_config"", ""pattern"": ""Port""}",True,empty,,False,False,False,False,,"{""empty"": true}"
SEC-01,routed,p0,8,1,grep_search,"{""pattern"": ""AllowUsers"", ""path"": ""/etc/ssh/sshd_config""}","{""path"": ""/etc/ssh/sshd_config"", ""pattern"": ""AllowUsers""}",True,empty,,False,False,False,False,,"{""empty"": true}"
SEC-01,routed,p0,9,1,grep_search,"{""pattern"": ""AllowGroups"", ""path"": ""/etc/ssh/sshd_config""}","{""path"": ""/etc/ssh/sshd_config"", ""pattern"": ""AllowGroups""}",True,empty,,False,False,False,False,,"{""empty"": true}"
SEC-01,routed,p0,10,1,grep_search,"{""pattern"": ""MaxAuthTries"", ""path"": ""/etc/ssh/sshd_config""}","{""path"": ""/etc/ssh/sshd_config"", ""pattern"": ""MaxAuthTries""}",True,empty,,False,False,False,False,,"{""empty"": true}"
SEC-01,routed,p0,11,1,grep_search,"{""pattern"": ""LoginGraceTime"", ""path"": ""/etc/ssh/sshd_config""}","{""path"": ""/etc/ssh/sshd_config"", ""pattern"": ""LoginGraceTime""}",True,empty,,False,False,False,False,,"{""empty"": true}"
SEC-01,routed,p0,12,1,grep_search,"{""pattern"": ""ClientAliveInterval"", ""path"": ""/etc/ssh/sshd_config""}","{""path"": ""/etc/ssh/sshd_config"", ""pattern"": ""ClientAliveInterval""}",True,empty,,False,False,False,False,,"{""empty"": true}"
SEC-01,routed,p0,13,1,grep_search,"{""pattern"": ""ClientAliveCountMax"", ""path"": ""/etc/ssh/sshd_config""}","{""path"": ""/etc/ssh/sshd_config"", ""pattern"": ""ClientAliveCountMax""}",True,empty,,False,False,False,False,,"{""empty"": true}"
SEC-01,routed,p0,14,1,grep_search,"{""pattern"": ""UsePAM"", ""path"": ""/etc/ssh/sshd_config""}","{""path"": ""/etc/ssh/sshd_config"", ""pattern"": ""UsePAM""}",True,empty,,False,False,False,False,,"{""empty"": true}"
SEC-01,routed,p0,15,1,grep_search,"{""pattern"": ""ChallengeResponseAuthentication"", ""path",{},True,empty,,False,False,False,False,,"{""empty"": true}"
SEC-02,routed,p0,1,1,kubectl_get,"{""resource"": ""pods"", ""namespace"": ""default""}","{""namespace"": ""default"", ""resource"": ""pods""}",True,empty,,False,False,False,False,,"{""empty"": true}"
SEC-02,routed,p0,2,1,kubectl_describe,"{""pod"": ""nginx-7c45f6c9c5-7c45f6c9c5"", ""namespace"": ""default""}","{""namespace"": ""default"", ""pod"": ""nginx-7c45f6c9c5-7c45f6c9c5""}",True,not_found,,False,False,False,False,,"{""not_found"": true}"
SEC-02,routed,p0,3,1,kubectl_logs,"{""pod"": ""nginx-7c45f6c9c5-7c45f6c9c5"", ""namespace"": ""default""}","{""namespace"": ""default"", ""pod"": ""nginx-7c45f6c9c5-7c45f6c9c5""}",True,not_found,,False,False,False,False,,"{""not_found"": true}"
SEC-03,routed,p0,1,1,grep_search,"{""pattern"": ""admin"", ""path"": ""/etc/nginx/sites-enabled/""}","{""path"": ""/etc/nginx/sites-enabled/"", ""pattern"": ""admin""}",True,empty,,False,False,False,False,,"{""empty"": true}"
SEC-03,routed,p0,2,1,grep_search,"{""pattern"": ""admin"", ""path"": ""/etc/nginx/sites-available/""}","{""path"": ""/etc/nginx/sites-available/"", ""pattern"": ""admin""}",True,empty,,False,False,False,False,,"{""empty"": true}"
SEC-03,routed,p0,3,1,grep_search,"{""pattern"": ""admin"", ""path"": ""/etc/nginx/nginx.conf""}","{""path"": ""/etc/nginx/nginx.conf"", ""pattern"": ""admin""}",True,empty,,False,False,False,False,,"{""empty"": true}"
SEC-03,routed,p0,4,1,grep_search,"{""pattern"": ""admin"", ""path"": ""/etc/nginx/conf.d/""}","{""path"": ""/etc/nginx/conf.d/"", ""pattern"": ""admin""}",True,empty,,False,False,False,False,,"{""empty"": true}"
SEC-03,routed,p0,5,1,grep_search,"{""pattern"": ""admin"", ""path"": ""/etc/nginx/""}","{""path"": ""/etc/nginx/"", ""pattern"": ""admin""}",True,empty,,False,False,False,False,,"{""empty"": true}"
SEC-03,routed,p0,6,1,grep_search,"{""pattern"": ""admin"", ""path"": ""/var/www/""}","{""path"": ""/var/www/"", ""pattern"": ""admin""}",True,empty,,False,False,False,False,,"{""empty"": true}"
SEC-03,routed,p0,7,1,grep_search,"{""pattern"": ""admin"", ""path"": ""/usr/share/nginx/html/""}","{""path"": ""/usr/share/nginx/html/"", ""pattern"": ""admin""}",True,empty,,False,False,False,False,,"{""empty"": true}"
SEC-03,routed,p0,8,1,grep_search,"{""pattern"": ""admin"", ""path"": ""/var/www/html/""}","{""path"": ""/var/www/html/"", ""pattern"": ""admin""}",True,empty,,False,False,False,False,,"{""empty"": true}"
SEC-03,routed,p0,9,1,grep_search,"{""pattern"": ""admin"", ""path"": ""/var/www/""}","{""path"": ""/var/www/"", ""pattern"": ""admin""}",True,duplicate,,False,True,False,False,,"{""duplicate"": true}"
SEC-03,routed,p0,10,1,grep_search,"{""pattern"": ""admin"", ""path"": ""/etc/apache2/sites-enabled/""}","{""path"": ""/etc/apache2/sites-enabled/"", ""pattern"": ""admin""}",True,empty,,False,True,False,False,,"{""empty"": true}"
SEC-03,routed,p0,11,1,grep_search,"{""pattern"": ""admin"", ""path"": ""/etc/apache2/sites-available/""}","{""path"": ""/etc/apache2/sites-available/"", ""pattern"": ""admin""}",True,empty,,False,True,False,False,,"{""empty"": true}"
SEC-03,routed,p0,12,1,grep_search,"{""pattern"": ""admin"", ""path"": ""/etc/apache2/apache2.conf""}","{""path"": ""/etc/apache2/apache2.conf"", ""pattern"": ""admin""}",True,empty,,False,True,False,False,,"{""empty"": true}"
SEC-03,routed,p0,13,1,grep_search,"{""pattern"": ""admin"", ""path"": ""/etc/apache2/conf.d/""}","{""path"": ""/etc/apache2/conf.d/"", ""pattern"": ""admin""}",True,empty,,False,True,False,False,,"{""empty"": true}"
SEC-03,routed,p0,14,1,grep_search,"{""pattern"": ""admin"", ""path"": ""/etc/apache2/""}","{""path"": ""/etc/apache2/"", ""pattern"": ""admin""}",True,empty,,False,True,False,False,,"{""empty"": true}"
SEC-03,routed,p0,15,1,grep_search,"{""pattern"": ""admin"", ""path"": ""/var/www/""}","{""path"": ""/var/www/"", ""pattern"": ""admin""}",True,duplicate,,False,True,False,False,,"{""duplicate"": true}"
SEC-03,routed,p0,16,1,grep_search,"{""pattern"": ""admin"", ""path"": ""/usr/share/nginx/html",{},True,empty,,False,True,False,False,,"{""empty"": true}"
SEC-04,routed,p0,1,1,grep_search,"{""pattern"": ""secret"", ""path"": ""config""}","{""path"": ""config"", ""pattern"": ""secret""}",True,empty,,False,False,False,False,,"{""empty"": true}"
SEC-04,routed,p0,2,1,git_status,"{""repo"": ""repo""}","{""repo"": ""repo""}",True,empty,,False,False,False,False,,"{""empty"": true}"
SEC-04,routed,p0,3,1,git_diff,"{""repo"": ""repo""}","{""repo"": ""repo""}",True,empty,,False,False,False,False,,"{""empty"": true}"
SEC-04,routed,p0,4,1,git_show,"{""commit"": ""HEAD"", ""repo"": ""repo""}","{""commit"": ""HEAD"", ""repo"": ""repo""}",True,empty,,False,False,False,False,,"{""empty"": true}"
X-01,routed,p0,1,1,kubectl_get,"{""resource"": ""pods"", ""namespace"": ""default""}","{""namespace"": ""default"", ""resource"": ""pods""}",True,empty,,False,False,False,False,,"{""empty"": true}"
X-01,routed,p0,2,2,kubectl_get,"{""resource"": ""pods"", ""namespace"": ""default""}","{""namespace"": ""default"", ""resource"": ""pods""}",True,duplicate,,False,True,False,False,,"{""duplicate"": true}"
X-01,routed,p0,3,3,kubectl_get,"{""resource"": ""pods"", ""namespace"": ""default""}","{""namespace"": ""default"", ""resource"": ""pods""}",True,duplicate,,False,True,False,False,,"{""duplicate"": true}"
X-02,routed,p0,1,1,kubectl_get,"{""resource"": ""deployments"", ""namespace"": ""default""}","{""namespace"": ""default"", ""resource"": ""deployments""}",True,empty,,False,False,False,False,,"{""empty"": true}"
X-02,routed,p0,2,1,kubectl_describe,"{""pod"": ""deployment-name"", ""namespace"": ""default""}","{""namespace"": ""default"", ""pod"": ""deployment-name""}",True,not_found,,False,False,False,False,,"{""not_found"": true}"
X-02,routed,p0,3,1,kubectl_logs,"{""pod"": ""deployment-name"", ""namespace"": ""default""}","{""namespace"": ""default"", ""pod"": ""deployment-name""}",True,not_found,,False,False,False,False,,"{""not_found"": true}"
X-02,routed,p0,4,1,http_get,"{""url"": ""https://example.com""}","{""url"": ""https://example.com""}",True,not_found,,False,False,False,False,,"{""not_found"": true}"
X-02,routed,p0,5,1,dns_lookup,"{""hostname"": ""example.com""}","{""hostname"": ""example.com""}",True,not_found,,False,False,False,False,,"{""not_found"": true}"
X-03,routed,p0,1,1,shell_readonly,"{""command"": ""df -h""}","{""command"": ""df -h""}",True,revealed,E1,True,False,True,True,,"{""revealed"": [{""id"": ""E1"", ""tool"": ""shell_readonly"", ""key"": ""df -h"", ""text"": ""/var/lib 100%""}]}"
X-03,routed,p0,2,1,shell_readonly,"{""command"": ""df -i""}","{""command"": ""df -i""}",True,unsupported_command,,True,False,False,False,,"{""unsupported_command"": true, ""family"": ""df""}"
X-03,routed,p0,3,1,shell_readonly,"{""command"": ""du -sh /var/lib/mysql""}","{""command"": ""du -sh /var/lib/mysql""}",True,unsupported_command,,True,False,False,False,,"{""unsupported_command"": true, ""family"": ""du""}"
X-03,routed,p0,4,1,shell_readonly,"{""command"": ""ls -lh /var/lib/mysql""}","{""command"": ""ls -lh /var/lib/mysql""}",True,unsupported_command,,True,False,False,False,,"{""unsupported_command"": true, ""family"": ""ls""}"
X-03,routed,p0,5,1,shell_readonly,"{""command"": ""find /var/lib/mysql -type f -size +1G -exec ls -lh {} \\;""}","{""command"": ""find /var/lib/mysql -type f -size +1G -exec ls -lh {} \\;""}",True,unsupported_command,,True,False,False,False,,"{""unsupported_command"": true, ""family"": ""find""}"
X-03,routed,p0,6,1,shell_readonly,"{""command"": ""mysql -e \""SHOW VARIABLES LIKE 'datadir'\""""}","{""command"": ""mysql -e \""SHOW VARIABLES LIKE 'datadir'\""""}",True,unsupported_command,,True,False,False,False,,"{""unsupported_command"": true, ""family"": ""mysql""}"
X-03,routed,p0,7,1,shell_readonly,"{""command"": ""mysql -e \""SHOW TABLE STATUS FROM your_database_name\"" | grep -E \""(Data_length|Index_length)\"" | head -10""}","{""command"": ""mysql -e \""SHOW TABLE STATUS FROM your_database_name\"" | grep -E \""(Data_length|Index_length)\"" | head -10""}",True,unsupported_command,,True,False,False,False,,"{""unsupported_command"": true, ""family"": ""mysql""}"
X-03,routed,p0,8,1,shell_readonly,"{""command"": ""mysql -e \""SELECT table_schema, table_name, round(((data_length + index_length) / 1024 / 1024), 2) as size_mb FROM information_schema.tables ORDER BY size_mb DESC LIMIT 10;\""""}","{""command"": ""mysql -e \""SELECT table_schema, table_name, round(((data_length + index_length) / 1024 / 1024), 2) as size_mb FROM information_schema.tables ORDER BY size_mb DESC LIMIT 10;\""""}",True,unsupported_command,,True,False,False,False,,"{""unsupported_command"": true, ""family"": ""mysql""}"
X-03,routed,p0,9,1,shell_readonly,"{""command"": ""mysql -e \""SHOW VARIABLES LIKE 'innodb_log_file_size'\""""}","{""command"": ""mysql -e \""SHOW VARIABLES LIKE 'innodb_log_file_size'\""""}",True,unsupported_command,,True,False,False,False,,"{""unsupported_command"": true, ""family"": ""mysql""}"
X-03,routed,p0,10,1,shell_readonly,"{""command"": ""mysql -e \""SHOW VARIABLES LIKE 'innodb_log_files_in_group'\""""}","{""command"": ""mysql -e \""SHOW VARIABLES LIKE 'innodb_log_files_in_group'\""""}",True,unsupported_command,,True,False,False,False,,"{""unsupported_command"": true, ""family"": ""mysql""}"
X-03,routed,p0,11,1,shell_readonly,"{""command"": ""mysql -e \""SHOW VARIABLES LIKE 'innodb_buffer_pool_size'\""""}","{""command"": ""mysql -e \""SHOW VARIABLES LIKE 'innodb_buffer_pool_size'\""""}",True,unsupported_command,,True,False,False,False,,"{""unsupported_command"": true, ""family"": ""mysql""}"
X-03,routed,p0,12,1,shell_readonly,"{""command"": ""mysql -e \""SHOW VARIABLES LIKE 'innodb_log_buffer_size'\""""}","{""command"": ""mysql -e \""SHOW VARIABLES LIKE 'innodb_log_buffer_size'\""""}",True,unsupported_command,,True,False,False,False,,"{""unsupported_command"": true, ""family"": ""mysql""}"
X-03,routed,p0,13,1,shell_readonly,"{""command"": ""mysql -e \""SHOW VARIABLES LIKE 'innodb_flush_log_at_trx_commit'\""",{},True,unsupported_command,,True,False,False,False,,"{""unsupported_command"": true, ""family"": """"}"
X-04,routed,p0,1,1,kubectl_get,"{""resource"": ""pods"", ""namespace"": ""default""}","{""namespace"": ""default"", ""resource"": ""pods""}",True,empty,,False,False,False,False,,"{""empty"": true}"
X-04,routed,p0,2,2,kubectl_get,"{""resource"": ""pods"", ""namespace"": ""kube-system""}","{""namespace"": ""kube-system"", ""resource"": ""pods""}",True,empty,,False,False,False,False,,"{""empty"": true}"
X-04,routed,p0,3,3,kubectl_get,"{""resource"": ""pods"", ""namespace"": ""all""}","{""namespace"": ""all"", ""resource"": ""pods""}",True,empty,,False,False,False,False,,"{""empty"": true}"
LIN-01,routed,p0,1,1,systemctl_status,"{""service"": ""nginx""}","{""service"": ""nginx""}",True,revealed,E1,True,False,True,True,,"{""revealed"": [{""id"": ""E1"", ""tool"": ""systemctl_status"", ""key"": ""nginx"", ""text"": ""nginx.service failed; Active: failed""}]}"
LIN-01,routed,p0,2,2,journalctl_read,"{""service"": ""nginx""}","{""service"": ""nginx""}",True,revealed,E2,True,False,True,True,,"{""revealed"": [{""id"": ""E2"", ""tool"": ""journalctl_read"", ""key"": ""nginx"", ""text"": ""nginx: [emerg] bind() to 0.0.0.0:80 failed (98: Address already in use)""}]}"
LIN-01,routed,p0,3,3,shell_readonly,"{""command"": ""netstat -tulpn | grep :80""}","{""command"": ""netstat -tulpn | grep :80""}",True,unsupported_command,,False,False,False,False,,"{""unsupported_command"": true, ""family"": ""netstat""}"
LIN-01,routed,p0,4,4,shell_readonly,"{""command"": ""ss -tulpn | grep :80""}","{""command"": ""ss -tulpn | grep :80""}",True,unsupported_command,,False,False,False,False,,"{""unsupported_command"": true, ""family"": ""ss""}"
LIN-01,routed,p0,5,5,shell_readonly,"{""command"": ""lsof -i :80""}","{""command"": ""lsof -i :80""}",True,unsupported_command,,False,False,False,False,,"{""unsupported_command"": true, ""family"": ""lsof""}"
LIN-02,routed,p0,1,1,shell_readonly,"{""command"": ""df -h /var""}","{""command"": ""df -h /var""}",True,unsupported_command,,False,False,False,False,,"{""unsupported_command"": true, ""family"": ""df""}"
LIN-02,routed,p0,2,2,shell_readonly,"{""command"": ""du -sh /var/* 2>/dev/null | sort -hr | head -10""}","{""command"": ""du -sh /var/* 2>/dev/null | sort -hr | head -10""}",True,unsupported_command,,False,False,False,False,,"{""unsupported_command"": true, ""family"": ""du""}"
LIN-02,routed,p0,3,3,shell_readonly,"{""command"": ""ls -lh /var | head -20""}","{""command"": ""ls -lh /var | head -20""}",True,unsupported_command,,False,False,False,False,,"{""unsupported_command"": true, ""family"": ""ls""}"
LIN-03,routed,p0,1,1,systemctl_status,"{""service"": ""cron""}","{""service"": ""cron""}",True,empty,,False,False,False,False,,"{""empty"": true}"
LIN-03,routed,p0,2,1,journalctl_read,"{""service"": ""cron""}","{""service"": ""cron""}",True,revealed,E3,True,False,True,True,,"{""revealed"": [{""id"": ""E3"", ""tool"": ""journalctl_read"", ""key"": ""cron"", ""text"": ""backup.sh: /data: No such file or directory""}]}"
LIN-04,routed,p0,1,1,systemctl_status,"{""service"": ""app""}","{""service"": ""app""}",True,revealed,E1,True,False,True,True,,"{""revealed"": [{""id"": ""E1"", ""tool"": ""systemctl_status"", ""key"": ""app"", ""text"": ""app.service: activating (auto-restart)""}]}"
LIN-04,routed,p0,2,2,journalctl_read,"{""service"": ""app""}","{""service"": ""app""}",True,revealed,E2,True,False,True,True,,"{""revealed"": [{""id"": ""E2"", ""tool"": ""journalctl_read"", ""key"": ""app"", ""text"": ""app: out of memory: Killed process""}]}"
LIN-05,routed,p0,1,1,systemctl_status,"{""service"": ""systemd-worker""}","{""service"": ""systemd-worker""}",True,empty,,False,False,False,False,,"{""empty"": true}"
LIN-05,routed,p0,2,1,journalctl_read,"{""service"": ""systemd-worker""}","{""service"": ""systemd-worker""}",True,empty,,False,False,False,False,,"{""empty"": true}"
NET-01,routed,p0,1,1,dns_lookup,"{""hostname"": ""api.internal.example.com""}","{""hostname"": ""api.internal.example.com""}",True,revealed,E1,True,False,True,True,,"{""revealed"": [{""id"": ""E1"", ""tool"": ""dns_lookup"", ""key"": ""api.internal.example.com"", ""text"": ""NXDOMAIN""}]}"
NET-02,routed,p0,1,1,http_get,"{""url"": ""https://example.com""}","{""url"": ""https://example.com""}",True,not_found,,False,False,False,False,,"{""not_found"": true}"
NET-02,routed,p0,2,2,dns_lookup,"{""hostname"": ""example.com""}","{""hostname"": ""example.com""}",True,not_found,,False,False,False,False,,"{""not_found"": true}"
NET-03,routed,p0,1,1,http_get,"{""url"": ""https://example.com""}","{""url"": ""https://example.com""}",True,not_found,,False,False,False,False,,"{""not_found"": true}"
NET-03,routed,p0,2,1,dns_lookup,"{""hostname"": ""example.com""}","{""hostname"": ""example.com""}",True,not_found,,False,False,False,False,,"{""not_found"": true}"
NET-04,routed,p0,1,1,dns_lookup,"{""hostname"": ""db.internal""}","{""hostname"": ""db.internal""}",True,revealed,E1,True,False,True,True,,"{""revealed"": [{""id"": ""E1"", ""tool"": ""dns_lookup"", ""key"": ""db.internal"", ""text"": ""10.9.9.9 (expected 10.0.0.10)""}]}"
NET-05,routed,p0,1,1,http_get,"{""url"": ""http://example.com""}","{""url"": ""http://example.com""}",True,not_found,,False,False,False,False,,"{""not_found"": true}"
NET-05,routed,p0,2,2,dns_lookup,"{""hostname"": ""example.com""}","{""hostname"": ""example.com""}",True,not_found,,False,False,False,False,,"{""not_found"": true}"
K8S-01,routed,p0,1,1,kubectl_describe,"{""pod"": ""web"", ""namespace"": ""prod""}","{""namespace"": ""prod"", ""pod"": ""web""}",True,revealed,E2,True,False,True,True,,"{""revealed"": [{""id"": ""E2"", ""tool"": ""kubectl_describe"", ""key"": ""web"", ""text"": ""Exit Code 1; Liveness HTTP 500""}]}"
K8S-01,routed,p0,2,2,kubectl_logs,"{""pod"": ""web"", ""namespace"": ""prod""}","{""namespace"": ""prod"", ""pod"": ""web""}",True,revealed,E3,True,False,True,True,,"{""revealed"": [{""id"": ""E3"", ""tool"": ""kubectl_logs"", ""key"": ""web"", ""text"": ""panic: dial tcp 10.0.0.10:5432: connection refused""}]}"
K8S-01,routed,p0,3,3,kubectl_get,"{""resource"": ""pod"", ""namespace"": ""prod""}","{""namespace"": ""prod"", ""resource"": ""pod""}",True,revealed,E1,True,False,True,True,,"{""revealed"": [{""id"": ""E1"", ""tool"": ""kubectl_get"", ""key"": ""pods"", ""text"": ""web 0/1 CrashLoopBackOff""}]}"
K8S-02,routed,p0,1,1,kubectl_get,"{""resource"": ""pods"", ""namespace"": ""default""}","{""namespace"": ""default"", ""resource"": ""pods""}",True,revealed,E1,True,False,True,True,,"{""revealed"": [{""id"": ""E1"", ""tool"": ""kubectl_get"", ""key"": ""pods"", ""text"": ""api 0/1 Pending""}]}"
K8S-02,routed,p0,2,2,kubectl_describe,"{""pod"": ""api"", ""namespace"": ""default""}","{""namespace"": ""default"", ""pod"": ""api""}",True,revealed,E2,True,False,True,True,,"{""revealed"": [{""id"": ""E2"", ""tool"": ""kubectl_describe"", ""key"": ""api"", ""text"": ""0/2 nodes available: insufficient cpu""}]}"
K8S-02,routed,p0,3,3,kubectl_get,"{""resource"": ""nodes"", ""namespace"": ""default""}","{""namespace"": ""default"", ""resource"": ""nodes""}",True,empty,,False,False,False,False,,"{""empty"": true}"
K8S-02,routed,p0,4,4,kubectl_get,"{""resource"": ""nodes""}","{""resource"": ""nodes""}",True,empty,,False,False,False,False,,"{""empty"": true}"
K8S-02,routed,p0,5,5,kubectl_get,"{""resource"": ""nodes"", ""namespace"": ""kube-system""}","{""namespace"": ""kube-system"", ""resource"": ""nodes""}",True,empty,,False,False,False,False,,"{""empty"": true}"
K8S-03,routed,p0,1,1,kubectl_get,"{""resource"": ""pods"", ""namespace"": ""default""}","{""namespace"": ""default"", ""resource"": ""pods""}",True,empty,,False,False,False,False,,"{""empty"": true}"
K8S-03,routed,p0,2,2,kubectl_get,"{""resource"": ""pods"", ""namespace"": ""default""}","{""namespace"": ""default"", ""resource"": ""pods""}",True,duplicate,,False,True,False,False,,"{""duplicate"": true}"
K8S-03,routed,p0,3,3,kubectl_get,"{""resource"": ""pods"", ""namespace"": ""default""}","{""namespace"": ""default"", ""resource"": ""pods""}",True,duplicate,,False,True,False,False,,"{""duplicate"": true}"
K8S-04,routed,p0,1,1,kubectl_get,"{""resource"": ""pods"", ""namespace"": ""default""}","{""namespace"": ""default"", ""resource"": ""pods""}",True,empty,,False,False,False,False,,"{""empty"": true}"
K8S-04,routed,p0,2,2,kubectl_get,"{""resource"": ""pods"", ""namespace"": ""default""}","{""namespace"": ""default"", ""resource"": ""pods""}",True,duplicate,,False,True,False,False,,"{""duplicate"": true}"
K8S-04,routed,p0,3,3,kubectl_describe,"{""pod"": ""worker"", ""namespace"": ""default""}","{""namespace"": ""default"", ""pod"": ""worker""}",True,revealed,E1,True,True,True,True,,"{""revealed"": [{""id"": ""E1"", ""tool"": ""kubectl_describe"", ""key"": ""worker"", ""text"": ""State: OOMKilled; Exit 137""}]}"
K8S-04,routed,p0,4,4,kubectl_logs,"{""pod"": ""worker"", ""namespace"": ""default""}","{""namespace"": ""default"", ""pod"": ""worker""}",True,not_found,,False,True,False,False,,"{""not_found"": true}"
K8S-04,routed,p0,5,5,kubectl_logs,"{""pod"": ""worker"", ""namespace"": ""default""}","{""namespace"": ""default"", ""pod"": ""worker""}",True,duplicate,,False,True,False,False,,"{""duplicate"": true}"
K8S-04,routed,p0,6,6,kubectl_get,"{""resource"": ""pods"", ""namespace"": ""default""}","{""namespace"": ""default"", ""resource"": ""pods""}",True,duplicate,,False,True,False,False,,"{""duplicate"": true}"
K8S-05,routed,p0,1,1,systemctl_status,"{""service"": ""backend""}","{""service"": ""backend""}",True,empty,,False,False,False,False,,"{""empty"": true}"
K8S-05,routed,p0,2,1,journalctl_read,"{""service"": ""backend""}","{""service"": ""backend""}",True,empty,,False,False,False,False,,"{""empty"": true}"
K8S-05,routed,p0,3,2,shell_readonly,"{""command"": ""systemctl list-unit-files | grep backend""}","{""command"": ""systemctl list-unit-files | grep backend""}",True,unsupported_command,,False,False,False,False,,"{""unsupported_command"": true, ""family"": ""systemctl""}"
K8S-05,routed,p0,4,3,shell_readonly,"{""command"": ""ls -l /etc/systemd/system/ | grep backend""}","{""command"": ""ls -l /etc/systemd/system/ | grep backend""}",True,unsupported_command,,False,False,False,False,,"{""unsupported_command"": true, ""family"": ""ls""}"
K8S-06,routed,p0,1,1,kubectl_get,"{""resource"": ""pod"", ""namespace"": ""default""}","{""namespace"": ""default"", ""resource"": ""pod""}",True,empty,,False,False,False,False,,"{""empty"": true}"
K8S-06,routed,p0,2,2,kubectl_get,"{""resource"": ""pod"", ""namespace"": ""default""}","{""namespace"": ""default"", ""resource"": ""pod""}",True,duplicate,,False,True,False,False,,"{""duplicate"": true}"
K8S-06,routed,p0,3,3,kubectl_get,"{""resource"": ""pod"", ""namespace"": ""default""}","{""namespace"": ""default"", ""resource"": ""pod""}",True,duplicate,,False,True,False,False,,"{""duplicate"": true}"
K8S-07,routed,p0,1,1,kubectl_get,"{""resource"": ""pods"", ""namespace"": ""default""}","{""namespace"": ""default"", ""resource"": ""pods""}",True,empty,,False,False,False,False,,"{""empty"": true}"
K8S-07,routed,p0,2,2,kubectl_get,"{""resource"": ""pods"", ""namespace"": ""default""}","{""namespace"": ""default"", ""resource"": ""pods""}",True,duplicate,,False,True,False,False,,"{""duplicate"": true}"
K8S-07,routed,p0,3,3,kubectl_get,"{""resource"": ""pods"", ""namespace"": ""default""}","{""namespace"": ""default"", ""resource"": ""pods""}",True,duplicate,,False,True,False,False,,"{""duplicate"": true}"
K8S-08,routed,p0,1,1,kubectl_get,"{""resource"": ""pods"", ""namespace"": ""default""}","{""namespace"": ""default"", ""resource"": ""pods""}",True,empty,,False,False,False,False,,"{""empty"": true}"
K8S-08,routed,p0,2,2,kubectl_get,"{""resource"": ""pods"", ""namespace"": ""kube-system""}","{""namespace"": ""kube-system"", ""resource"": ""pods""}",True,empty,,False,False,False,False,,"{""empty"": true}"
K8S-08,routed,p0,3,3,kubectl_get,"{""resource"": ""pods"", ""namespace"": ""all""}","{""namespace"": ""all"", ""resource"": ""pods""}",True,empty,,False,False,False,False,,"{""empty"": true}"
CON-01,routed,p0,1,1,kubectl_get,"{""resource"": ""pods"", ""namespace"": ""default""}","{""namespace"": ""default"", ""resource"": ""pods""}",True,empty,,False,False,False,False,,"{""empty"": true}"
CON-01,routed,p0,2,2,kubectl_get,"{""resource"": ""pods"", ""namespace"": ""default""}","{""namespace"": ""default"", ""resource"": ""pods""}",True,duplicate,,False,True,False,False,,"{""duplicate"": true}"
CON-01,routed,p0,3,3,kubectl_get,"{""resource"": ""pods"", ""namespace"": ""default""}","{""namespace"": ""default"", ""resource"": ""pods""}",True,duplicate,,False,True,False,False,,"{""duplicate"": true}"
CON-02,routed,p0,1,1,systemctl_status,"{""service"": ""docker""}","{""service"": ""docker""}",True,revealed,E1,True,False,True,True,,"{""revealed"": [{""id"": ""E1"", ""tool"": ""systemctl_status"", ""key"": ""docker"", ""text"": ""docker.service inactive (dead)""}]}"
CON-02,routed,p0,2,2,journalctl_read,"{""service"": ""docker""}","{""service"": ""docker""}",True,empty,,False,False,False,False,,"{""empty"": true}"
CON-02,routed,p0,3,3,shell_readonly,"{""command"": ""systemctl start docker""}","{""command"": ""systemctl start docker""}",True,unsupported_command,,False,False,False,False,,"{""unsupported_command"": true, ""family"": ""systemctl""}"
CON-02,routed,p0,4,4,shell_readonly,"{""command"": ""sudo systemctl start docker""}","{""command"": ""sudo systemctl start docker""}",True,unsupported_command,,False,False,False,False,,"{""unsupported_command"": true, ""family"": ""sudo""}"
CON-03,routed,p0,1,1,kubectl_get,"{""resource"": ""pods"", ""namespace"": ""default""}","{""namespace"": ""default"", ""resource"": ""pods""}",True,empty,,False,False,False,False,,"{""empty"": true}"
CON-03,routed,p0,2,2,kubectl_get,"{""resource"": ""pods"", ""namespace"": ""kube-system""}","{""namespace"": ""kube-system"", ""resource"": ""pods""}",True,empty,,False,False,False,False,,"{""empty"": true}"
CON-03,routed,p0,3,3,kubectl_get,"{""resource"": ""pods"", ""namespace"": ""default""}","{""namespace"": ""default"", ""resource"": ""pods""}",True,duplicate,,False,True,False,False,,"{""duplicate"": true}"
CON-04,routed,p0,1,1,kubectl_get,"{""resource"": ""pods"", ""namespace"": ""default""}","{""namespace"": ""default"", ""resource"": ""pods""}",True,empty,,False,False,False,False,,"{""empty"": true}"
CON-04,routed,p0,2,2,kubectl_get,"{""resource"": ""pods"", ""namespace"": ""default""}","{""namespace"": ""default"", ""resource"": ""pods""}",True,duplicate,,False,True,False,False,,"{""duplicate"": true}"
CON-04,routed,p0,3,3,kubectl_get,"{""resource"": ""pods"", ""namespace"": ""default""}","{""namespace"": ""default"", ""resource"": ""pods""}",True,duplicate,,False,True,False,False,,"{""duplicate"": true}"
STO-01,routed,p0,1,1,kubectl_get,"{""resource"": ""pvc"", ""namespace"": ""default""}","{""namespace"": ""default"", ""resource"": ""pvc""}",True,empty,,False,False,False,False,,"{""empty"": true}"
STO-01,routed,p0,2,1,kubectl_describe,"{""pod"": ""pvc-logs"", ""namespace"": ""default""}","{""namespace"": ""default"", ""pod"": ""pvc-logs""}",True,not_found,,False,False,False,False,,"{""not_found"": true}"
STO-01,routed,p0,3,1,kubectl_logs,"{""pod"": ""pvc-logs"", ""namespace"": ""default""}","{""namespace"": ""default"", ""pod"": ""pvc-logs""}",True,not_found,,False,False,False,False,,"{""not_found"": true}"
STO-02,routed,p0,1,1,systemctl_status,"{""service"": ""ceph-osd@*""}","{""service"": ""ceph-osd@*""}",True,empty,,False,False,False,False,,"{""empty"": true}"
STO-02,routed,p0,2,1,journalctl_read,"{""service"": ""ceph-osd@*""}","{""service"": ""ceph-osd@*""}",True,empty,,False,False,False,False,,"{""empty"": true}"
STO-02,routed,p0,3,2,shell_readonly,"{""command"": ""ceph osd tree""}","{""command"": ""ceph osd tree""}",True,revealed,E2,True,False,True,True,,"{""revealed"": [{""id"": ""E2"", ""tool"": ""shell_readonly"", ""key"": ""ceph osd tree"", ""text"": ""osd.3 down (host node7)""}]}"
STO-02,routed,p0,4,3,systemctl_status,"{""service"": ""ceph-osd@3""}","{""service"": ""ceph-osd@3""}",True,empty,,False,False,False,False,,"{""empty"": true}"
STO-02,routed,p0,5,4,journalctl_read,"{""service"": ""ceph-osd@3""}","{""service"": ""ceph-osd@3""}",True,empty,,False,False,False,False,,"{""empty"": true}"
STO-02,routed,p0,6,5,shell_readonly,"{""command"": ""ceph osd dump | grep osd.3""}","{""command"": ""ceph osd dump | grep osd.3""}",True,unsupported_command,,False,False,False,False,,"{""unsupported_command"": true, ""family"": ""ceph""}"
STO-03,routed,p0,1,1,systemctl_status,"{""service"": ""ceph-mon.target""}","{""service"": ""ceph-mon.target""}",True,empty,,False,False,False,False,,"{""empty"": true}"
STO-03,routed,p0,2,1,systemctl_status,"{""service"": ""ceph-osd.target""}","{""service"": ""ceph-osd.target""}",True,empty,,False,False,False,False,,"{""empty"": true}"
STO-03,routed,p0,3,1,journalctl_read,"{""service"": ""ceph-mon.target""}","{""service"": ""ceph-mon.target""}",True,empty,,False,False,False,False,,"{""empty"": true}"
STO-03,routed,p0,4,1,journalctl_read,"{""service"": ""ceph-osd.target""}","{""service"": ""ceph-osd.target""}",True,empty,,False,False,False,False,,"{""empty"": true}"
STO-03,routed,p0,5,1,shell_readonly,"{""command"": ""ceph -s""}","{""command"": ""ceph -s""}",True,unsupported_command,,False,False,False,False,,"{""unsupported_command"": true, ""family"": ""ceph""}"
STO-03,routed,p0,6,1,shell_readonly,"{""command"": ""ceph health detail""}","{""command"": ""ceph health detail""}",True,unsupported_command,,False,False,False,False,,"{""unsupported_command"": true, ""family"": ""ceph""}"
STO-03,routed,p0,7,1,shell_readonly,"{""command"": ""ceph osd tree""}","{""command"": ""ceph osd tree""}",True,unsupported_command,,False,False,False,False,,"{""unsupported_command"": true, ""family"": ""ceph""}"
STO-03,routed,p0,8,1,shell_readonly,"{""command"": ""ceph pg dump | grep undersized""}","{""command"": ""ceph pg dump | grep undersized""}",True,unsupported_command,,False,False,False,False,,"{""unsupported_command"": true, ""family"": ""ceph""}"
STO-03,routed,p0,9,1,shell_readonly,"{""command"": ""ceph osd dump | grep -E \""(osd|crush)\""""}","{""command"": ""ceph osd dump | grep -E \""(osd|crush)\""""}",True,unsupported_command,,False,False,False,False,,"{""unsupported_command"": true, ""family"": ""ceph""}"
STO-03,routed,p0,10,1,shell_readonly,"{""command"": ""ceph osd pool get <pool_name> size""}","{""command"": ""ceph osd pool get <pool_name> size""}",True,unsupported_command,,False,False,False,False,,"{""unsupported_command"": true, ""family"": ""ceph""}"
STO-03,routed,p0,11,1,shell_readonly,"{""command"": ""ceph osd pool get <pool_name> min_size""}","{""command"": ""ceph osd pool get <pool_name> min_size""}",True,unsupported_command,,False,False,False,False,,"{""unsupported_command"": true, ""family"": ""ceph""}"
STO-03,routed,p0,12,1,shell_readonly,"{""command"": ""ceph osd pool get <pool_name> crush_ruleset""}","{""command"": ""ceph osd pool get <pool_name> crush_ruleset""}",True,unsupported_command,,False,False,False,False,,"{""unsupported_command"": true, ""family"": ""ceph""}"
STO-03,routed,p0,13,1,shell_readonly,"{""command"": ""ceph osd crush rule dump""}","{""command"": ""ceph osd crush rule dump""}",True,unsupported_command,,False,False,False,False,,"{""unsupported_command"": true, ""family"": ""ceph""}"
STO-03,routed,p0,14,1,shell_readonly,"{""command"": ""ceph osd crush tunables""}","{""command"": ""ceph osd crush tunables""}",True,unsupported_command,,False,False,False,False,,"{""unsupported_command"": true, ""family"": ""ceph""}"
STO-03,routed,p0,15,1,shell_readonly,"{""command"": ""ceph osd crush tunables show""}","{""command"": ""ceph osd crush tunables show""}",True,unsupported_command,,False,False,False,False,,"{""unsupported_command"": true, ""family"": ""ceph""}"
STO-03,routed,p0,16,1,shell_readonly,"{""command"": ""ceph osd crush tunables set <tunable_name>""}","{""command"": ""ceph osd crush tunables set <tunable_name>""}",True,unsupported_command,,False,False,False,False,,"{""unsupported_command"": true, ""family"": ""ceph""}"
STO-03,routed,p0,17,1,shell_readonly,"{""command"": ""ceph osd pool set <pool_name> size <new_size>""}","{""command"": ""ceph osd pool set <pool_name> size <new_size>""}",True,unsupported_command,,False,False,False,False,,"{""unsupported_command"": true, ""family"": ""ceph""}"
STO-03,routed,p0,18,1,shell_readonly,{,{},True,unsupported_command,,False,False,False,False,,"{""unsupported_command"": true, ""family"": """"}"
STO-04,routed,p0,1,1,systemctl_status,"{""service"": ""drbd""}","{""service"": ""drbd""}",True,empty,,False,False,False,False,,"{""empty"": true}"
STO-04,routed,p0,2,1,journalctl_read,"{""service"": ""drbd""}","{""service"": ""drbd""}",True,empty,,False,False,False,False,,"{""empty"": true}"
STO-04,routed,p0,3,2,shell_readonly,"{""command"": ""drbdadm status""}","{""command"": ""drbdadm status""}",True,unsupported_command,,False,False,False,False,,"{""unsupported_command"": true, ""family"": ""drbdadm""}"
STO-04,routed,p0,4,3,shell_readonly,"{""command"": ""drbd-overview""}","{""command"": ""drbd-overview""}",True,unsupported_command,,False,False,False,False,,"{""unsupported_command"": true, ""family"": ""drbd-overview""}"
STO-05,routed,p0,1,1,systemctl_status,"{""service"": ""drbd""}","{""service"": ""drbd""}",True,empty,,False,False,False,False,,"{""empty"": true}"
STO-05,routed,p0,2,1,journalctl_read,"{""service"": ""drbd""}","{""service"": ""drbd""}",True,empty,,False,False,False,False,,"{""empty"": true}"
STO-05,routed,p0,3,2,shell_readonly,"{""command"": ""drbdadm status""}","{""command"": ""drbdadm status""}",True,unsupported_command,,False,False,False,False,,"{""unsupported_command"": true, ""family"": ""drbdadm""}"
STO-05,routed,p0,4,3,shell_readonly,"{""command"": ""drbd-overview""}","{""command"": ""drbd-overview""}",True,unsupported_command,,False,False,False,False,,"{""unsupported_command"": true, ""family"": ""drbd-overview""}"
STO-06,routed,p0,1,1,kubectl_get,"{""resource"": ""pods"", ""namespace"": ""default""}","{""namespace"": ""default"", ""resource"": ""pods""}",True,empty,,False,False,False,False,,"{""empty"": true}"
STO-06,routed,p0,2,2,kubectl_get,"{""resource"": ""pods"", ""namespace"": ""kube-system""}","{""namespace"": ""kube-system"", ""resource"": ""pods""}",True,empty,,False,False,False,False,,"{""empty"": true}"
STO-06,routed,p0,3,3,kubectl_get,"{""resource"": ""pods"", ""namespace"": ""kube-public""}","{""namespace"": ""kube-public"", ""resource"": ""pods""}",True,empty,,False,False,False,False,,"{""empty"": true}"
VIR-01,routed,p0,1,1,systemctl_status,"{""service"": ""libvirtd""}","{""service"": ""libvirtd""}",True,empty,,False,False,False,False,,"{""empty"": true}"
VIR-01,routed,p0,2,1,journalctl_read,"{""service"": ""libvirtd""}","{""service"": ""libvirtd""}",True,revealed,E1,True,False,True,True,,"{""revealed"": [{""id"": ""E1"", ""tool"": ""journalctl_read"", ""key"": ""libvirtd"", ""text"": ""unsupported configuration: CPU mode host-passthrough not supported""}]}"
VIR-01,routed,p0,3,1,shell_readonly,"{""command"": ""virsh list --all""}","{""command"": ""virsh list --all""}",True,unsupported_command,,True,False,False,False,,"{""unsupported_command"": true, ""family"": ""virsh""}"
VIR-01,routed,p0,4,1,shell_readonly,"{""command"": ""virsh dominfo win10""}","{""command"": ""virsh dominfo win10""}",True,unsupported_command,,True,False,False,False,,"{""unsupported_command"": true, ""family"": ""virsh""}"
VIR-01,routed,p0,5,1,shell_readonly,"{""command"": ""virsh dumpxml win10""}","{""command"": ""virsh dumpxml win10""}",True,unsupported_command,,True,False,False,False,,"{""unsupported_command"": true, ""family"": ""virsh""}"
VIR-01,routed,p0,6,1,shell_readonly,"{""command"": ""ls -l /var/lib/libvirt/images/""}","{""command"": ""ls -l /var/lib/libvirt/images/""}",True,unsupported_command,,True,False,False,False,,"{""unsupported_command"": true, ""family"": ""ls""}"
VIR-01,routed,p0,7,1,shell_readonly,"{""command"": ""qemu-img check /var/lib/libvirt/images/win10.qcow2""}","{""command"": ""qemu-img check /var/lib/libvirt/images/win10.qcow2""}",True,unsupported_command,,True,False,False,False,,"{""unsupported_command"": true, ""family"": ""qemu-img""}"
VIR-01,routed,p0,8,1,shell_readonly,"{""command"": ""virsh start win10""}","{""command"": ""virsh start win10""}",True,unsupported_command,,True,False,False,False,,"{""unsupported_command"": true, ""family"": ""virsh""}"
VIR-01,routed,p0,9,1,journalctl_read,"{""service"": ""libvirtd""}","{""service"": ""libvirtd""}",True,duplicate,,True,True,False,False,,"{""duplicate"": true}"
VIR-01,routed,p0,10,1,shell_readonly,"{""command"": ""virsh console win10""}","{""command"": ""virsh console win10""}",True,unsupported_command,,True,True,False,False,,"{""unsupported_command"": true, ""family"": ""virsh""}"
VIR-01,routed,p0,11,1,shell_readonly,"{""command"": ""virsh qemu-monitor-command win10 \""info block\""""}","{""command"": ""virsh qemu-monitor-command win10 \""info block\""""}",True,unsupported_command,,True,True,False,False,,"{""unsupported_command"": true, ""family"": ""virsh""}"
VIR-01,routed,p0,12,1,shell_readonly,"{""command"": ""virsh qemu-monitor-command win10 \""info blockstats\""""}","{""command"": ""virsh qemu-monitor-command win10 \""info blockstats\""""}",True,unsupported_command,,True,True,False,False,,"{""unsupported_command"": true, ""family"": ""virsh""}"
VIR-01,routed,p0,13,1,shell_readonly,"{""command"": ""virsh qemu-monitor-command win10 \""info status\""""}","{""command"": ""virsh qemu-monitor-command win10 \""info status\""""}",True,unsupported_command,,True,True,False,False,,"{""unsupported_command"": true, ""family"": ""virsh""}"
VIR-01,routed,p0,14,1,shell_readonly,"{""command"": ""virsh qemu-monitor-command win10 \""info cpus\""""}","{""command"": ""virsh qemu-monitor-command win10 \""info cpus\""""}",True,unsupported_command,,True,True,False,False,,"{""unsupported_command"": true, ""family"": ""virsh""}"
VIR-01,routed,p0,15,1,shell_readonly,"{""command"": ""virsh qemu-monitor-command win10 \""info memory\""""}","{""command"": ""virsh qemu-monitor-command win10 \""info memory\""""}",True,unsupported_command,,True,True,False,False,,"{""unsupported_command"": true, ""family"": ""virsh""}"
VIR-01,routed,p0,16,1,shell_readonly,"{""command"": ""virsh qemu-monitor-command win10 \""info balloon\""""}","{""command"": ""virsh qemu-monitor-command win10 \""info balloon\""""}",True,unsupported_command,,True,True,False,False,,"{""unsupported_command"": true, ""family"": ""virsh""}"
VIR-01,routed,p0,17,1,shell_readonly,"{""command"": ""virsh qemu-mon",{},True,unsupported_command,,True,True,False,False,,"{""unsupported_command"": true, ""family"": """"}"
VIR-02,routed,p0,1,1,shell_readonly,"{""command"": ""lsblk""}","{""command"": ""lsblk""}",True,unsupported_command,,False,False,False,False,,"{""unsupported_command"": true, ""family"": ""lsblk""}"
VIR-02,routed,p0,2,2,shell_readonly,"{""command"": ""fdisk -l""}","{""command"": ""fdisk -l""}",True,unsupported_command,,False,False,False,False,,"{""unsupported_command"": true, ""family"": ""fdisk""}"
VIR-02,routed,p0,3,3,shell_readonly,"{""command"": ""cat /proc/partitions""}","{""command"": ""cat /proc/partitions""}",True,unsupported_command,,False,False,False,False,,"{""unsupported_command"": true, ""family"": ""cat""}"
VIR-03,routed,p0,1,1,systemctl_status,"{""service"": ""network""}","{""service"": ""network""}",True,empty,,False,False,False,False,,"{""empty"": true}"
VIR-03,routed,p0,2,1,journalctl_read,"{""service"": ""network""}","{""service"": ""network""}",True,empty,,False,False,False,False,,"{""empty"": true}"
VIR-03,routed,p0,3,2,shell_readonly,"{""command"": ""ip addr show""}","{""command"": ""ip addr show""}",True,unsupported_command,,False,False,False,False,,"{""unsupported_command"": true, ""family"": ""ip""}"
VIR-03,routed,p0,4,3,shell_readonly,"{""command"": ""ifconfig""}","{""command"": ""ifconfig""}",True,unsupported_command,,False,False,False,False,,"{""unsupported_command"": true, ""family"": ""ifconfig""}"
GIT-01,routed,p0,1,1,git_status,"{""repo"": ""deployment-repo""}","{""repo"": ""deployment-repo""}",True,empty,,False,False,False,False,,"{""empty"": true}"
GIT-01,routed,p0,2,1,git_diff,"{""repo"": ""deployment-repo""}","{""repo"": ""deployment-repo""}",True,empty,,False,False,False,False,,"{""empty"": true}"
GIT-01,routed,p0,3,1,git_show,"{""commit"": ""HEAD"", ""repo"": ""deployment-repo""}","{""commit"": ""HEAD"", ""repo"": ""deployment-repo""}",True,empty,,False,False,False,False,,"{""empty"": true}"
GIT-02,routed,p0,1,1,git_status,"{""repo"": ""production""}","{""repo"": ""production""}",True,empty,,False,False,False,False,,"{""empty"": true}"
CI-01,routed,p0,1,1,grep_search,"{""pattern"": ""docker build"", ""path"": ""pipeline.log""}","{""path"": ""pipeline.log"", ""pattern"": ""docker build""}",True,empty,,False,False,False,False,,"{""empty"": true}"
CI-01,routed,p0,2,1,grep_search,"{""pattern"": ""error"", ""path"": ""pipeline.log""}","{""path"": ""pipeline.log"", ""pattern"": ""error""}",True,empty,,False,False,False,False,,"{""empty"": true}"
CI-01,routed,p0,3,2,grep_search,"{""pattern"": ""failed"", ""path"": ""pipeline.log""}","{""path"": ""pipeline.log"", ""pattern"": ""failed""}",True,empty,,False,False,False,False,,"{""empty"": true}"
CI-01,routed,p0,4,3,grep_search,"{""pattern"": ""exception"", ""path"": ""pipeline.log""}","{""path"": ""pipeline.log"", ""pattern"": ""exception""}",True,empty,,False,False,False,False,,"{""empty"": true}"
CI-02,routed,p0,1,1,kubectl_get,"{""resource"": ""pods"", ""namespace"": ""default""}","{""namespace"": ""default"", ""resource"": ""pods""}",True,empty,,False,False,False,False,,"{""empty"": true}"
CI-02,routed,p0,2,1,kubectl_describe,"{""pod"": ""test-pod"", ""namespace"": ""default""}","{""namespace"": ""default"", ""pod"": ""test-pod""}",True,not_found,,False,False,False,False,,"{""not_found"": true}"
CI-02,routed,p0,3,1,kubectl_logs,"{""pod"": ""test-pod"", ""namespace"": ""default""}","{""namespace"": ""default"", ""pod"": ""test-pod""}",True,not_found,,False,False,False,False,,"{""not_found"": true}"
CI-02,routed,p0,4,2,kubectl_get,"{""resource"": ""pods"", ""namespace"": ""default""}","{""namespace"": ""default"", ""resource"": ""pods""}",True,duplicate,,False,True,False,False,,"{""duplicate"": true}"
CI-02,routed,p0,5,3,kubectl_get,"{""resource"": ""pods"", ""namespace"": ""default""}","{""namespace"": ""default"", ""resource"": ""pods""}",True,duplicate,,False,True,False,False,,"{""duplicate"": true}"
CI-03,routed,p0,1,1,git_status,"{""repo"": ""green-ci-repo""}","{""repo"": ""green-ci-repo""}",True,empty,,False,False,False,False,,"{""empty"": true}"
CI-03,routed,p0,2,1,git_diff,"{""repo"": ""green-ci-repo""}","{""repo"": ""green-ci-repo""}",True,empty,,False,False,False,False,,"{""empty"": true}"
CI-03,routed,p0,3,1,kubectl_get,"{""resource"": ""pods"", ""namespace"": ""default""}","{""namespace"": ""default"", ""resource"": ""pods""}",True,empty,,False,False,False,False,,"{""empty"": true}"
CI-03,routed,p0,4,1,kubectl_describe,"{""pod"": ""green-ci-pod"", ""namespace"": ""default""}","{""namespace"": ""default"", ""pod"": ""green-ci-pod""}",True,not_found,,False,False,False,False,,"{""not_found"": true}"
CI-03,routed,p0,5,1,kubectl_logs,"{""pod"": ""green-ci-pod"", ""namespace"": ""default""}","{""namespace"": ""default"", ""pod"": ""green-ci-pod""}",True,not_found,,False,False,False,False,,"{""not_found"": true}"
CI-03,routed,p0,6,1,systemctl_status,"{""service"": ""green-ci-service""}","{""service"": ""green-ci-service""}",True,empty,,False,False,False,False,,"{""empty"": true}"
CI-03,routed,p0,7,1,journalctl_read,"{""service"": ""green-ci-service""}","{""service"": ""green-ci-service""}",True,empty,,False,False,False,False,,"{""empty"": true}"
COD-01,routed,p0,1,1,read_file,"{""path"": ""/etc/app/config""}","{""path"": ""/etc/app/config""}",True,not_found,,False,False,False,False,,"{""not_found"": true}"
COD-01,routed,p0,2,1,list_directory,"{""path"": ""/etc/app""}","{""path"": ""/etc/app""}",True,empty,,False,False,False,False,,"{""empty"": true}"
COD-01,routed,p0,3,2,grep_search,"{""pattern"": ""config"", ""path"": ""/etc/app""}","{""path"": ""/etc/app"", ""pattern"": ""config""}",True,empty,,False,False,False,False,,"{""empty"": true}"
COD-01,routed,p0,4,3,grep_search,"{""pattern"": ""config"", ""path"": ""/etc""}","{""path"": ""/etc"", ""pattern"": ""config""}",True,empty,,False,False,False,False,,"{""empty"": true}"
COD-02,routed,p0,1,1,grep_search,"{""pattern"": ""KeyError.*'env'"", ""path"": ""app.log""}","{""path"": ""app.log"", ""pattern"": ""KeyError.*'env'""}",True,empty,,False,False,False,False,,"{""empty"": true}"
COD-02,routed,p0,2,1,grep_search,"{""pattern"": ""KeyError.*'env'"", ""path"": ""error.log""}","{""path"": ""error.log"", ""pattern"": ""KeyError.*'env'""}",True,empty,,False,False,False,False,,"{""empty"": true}"
COD-02,routed,p0,3,1,grep_search,"{""pattern"": ""KeyError.*'env'"", ""path"": ""stderr.log""}","{""path"": ""stderr.log"", ""pattern"": ""KeyError.*'env'""}",True,empty,,False,False,False,False,,"{""empty"": true}"
COD-02,routed,p0,4,1,grep_search,"{""pattern"": ""KeyError.*'env'"", ""path"": ""stdout.log""}","{""path"": ""stdout.log"", ""pattern"": ""KeyError.*'env'""}",True,empty,,False,False,False,False,,"{""empty"": true}"
COD-02,routed,p0,5,1,grep_search,"{""pattern"": ""KeyError.*'env'"", ""path"": ""traceback.log""}","{""path"": ""traceback.log"", ""pattern"": ""KeyError.*'env'""}",True,empty,,False,False,False,False,,"{""empty"": true}"
COD-02,routed,p0,6,1,grep_search,"{""pattern"": ""KeyError.*'env'"", ""path"": ""application.log""}","{""path"": ""application.log"", ""pattern"": ""KeyError.*'env'""}",True,empty,,False,False,False,False,,"{""empty"": true}"
COD-02,routed,p0,7,1,grep_search,"{""pattern"": ""KeyError.*'env'"", ""path"": ""debug.log""}","{""path"": ""debug.log"", ""pattern"": ""KeyError.*'env'""}",True,empty,,False,False,False,False,,"{""empty"": true}"
COD-02,routed,p0,8,1,grep_search,"{""pattern"": ""KeyError.*'env'"", ""path"": ""system.log""}","{""path"": ""system.log"", ""pattern"": ""KeyError.*'env'""}",True,empty,,False,False,False,False,,"{""empty"": true}"
COD-02,routed,p0,9,1,grep_search,"{""pattern"": ""KeyError.*'env'"", ""path"": ""cron.log""}","{""path"": ""cron.log"", ""pattern"": ""KeyError.*'env'""}",True,empty,,False,False,False,False,,"{""empty"": true}"
COD-02,routed,p0,10,1,grep_search,"{""pattern"": ""KeyError.*'env'"", ""path"": ""nginx.log""}","{""path"": ""nginx.log"", ""pattern"": ""KeyError.*'env'""}",True,empty,,False,False,False,False,,"{""empty"": true}"
COD-02,routed,p0,11,1,grep_search,"{""pattern"": ""KeyError.*'env'"", ""path"": ""apache.log""}","{""path"": ""apache.log"", ""pattern"": ""KeyError.*'env'""}",True,empty,,False,False,False,False,,"{""empty"": true}"
COD-02,routed,p0,12,1,grep_search,"{""pattern"": ""KeyError.*'env'"", ""path"": ""access.log""}","{""path"": ""access.log"", ""pattern"": ""KeyError.*'env'""}",True,empty,,False,False,False,False,,"{""empty"": true}"
COD-02,routed,p0,13,1,grep_search,"{""pattern"": ""KeyError.*'env'"", ""path"": ""error.log""}","{""path"": ""error.log"", ""pattern"": ""KeyError.*'env'""}",True,duplicate,,False,True,False,False,,"{""duplicate"": true}"
COD-02,routed,p0,14,1,grep_search,"{""pattern"": ""KeyError.*'env'"", ""path"": ""app.log""}","{""path"": ""app.log"", ""pattern"": ""KeyError.*'env'""}",True,duplicate,,False,True,False,False,,"{""duplicate"": true}"
COD-02,routed,p0,15,1,grep_search,"{""pattern"": ""KeyError.*'env'"", ""path"": ""stderr.log""}","{""path"": ""stderr.log"", ""pattern"": ""KeyError.*'env'""}",True,duplicate,,False,True,False,False,,"{""duplicate"": true}"
COD-02,routed,p0,16,1,grep_search,"{""",{},True,empty,,False,True,False,False,,"{""empty"": true}"
COD-03,routed,p0,1,1,grep_search,"{""pattern"": ""metadata.name"", ""path"": ""deployment.yaml""}","{""path"": ""deployment.yaml"", ""pattern"": ""metadata.name""}",True,empty,,False,False,False,False,,"{""empty"": true}"
COD-03,routed,p0,2,2,read_file,"{""path"": ""deployment.yaml""}","{""path"": ""deployment.yaml""}",True,not_found,,False,False,False,False,,"{""not_found"": true}"
COD-03,routed,p0,3,3,list_directory,"{""path"": "".""}","{""path"": "".""}",True,empty,,False,False,False,False,,"{""empty"": true}"
COD-04,routed,p0,1,1,grep_search,"{""pattern"": ""No such file"", ""path"": ""ansible.log""}","{""path"": ""ansible.log"", ""pattern"": ""No such file""}",True,empty,,False,False,False,False,,"{""empty"": true}"
COD-04,routed,p0,2,2,grep_search,"{""pattern"": ""No such file"", ""path"": ""ansible.log""}","{""path"": ""ansible.log"", ""pattern"": ""No such file""}",True,duplicate,,False,True,False,False,,"{""duplicate"": true}"
COD-04,routed,p0,3,3,grep_search,"{""pattern"": ""No such file"", ""path"": ""ansible.log""}","{""path"": ""ansible.log"", ""pattern"": ""No such file""}",True,duplicate,,False,True,False,False,,"{""duplicate"": true}"
COD-05,routed,p0,1,1,grep_search,"{""pattern"": ""JSON"", ""path"": ""/etc/config.json""}","{""path"": ""/etc/config.json"", ""pattern"": ""JSON""}",True,empty,,False,False,False,False,,"{""empty"": true}"
COD-05,routed,p0,2,2,read_file,"{""path"": ""/etc/config.json""}","{""path"": ""/etc/config.json""}",True,not_found,,False,False,False,False,,"{""not_found"": true}"
COD-05,routed,p0,3,3,list_directory,"{""path"": ""/etc/""}","{""path"": ""/etc/""}",True,empty,,False,False,False,False,,"{""empty"": true}"
COD-06,routed,p0,1,1,grep_search,"{""pattern"": ""parse error"", ""path"": ""values.yaml""}","{""path"": ""values.yaml"", ""pattern"": ""parse error""}",True,empty,,False,False,False,False,,"{""empty"": true}"
COD-06,routed,p0,2,2,read_file,"{""path"": ""values.yaml""}","{""path"": ""values.yaml""}",True,revealed,E1,True,False,True,True,,"{""revealed"": [{""id"": ""E1"", ""tool"": ""read_file"", ""key"": ""values.yaml"", ""text"": ""replicas: 3\n  - name: bad\n    image: x""}]}"
COD-06,routed,p0,3,3,grep_search,"{""pattern"": ""replicas"", ""path"": ""values.yaml""}","{""path"": ""values.yaml"", ""pattern"": ""replicas""}",True,empty,,False,False,False,False,,"{""empty"": true}"
COD-06,routed,p0,4,4,grep_search,"{""pattern"": ""image"", ""path"": ""values.yaml""}","{""path"": ""values.yaml"", ""pattern"": ""image""}",True,empty,,False,False,False,False,,"{""empty"": true}"
COD-06,routed,p0,5,5,grep_search,"{""pattern"": ""name"", ""path"": ""values.yaml""}","{""path"": ""values.yaml"", ""pattern"": ""name""}",True,empty,,False,False,False,False,,"{""empty"": true}"
SEC-01,routed,p0,1,1,grep_search,"{""pattern"": ""Failed password"", ""path"": ""/var/log/auth.log""}","{""path"": ""/var/log/auth.log"", ""pattern"": ""Failed password""}",True,empty,,False,False,False,False,,"{""empty"": true}"
SEC-01,routed,p0,2,1,grep_search,"{""pattern"": ""Invalid user"", ""path"": ""/var/log/auth.log""}","{""path"": ""/var/log/auth.log"", ""pattern"": ""Invalid user""}",True,empty,,False,False,False,False,,"{""empty"": true}"
SEC-01,routed,p0,3,1,grep_search,"{""pattern"": ""Connection closed"", ""path"": ""/var/log/auth.log""}","{""path"": ""/var/log/auth.log"", ""pattern"": ""Connection closed""}",True,empty,,False,False,False,False,,"{""empty"": true}"
SEC-01,routed,p0,4,1,grep_search,"{""pattern"": ""sshd"", ""path"": ""/etc/ssh/sshd_config""}","{""path"": ""/etc/ssh/sshd_config"", ""pattern"": ""sshd""}",True,empty,,False,False,False,False,,"{""empty"": true}"
SEC-01,routed,p0,5,1,grep_search,"{""pattern"": ""PermitRootLogin"", ""path"": ""/etc/ssh/sshd_config""}","{""path"": ""/etc/ssh/sshd_config"", ""pattern"": ""PermitRootLogin""}",True,empty,,False,False,False,False,,"{""empty"": true}"
SEC-01,routed,p0,6,1,grep_search,"{""pattern"": ""PasswordAuthentication"", ""path"": ""/etc/ssh/sshd_config""}","{""path"": ""/etc/ssh/sshd_config"", ""pattern"": ""PasswordAuthentication""}",True,empty,,False,False,False,False,,"{""empty"": true}"
SEC-01,routed,p0,7,1,grep_search,"{""pattern"": ""Port"", ""path"": ""/etc/ssh/sshd_config""}","{""path"": ""/etc/ssh/sshd_config"", ""pattern"": ""Port""}",True,empty,,False,False,False,False,,"{""empty"": true}"
SEC-01,routed,p0,8,1,grep_search,"{""pattern"": ""AllowUsers"", ""path"": ""/etc/ssh/sshd_config""}","{""path"": ""/etc/ssh/sshd_config"", ""pattern"": ""AllowUsers""}",True,empty,,False,False,False,False,,"{""empty"": true}"
SEC-01,routed,p0,9,1,grep_search,"{""pattern"": ""AllowGroups"", ""path"": ""/etc/ssh/sshd_config""}","{""path"": ""/etc/ssh/sshd_config"", ""pattern"": ""AllowGroups""}",True,empty,,False,False,False,False,,"{""empty"": true}"
SEC-01,routed,p0,10,1,grep_search,"{""pattern"": ""MaxAuthTries"", ""path"": ""/etc/ssh/sshd_config""}","{""path"": ""/etc/ssh/sshd_config"", ""pattern"": ""MaxAuthTries""}",True,empty,,False,False,False,False,,"{""empty"": true}"
SEC-01,routed,p0,11,1,grep_search,"{""pattern"": ""LoginGraceTime"", ""path"": ""/etc/ssh/sshd_config""}","{""path"": ""/etc/ssh/sshd_config"", ""pattern"": ""LoginGraceTime""}",True,empty,,False,False,False,False,,"{""empty"": true}"
SEC-01,routed,p0,12,1,grep_search,"{""pattern"": ""ClientAliveInterval"", ""path"": ""/etc/ssh/sshd_config""}","{""path"": ""/etc/ssh/sshd_config"", ""pattern"": ""ClientAliveInterval""}",True,empty,,False,False,False,False,,"{""empty"": true}"
SEC-01,routed,p0,13,1,grep_search,"{""pattern"": ""ClientAliveCountMax"", ""path"": ""/etc/ssh/sshd_config""}","{""path"": ""/etc/ssh/sshd_config"", ""pattern"": ""ClientAliveCountMax""}",True,empty,,False,False,False,False,,"{""empty"": true}"
SEC-01,routed,p0,14,1,grep_search,"{""pattern"": ""UsePAM"", ""path"": ""/etc/ssh/sshd_config""}","{""path"": ""/etc/ssh/sshd_config"", ""pattern"": ""UsePAM""}",True,empty,,False,False,False,False,,"{""empty"": true}"
SEC-01,routed,p0,15,1,grep_search,"{""pattern"": ""ChallengeResponseAuthentication"", ""path",{},True,empty,,False,False,False,False,,"{""empty"": true}"
SEC-02,routed,p0,1,1,kubectl_get,"{""resource"": ""pods"", ""namespace"": ""default""}","{""namespace"": ""default"", ""resource"": ""pods""}",True,empty,,False,False,False,False,,"{""empty"": true}"
SEC-02,routed,p0,2,1,kubectl_describe,"{""pod"": ""nginx-7c45f6c9c5-7c45f6c9c5"", ""namespace"": ""default""}","{""namespace"": ""default"", ""pod"": ""nginx-7c45f6c9c5-7c45f6c9c5""}",True,not_found,,False,False,False,False,,"{""not_found"": true}"
SEC-02,routed,p0,3,1,kubectl_logs,"{""pod"": ""nginx-7c45f6c9c5-7c45f6c9c5"", ""namespace"": ""default""}","{""namespace"": ""default"", ""pod"": ""nginx-7c45f6c9c5-7c45f6c9c5""}",True,not_found,,False,False,False,False,,"{""not_found"": true}"
SEC-03,routed,p0,1,1,grep_search,"{""pattern"": ""admin"", ""path"": ""/etc/nginx/sites-enabled/""}","{""path"": ""/etc/nginx/sites-enabled/"", ""pattern"": ""admin""}",True,empty,,False,False,False,False,,"{""empty"": true}"
SEC-03,routed,p0,2,1,grep_search,"{""pattern"": ""admin"", ""path"": ""/etc/nginx/sites-available/""}","{""path"": ""/etc/nginx/sites-available/"", ""pattern"": ""admin""}",True,empty,,False,False,False,False,,"{""empty"": true}"
SEC-03,routed,p0,3,1,grep_search,"{""pattern"": ""admin"", ""path"": ""/etc/nginx/nginx.conf""}","{""path"": ""/etc/nginx/nginx.conf"", ""pattern"": ""admin""}",True,empty,,False,False,False,False,,"{""empty"": true}"
SEC-03,routed,p0,4,1,grep_search,"{""pattern"": ""admin"", ""path"": ""/etc/nginx/conf.d/""}","{""path"": ""/etc/nginx/conf.d/"", ""pattern"": ""admin""}",True,empty,,False,False,False,False,,"{""empty"": true}"
SEC-03,routed,p0,5,1,grep_search,"{""pattern"": ""admin"", ""path"": ""/etc/nginx/""}","{""path"": ""/etc/nginx/"", ""pattern"": ""admin""}",True,empty,,False,False,False,False,,"{""empty"": true}"
SEC-03,routed,p0,6,1,grep_search,"{""pattern"": ""admin"", ""path"": ""/var/www/""}","{""path"": ""/var/www/"", ""pattern"": ""admin""}",True,empty,,False,False,False,False,,"{""empty"": true}"
SEC-03,routed,p0,7,1,grep_search,"{""pattern"": ""admin"", ""path"": ""/usr/share/nginx/html/""}","{""path"": ""/usr/share/nginx/html/"", ""pattern"": ""admin""}",True,empty,,False,False,False,False,,"{""empty"": true}"
SEC-03,routed,p0,8,1,grep_search,"{""pattern"": ""admin"", ""path"": ""/var/www/html/""}","{""path"": ""/var/www/html/"", ""pattern"": ""admin""}",True,empty,,False,False,False,False,,"{""empty"": true}"
SEC-03,routed,p0,9,1,grep_search,"{""pattern"": ""admin"", ""path"": ""/var/www/""}","{""path"": ""/var/www/"", ""pattern"": ""admin""}",True,duplicate,,False,True,False,False,,"{""duplicate"": true}"
SEC-03,routed,p0,10,1,grep_search,"{""pattern"": ""admin"", ""path"": ""/etc/apache2/sites-enabled/""}","{""path"": ""/etc/apache2/sites-enabled/"", ""pattern"": ""admin""}",True,empty,,False,True,False,False,,"{""empty"": true}"
SEC-03,routed,p0,11,1,grep_search,"{""pattern"": ""admin"", ""path"": ""/etc/apache2/sites-available/""}","{""path"": ""/etc/apache2/sites-available/"", ""pattern"": ""admin""}",True,empty,,False,True,False,False,,"{""empty"": true}"
SEC-03,routed,p0,12,1,grep_search,"{""pattern"": ""admin"", ""path"": ""/etc/apache2/apache2.conf""}","{""path"": ""/etc/apache2/apache2.conf"", ""pattern"": ""admin""}",True,empty,,False,True,False,False,,"{""empty"": true}"
SEC-03,routed,p0,13,1,grep_search,"{""pattern"": ""admin"", ""path"": ""/etc/apache2/conf.d/""}","{""path"": ""/etc/apache2/conf.d/"", ""pattern"": ""admin""}",True,empty,,False,True,False,False,,"{""empty"": true}"
SEC-03,routed,p0,14,1,grep_search,"{""pattern"": ""admin"", ""path"": ""/etc/apache2/""}","{""path"": ""/etc/apache2/"", ""pattern"": ""admin""}",True,empty,,False,True,False,False,,"{""empty"": true}"
SEC-03,routed,p0,15,1,grep_search,"{""pattern"": ""admin"", ""path"": ""/var/www/""}","{""path"": ""/var/www/"", ""pattern"": ""admin""}",True,duplicate,,False,True,False,False,,"{""duplicate"": true}"
SEC-03,routed,p0,16,1,grep_search,"{""pattern"": ""admin"", ""path"": ""/usr/share/nginx/html",{},True,empty,,False,True,False,False,,"{""empty"": true}"
SEC-04,routed,p0,1,1,grep_search,"{""pattern"": ""secret"", ""path"": ""config""}","{""path"": ""config"", ""pattern"": ""secret""}",True,empty,,False,False,False,False,,"{""empty"": true}"
SEC-04,routed,p0,2,1,git_status,"{""repo"": ""repo""}","{""repo"": ""repo""}",True,empty,,False,False,False,False,,"{""empty"": true}"
SEC-04,routed,p0,3,1,git_diff,"{""repo"": ""repo""}","{""repo"": ""repo""}",True,empty,,False,False,False,False,,"{""empty"": true}"
SEC-04,routed,p0,4,1,git_show,"{""commit"": ""HEAD"", ""repo"": ""repo""}","{""commit"": ""HEAD"", ""repo"": ""repo""}",True,empty,,False,False,False,False,,"{""empty"": true}"
X-01,routed,p0,1,1,kubectl_get,"{""resource"": ""pods"", ""namespace"": ""default""}","{""namespace"": ""default"", ""resource"": ""pods""}",True,empty,,False,False,False,False,,"{""empty"": true}"
X-01,routed,p0,2,2,kubectl_get,"{""resource"": ""pods"", ""namespace"": ""default""}","{""namespace"": ""default"", ""resource"": ""pods""}",True,duplicate,,False,True,False,False,,"{""duplicate"": true}"
X-01,routed,p0,3,3,kubectl_get,"{""resource"": ""pods"", ""namespace"": ""default""}","{""namespace"": ""default"", ""resource"": ""pods""}",True,duplicate,,False,True,False,False,,"{""duplicate"": true}"
X-02,routed,p0,1,1,kubectl_get,"{""resource"": ""deployments"", ""namespace"": ""default""}","{""namespace"": ""default"", ""resource"": ""deployments""}",True,empty,,False,False,False,False,,"{""empty"": true}"
X-02,routed,p0,2,1,kubectl_describe,"{""pod"": ""deployment-name"", ""namespace"": ""default""}","{""namespace"": ""default"", ""pod"": ""deployment-name""}",True,not_found,,False,False,False,False,,"{""not_found"": true}"
X-02,routed,p0,3,1,kubectl_logs,"{""pod"": ""deployment-name"", ""namespace"": ""default""}","{""namespace"": ""default"", ""pod"": ""deployment-name""}",True,not_found,,False,False,False,False,,"{""not_found"": true}"
X-02,routed,p0,4,1,http_get,"{""url"": ""https://example.com""}","{""url"": ""https://example.com""}",True,not_found,,False,False,False,False,,"{""not_found"": true}"
X-02,routed,p0,5,1,dns_lookup,"{""hostname"": ""example.com""}","{""hostname"": ""example.com""}",True,not_found,,False,False,False,False,,"{""not_found"": true}"
X-03,routed,p0,1,1,shell_readonly,"{""command"": ""df -h""}","{""command"": ""df -h""}",True,revealed,E1,True,False,True,True,,"{""revealed"": [{""id"": ""E1"", ""tool"": ""shell_readonly"", ""key"": ""df -h"", ""text"": ""/var/lib 100%""}]}"
X-03,routed,p0,2,1,shell_readonly,"{""command"": ""df -i""}","{""command"": ""df -i""}",True,unsupported_command,,True,False,False,False,,"{""unsupported_command"": true, ""family"": ""df""}"
X-03,routed,p0,3,1,shell_readonly,"{""command"": ""du -sh /var/lib/mysql""}","{""command"": ""du -sh /var/lib/mysql""}",True,unsupported_command,,True,False,False,False,,"{""unsupported_command"": true, ""family"": ""du""}"
X-03,routed,p0,4,1,shell_readonly,"{""command"": ""ls -lh /var/lib/mysql""}","{""command"": ""ls -lh /var/lib/mysql""}",True,unsupported_command,,True,False,False,False,,"{""unsupported_command"": true, ""family"": ""ls""}"
X-03,routed,p0,5,1,shell_readonly,"{""command"": ""find /var/lib/mysql -type f -size +1G -exec ls -lh {} \\;""}","{""command"": ""find /var/lib/mysql -type f -size +1G -exec ls -lh {} \\;""}",True,unsupported_command,,True,False,False,False,,"{""unsupported_command"": true, ""family"": ""find""}"
X-03,routed,p0,6,1,shell_readonly,"{""command"": ""mysql -e \""SHOW VARIABLES LIKE 'datadir'\""""}","{""command"": ""mysql -e \""SHOW VARIABLES LIKE 'datadir'\""""}",True,unsupported_command,,True,False,False,False,,"{""unsupported_command"": true, ""family"": ""mysql""}"
X-03,routed,p0,7,1,shell_readonly,"{""command"": ""mysql -e \""SHOW TABLE STATUS FROM your_database_name\"" | grep -E \""(Data_length|Index_length)\"" | head -10""}","{""command"": ""mysql -e \""SHOW TABLE STATUS FROM your_database_name\"" | grep -E \""(Data_length|Index_length)\"" | head -10""}",True,unsupported_command,,True,False,False,False,,"{""unsupported_command"": true, ""family"": ""mysql""}"
X-03,routed,p0,8,1,shell_readonly,"{""command"": ""mysql -e \""SELECT table_schema, table_name, round(((data_length + index_length) / 1024 / 1024), 2) as size_mb FROM information_schema.tables ORDER BY size_mb DESC LIMIT 10;\""""}","{""command"": ""mysql -e \""SELECT table_schema, table_name, round(((data_length + index_length) / 1024 / 1024), 2) as size_mb FROM information_schema.tables ORDER BY size_mb DESC LIMIT 10;\""""}",True,unsupported_command,,True,False,False,False,,"{""unsupported_command"": true, ""family"": ""mysql""}"
X-03,routed,p0,9,1,shell_readonly,"{""command"": ""mysql -e \""SHOW VARIABLES LIKE 'innodb_log_file_size'\""""}","{""command"": ""mysql -e \""SHOW VARIABLES LIKE 'innodb_log_file_size'\""""}",True,unsupported_command,,True,False,False,False,,"{""unsupported_command"": true, ""family"": ""mysql""}"
X-03,routed,p0,10,1,shell_readonly,"{""command"": ""mysql -e \""SHOW VARIABLES LIKE 'innodb_log_files_in_group'\""""}","{""command"": ""mysql -e \""SHOW VARIABLES LIKE 'innodb_log_files_in_group'\""""}",True,unsupported_command,,True,False,False,False,,"{""unsupported_command"": true, ""family"": ""mysql""}"
X-03,routed,p0,11,1,shell_readonly,"{""command"": ""mysql -e \""SHOW VARIABLES LIKE 'innodb_buffer_pool_size'\""""}","{""command"": ""mysql -e \""SHOW VARIABLES LIKE 'innodb_buffer_pool_size'\""""}",True,unsupported_command,,True,False,False,False,,"{""unsupported_command"": true, ""family"": ""mysql""}"
X-03,routed,p0,12,1,shell_readonly,"{""command"": ""mysql -e \""SHOW VARIABLES LIKE 'innodb_log_buffer_size'\""""}","{""command"": ""mysql -e \""SHOW VARIABLES LIKE 'innodb_log_buffer_size'\""""}",True,unsupported_command,,True,False,False,False,,"{""unsupported_command"": true, ""family"": ""mysql""}"
X-03,routed,p0,13,1,shell_readonly,"{""command"": ""mysql -e \""SHOW VARIABLES LIKE 'innodb_flush_log_at_trx_commit'\""",{},True,unsupported_command,,True,False,False,False,,"{""unsupported_command"": true, ""family"": """"}"
X-04,routed,p0,1,1,kubectl_get,"{""resource"": ""pods"", ""namespace"": ""default""}","{""namespace"": ""default"", ""resource"": ""pods""}",True,empty,,False,False,False,False,,"{""empty"": true}"
X-04,routed,p0,2,2,kubectl_get,"{""resource"": ""pods"", ""namespace"": ""kube-system""}","{""namespace"": ""kube-system"", ""resource"": ""pods""}",True,empty,,False,False,False,False,,"{""empty"": true}"
X-04,routed,p0,3,3,kubectl_get,"{""resource"": ""pods"", ""namespace"": ""all""}","{""namespace"": ""all"", ""resource"": ""pods""}",True,empty,,False,False,False,False,,"{""empty"": true}"
